solid csg.js
facet normal 0 0 -1
outer loop
vertex 110.14318814683895 -67.2875161813852 0
vertex 110.38189621466603 -67.32784847179211 0
vertex 110.61398239999998 -67.39672689999999 0
endloop
endfacet
facet normal 0 0 -1
outer loop
vertex 110.14318814683895 -67.2875161813852 0
vertex 110.61398239999998 -67.39672689999999 0
vertex 131.29815379999977 -74.9251528999999 0
endloop
endfacet
facet normal 0 0 -1
outer loop
vertex 110.14318814683895 -67.2875161813852 0
vertex 131.29815379999977 -74.9251528999999 0
vertex 131.5202160525612 -75.0215694591636 0
endloop
endfacet
facet normal 0 0 -1
outer loop
vertex 110.14318814683895 -67.2875161813852 0
vertex 131.5202160525612 -75.0215694591636 0
vertex 131.7290036805141 -75.14411188756073 0
endloop
endfacet
facet normal 0 0 -1
outer loop
vertex 110.14318814683895 -67.2875161813852 0
vertex 131.7290036805141 -75.14411188756073 0
vertex 131.9214555794952 -75.2909832153354 0
endloop
endfacet
facet normal 0 0 -1
outer loop
vertex 110.14318814683895 -67.2875161813852 0
vertex 131.9214555794952 -75.2909832153354 0
vertex 132.09475190000006 -75.46003145000005 0
endloop
endfacet
facet normal 0 0 -1
outer loop
vertex 110.14318814683895 -67.2875161813852 0
vertex 132.09475190000006 -75.46003145000005 0
vertex 146.04312570000027 -90.8205891000003 0
endloop
endfacet
facet normal 0 0 -1
outer loop
vertex 110.14318814683895 -67.2875161813852 0
vertex 146.04312570000027 -90.8205891000003 0
vertex 61.12373952973534 -90.8205891000003 0
endloop
endfacet
facet normal 0 0 -1
outer loop
vertex 110.14318814683895 -67.2875161813852 0
vertex 61.12373952973534 -90.8205891000003 0
vertex 65.55929239999999 -78.63401264999963 0
endloop
endfacet
facet normal 0 0 -1
outer loop
vertex 110.14318814683895 -67.2875161813852 0
vertex 65.55929239999999 -78.63401264999963 0
vertex 65.68302055521063 -78.36011277712788 0
endloop
endfacet
facet normal 0 0 -1
outer loop
vertex 110.14318814683895 -67.2875161813852 0
vertex 65.68302055521063 -78.36011277712788 0
vertex 65.8463926763395 -78.10784162412678 0
endloop
endfacet
facet normal 0 0 -1
outer loop
vertex 110.14318814683895 -67.2875161813852 0
vertex 65.8463926763395 -78.10784162412678 0
vertex 66.04572316407848 -77.88290042901953 0
endloop
endfacet
facet normal 0 0 -1
outer loop
vertex 110.14318814683895 -67.2875161813852 0
vertex 66.04572316407848 -77.88290042901953 0
vertex 66.27651057865683 -77.6903689929606 0
endloop
endfacet
facet normal 0 0 -1
outer loop
vertex 110.14318814683895 -67.2875161813852 0
vertex 66.27651057865683 -77.6903689929606 0
vertex 66.53354309493685 -77.5345952141232 0
endloop
endfacet
facet normal 0 0 -1
outer loop
vertex 110.14318814683895 -67.2875161813852 0
vertex 66.53354309493685 -77.5345952141232 0
vertex 66.81101620000014 -77.41909529999998 0
endloop
endfacet
facet normal 0 0 -1
outer loop
vertex 110.14318814683895 -67.2875161813852 0
vertex 66.81101620000014 -77.41909529999998 0
vertex 88.70022289999983 -70.18410200000004 0
endloop
endfacet
facet normal 0 0 -1
outer loop
vertex 110.14318814683895 -67.2875161813852 0
vertex 88.70022289999983 -70.18410200000004 0
vertex 88.8771490403036 -70.13451245815753 0
endloop
endfacet
facet normal 0 0 -1
outer loop
vertex 110.14318814683895 -67.2875161813852 0
vertex 88.8771490403036 -70.13451245815753 0
vertex 89.0578814499997 -70.10136600000004 0
endloop
endfacet
facet normal 0 0 -1
outer loop
vertex 110.14318814683895 -67.2875161813852 0
vertex 89.0578814499997 -70.10136600000004 0
vertex 109.65994480000022 -67.29442379999998 0
endloop
endfacet
facet normal 0 0 -1
outer loop
vertex 110.14318814683895 -67.2875161813852 0
vertex 109.65994480000022 -67.29442379999998 0
vertex 109.90135576117018 -67.27632097987077 0
endloop
endfacet
facet normal 0 0 -1
outer loop
vertex 223.54176264999987 -67.29441509999998 0
vertex 244.1438229999998 -70.10136899999998 0
vertex 244.32455390969662 -70.13451095815759 0
endloop
endfacet
facet normal 0 0 -1
outer loop
vertex 223.54176264999987 -67.29441509999998 0
vertex 244.32455390969662 -70.13451095815759 0
vertex 244.50148150000018 -70.18410450000005 0
endloop
endfacet
facet normal 0 0 -1
outer loop
vertex 223.54176264999987 -67.29441509999998 0
vertex 244.50148150000018 -70.18410450000005 0
vertex 266.39068889999993 -77.41909529999998 0
endloop
endfacet
facet normal 0 0 -1
outer loop
vertex 223.54176264999987 -67.29441509999998 0
vertex 266.39068889999993 -77.41909529999998 0
vertex 266.66816130805563 -77.5345888450036 0
endloop
endfacet
facet normal 0 0 -1
outer loop
vertex 223.54176264999987 -67.29441509999998 0
vertex 266.66816130805563 -77.5345888450036 0
vertex 266.9251976454829 -77.69036143263942 0
endloop
endfacet
facet normal 0 0 -1
outer loop
vertex 223.54176264999987 -67.29441509999998 0
vertex 266.9251976454829 -77.69036143263942 0
vertex 267.15598876069186 -77.88289257027022 0
endloop
endfacet
facet normal 0 0 -1
outer loop
vertex 223.54176264999987 -67.29441509999998 0
vertex 267.15598876069186 -77.88289257027022 0
vertex 267.3553226530494 -78.1078342897764 0
endloop
endfacet
facet normal 0 0 -1
outer loop
vertex 223.54176264999987 -67.29441509999998 0
vertex 267.3553226530494 -78.1078342897764 0
vertex 267.5186977265029 -78.36010668856518 0
endloop
endfacet
facet normal 0 0 -1
outer loop
vertex 223.54176264999987 -67.29441509999998 0
vertex 267.5186977265029 -78.36010668856518 0
vertex 267.64242444999985 -78.63401264999963 0
endloop
endfacet
facet normal 0 0 -1
outer loop
vertex 223.54176264999987 -67.29441509999998 0
vertex 267.64242444999985 -78.63401264999963 0
vertex 272.077975184774 -90.8205940499996 0
endloop
endfacet
facet normal 0 0 -1
outer loop
vertex 223.54176264999987 -67.29441509999998 0
vertex 272.077975184774 -90.8205940499996 0
vertex 187.15857700000038 -90.8205940499996 0
endloop
endfacet
facet normal 0 0 -1
outer loop
vertex 223.54176264999987 -67.29441509999998 0
vertex 187.15857700000038 -90.8205940499996 0
vertex 201.10695739999994 -75.46002510000005 0
endloop
endfacet
facet normal 0 0 -1
outer loop
vertex 223.54176264999987 -67.29441509999998 0
vertex 201.10695739999994 -75.46002510000005 0
vertex 201.28025002050484 -75.29097931533536 0
endloop
endfacet
facet normal 0 0 -1
outer loop
vertex 223.54176264999987 -67.29441509999998 0
vertex 201.28025002050484 -75.29097931533536 0
vertex 201.47270191948576 -75.14410798756082 0
endloop
endfacet
facet normal 0 0 -1
outer loop
vertex 223.54176264999987 -67.29441509999998 0
vertex 201.47270191948576 -75.14410798756082 0
vertex 201.68148954743887 -75.02156555916356 0
endloop
endfacet
facet normal 0 0 -1
outer loop
vertex 223.54176264999987 -67.29441509999998 0
vertex 201.68148954743887 -75.02156555916356 0
vertex 201.90355370000054 -74.92514754999976 0
endloop
endfacet
facet normal 0 0 -1
outer loop
vertex 223.54176264999987 -67.29441509999998 0
vertex 201.90355370000054 -74.92514754999976 0
vertex 222.58772529999942 -67.39673020000018 0
endloop
endfacet
facet normal 0 0 -1
outer loop
vertex 223.54176264999987 -67.29441509999998 0
vertex 222.58772529999942 -67.39673020000018 0
vertex 222.81980790490368 -67.32785161022616 0
endloop
endfacet
facet normal 0 0 -1
outer loop
vertex 223.54176264999987 -67.29441509999998 0
vertex 222.81980790490368 -67.32785161022616 0
vertex 223.05851567175026 -67.28751424846205 0
endloop
endfacet
facet normal 0 0 -1
outer loop
vertex 223.54176264999987 -67.29441509999998 0
vertex 223.05851567175026 -67.28751424846205 0
vertex 223.30034837445976 -67.27631404278144 0
endloop
endfacet
facet normal 0 0 -1
outer loop
vertex 146.04312570000027 -90.8205891000003 0
vertex 146.14907401488477 -90.92873953692305 0
vertex 61.08437597403278 -90.92873953692305 0
endloop
endfacet
facet normal 0 0 -1
outer loop
vertex 146.04312570000027 -90.8205891000003 0
vertex 61.08437597403278 -90.92873953692305 0
vertex 61.12373952973534 -90.8205891000003 0
endloop
endfacet
facet normal 0 0 -1
outer loop
vertex 272.077975184774 -90.8205940499996 0
vertex 272.11733784775174 -90.92874213017782 0
vertex 187.05263010244516 -90.92874213017782 0
endloop
endfacet
facet normal 0 0 -1
outer loop
vertex 272.077975184774 -90.8205940499996 0
vertex 187.05263010244516 -90.92874213017782 0
vertex 187.15857700000038 -90.8205940499996 0
endloop
endfacet
facet normal 0 0 -1
outer loop
vertex 272.11733784775174 -90.92874213017782 0
vertex 272.15367079603857 -91.02856613361618 0
vertex 186.93880602465373 -91.02856613361618 0
endloop
endfacet
facet normal 0 0 -1
outer loop
vertex 272.11733784775174 -90.92874213017782 0
vertex 186.93880602465373 -91.02856613361618 0
vertex 187.05263010244516 -90.92874213017782 0
endloop
endfacet
facet normal 0 0 -1
outer loop
vertex 146.14907401488477 -90.92873953692305 0
vertex 146.26289810539862 -91.02857023094451 0
vertex 61.04804055832156 -91.02857023094451 0
endloop
endfacet
facet normal 0 0 -1
outer loop
vertex 146.14907401488477 -90.92873953692305 0
vertex 61.04804055832156 -91.02857023094451 0
vertex 61.08437597403278 -90.92873953692305 0
endloop
endfacet
facet normal 0 0 -1
outer loop
vertex 272.15367079603857 -91.02856613361618 0
vertex 272.1867673090859 -91.11949809999979 0
vertex 186.81775400000032 -91.11949809999979 0
endloop
endfacet
facet normal 0 0 -1
outer loop
vertex 272.15367079603857 -91.02856613361618 0
vertex 186.81775400000032 -91.11949809999979 0
vertex 186.93880602465373 -91.02856613361618 0
endloop
endfacet
facet normal 0 0 -1
outer loop
vertex 146.26289810539862 -91.02857023094451 0
vertex 146.38394785000008 -91.11950455000007 0
vertex 61.01494315959376 -91.11950455000007 0
endloop
endfacet
facet normal 0 0 -1
outer loop
vertex 146.26289810539862 -91.02857023094451 0
vertex 61.01494315959376 -91.11950455000007 0
vertex 61.04804055832156 -91.02857023094451 0
endloop
endfacet
facet normal 0 0 -1
outer loop
vertex 146.38394785000008 -91.11950455000007 0
vertex 161.07365530000007 -101.30766230000003 0
vertex 161.3269378231689 -101.51606019335843 0
endloop
endfacet
facet normal 0 0 -1
outer loop
vertex 146.38394785000008 -91.11950455000007 0
vertex 161.3269378231689 -101.51606019335843 0
vertex 161.54275455943872 -101.76305549000523 0
endloop
endfacet
facet normal 0 0 -1
outer loop
vertex 146.38394785000008 -91.11950455000007 0
vertex 161.54275455943872 -101.76305549000523 0
vertex 161.715298276678 -102.0420038828329 0
endloop
endfacet
facet normal 0 0 -1
outer loop
vertex 146.38394785000008 -91.11950455000007 0
vertex 161.715298276678 -102.0420038828329 0
vertex 161.83992825890078 -102.34540280793135 0
endloop
endfacet
facet normal 0 0 -1
outer loop
vertex 146.38394785000008 -91.11950455000007 0
vertex 161.83992825890078 -102.34540280793135 0
vertex 161.91329247243098 -102.66509208268586 0
endloop
endfacet
facet normal 0 0 -1
outer loop
vertex 146.38394785000008 -91.11950455000007 0
vertex 161.91329247243098 -102.66509208268586 0
vertex 161.93341772181415 -102.99247338110858 0
endloop
endfacet
facet normal 0 0 -1
outer loop
vertex 146.38394785000008 -91.11950455000007 0
vertex 161.93341772181415 -102.99247338110858 0
vertex 161.89976272065624 -103.31874149342914 0
endloop
endfacet
facet normal 0 0 -1
outer loop
vertex 146.38394785000008 -91.11950455000007 0
vertex 161.89976272065624 -103.31874149342914 0
vertex 161.81323265000012 -103.63512114999976 0
endloop
endfacet
facet normal 0 0 -1
outer loop
vertex 146.38394785000008 -91.11950455000007 0
vertex 161.81323265000012 -103.63512114999976 0
vertex 159.3842297 -110.30875155000027 0
endloop
endfacet
facet normal 0 0 -1
outer loop
vertex 146.38394785000008 -91.11950455000007 0
vertex 159.3842297 -110.30875155000027 0
vertex 54.03062522676724 -110.30875155000027 0
endloop
endfacet
facet normal 0 0 -1
outer loop
vertex 146.38394785000008 -91.11950455000007 0
vertex 54.03062522676724 -110.30875155000027 0
vertex 61.01494315959376 -91.11950455000007 0
endloop
endfacet
facet normal 0 0 -1
outer loop
vertex 272.1867673090859 -91.11949809999979 0
vertex 279.17108099363713 -110.30875155000027 0
vertex 173.81747635000008 -110.30875155000027 0
endloop
endfacet
facet normal 0 0 -1
outer loop
vertex 272.1867673090859 -91.11949809999979 0
vertex 173.81747635000008 -110.30875155000027 0
vertex 171.3884758000001 -103.63512450000029 0
endloop
endfacet
facet normal 0 0 -1
outer loop
vertex 272.1867673090859 -91.11949809999979 0
vertex 171.3884758000001 -103.63512450000029 0
vertex 171.3019428293437 -103.31874149342914 0
endloop
endfacet
facet normal 0 0 -1
outer loop
vertex 272.1867673090859 -91.11949809999979 0
vertex 171.3019428293437 -103.31874149342914 0
vertex 171.26828782818583 -102.99247338110858 0
endloop
endfacet
facet normal 0 0 -1
outer loop
vertex 272.1867673090859 -91.11949809999979 0
vertex 171.26828782818583 -102.99247338110858 0
vertex 171.288413077569 -102.66509208268586 0
endloop
endfacet
facet normal 0 0 -1
outer loop
vertex 272.1867673090859 -91.11949809999979 0
vertex 171.288413077569 -102.66509208268586 0
vertex 171.3617772910993 -102.34540280793135 0
endloop
endfacet
facet normal 0 0 -1
outer loop
vertex 272.1867673090859 -91.11949809999979 0
vertex 171.3617772910993 -102.34540280793135 0
vertex 171.48640727332207 -102.0420038828329 0
endloop
endfacet
facet normal 0 0 -1
outer loop
vertex 272.1867673090859 -91.11949809999979 0
vertex 171.48640727332207 -102.0420038828329 0
vertex 171.65895099056132 -101.76305549000523 0
endloop
endfacet
facet normal 0 0 -1
outer loop
vertex 272.1867673090859 -91.11949809999979 0
vertex 171.65895099056132 -101.76305549000523 0
vertex 171.87476772683112 -101.51606019335843 0
endloop
endfacet
facet normal 0 0 -1
outer loop
vertex 272.1867673090859 -91.11949809999979 0
vertex 171.87476772683112 -101.51606019335843 0
vertex 172.12805289999955 -101.30766230000003 0
endloop
endfacet
facet normal 0 0 -1
outer loop
vertex 272.1867673090859 -91.11949809999979 0
vertex 172.12805289999955 -101.30766230000003 0
vertex 186.81775400000032 -91.11949809999979 0
endloop
endfacet
facet normal 0 0 -1
outer loop
vertex 159.3842297 -110.30875155000027 0
vertex 159.29399972611452 -110.6454949891619 0
vertex 53.90806058034442 -110.6454949891619 0
endloop
endfacet
facet normal 0 0 -1
outer loop
vertex 159.3842297 -110.30875155000027 0
vertex 53.90806058034442 -110.6454949891619 0
vertex 54.03062522676724 -110.30875155000027 0
endloop
endfacet
facet normal 0 0 -1
outer loop
vertex 279.17108099363713 -110.30875155000027 0
vertex 279.2936455226037 -110.6454949891619 0
vertex 173.90770647388544 -110.6454949891619 0
endloop
endfacet
facet normal 0 0 -1
outer loop
vertex 279.17108099363713 -110.30875155000027 0
vertex 173.90770647388544 -110.6454949891619 0
vertex 173.81747635000008 -110.30875155000027 0
endloop
endfacet
facet normal 0 0 -1
outer loop
vertex 159.29399972611452 -110.6454949891619 0
vertex 159.26361519590188 -110.99279082760354 0
vertex 53.78165517286658 -110.99279082760354 0
endloop
endfacet
facet normal 0 0 -1
outer loop
vertex 159.29399972611452 -110.6454949891619 0
vertex 53.78165517286658 -110.99279082760354 0
vertex 53.90806058034442 -110.6454949891619 0
endloop
endfacet
facet normal 0 0 -1
outer loop
vertex 279.2936455226037 -110.6454949891619 0
vertex 279.4200508089446 -110.99279082760354 0
vertex 173.93809100409808 -110.99279082760354 0
endloop
endfacet
facet normal 0 0 -1
outer loop
vertex 279.2936455226037 -110.6454949891619 0
vertex 173.93809100409808 -110.99279082760354 0
vertex 173.90770647388544 -110.6454949891619 0
endloop
endfacet
facet normal 0 0 -1
outer loop
vertex 159.26361519590188 -110.99279082760354 0
vertex 159.29399947522674 -111.34008658799478 0
vertex 53.655249793796784 -111.34008658799478 0
endloop
endfacet
facet normal 0 0 -1
outer loop
vertex 159.26361519590188 -110.99279082760354 0
vertex 53.655249793796784 -111.34008658799478 0
vertex 53.78165517286658 -110.99279082760354 0
endloop
endfacet
facet normal 0 0 -1
outer loop
vertex 279.4200508089446 -110.99279082760354 0
vertex 279.5464560668775 -111.34008658799478 0
vertex 173.90770673352205 -111.34008658799478 0
endloop
endfacet
facet normal 0 0 -1
outer loop
vertex 279.4200508089446 -110.99279082760354 0
vertex 173.90770673352205 -111.34008658799478 0
vertex 173.93809100409808 -110.99279082760354 0
endloop
endfacet
facet normal 0 0 -1
outer loop
vertex 159.29399947522674 -111.34008658799478 0
vertex 159.38422935584745 -111.67683009233916 0
vertex 53.53268512364937 -111.67683009233916 0
endloop
endfacet
facet normal 0 0 -1
outer loop
vertex 159.29399947522674 -111.34008658799478 0
vertex 53.53268512364937 -111.67683009233916 0
vertex 53.655249793796784 -111.34008658799478 0
endloop
endfacet
facet normal 0 0 -1
outer loop
vertex 279.5464560668775 -111.34008658799478 0
vertex 279.66902061956864 -111.67683009233916 0
vertex 173.8174768442696 -111.67683009233916 0
endloop
endfacet
facet normal 0 0 -1
outer loop
vertex 279.5464560668775 -111.34008658799478 0
vertex 173.8174768442696 -111.67683009233916 0
vertex 173.90770673352205 -111.34008658799478 0
endloop
endfacet
facet normal 0 0 -1
outer loop
vertex 159.38422935584745 -111.67683009233916 0
vertex 159.53156325654916 -111.99278958969761 0
vertex 53.4176852169724 -111.99278958969761 0
endloop
endfacet
facet normal 0 0 -1
outer loop
vertex 159.38422935584745 -111.67683009233916 0
vertex 53.4176852169724 -111.99278958969761 0
vertex 53.53268512364937 -111.67683009233916 0
endloop
endfacet
facet normal 0 0 -1
outer loop
vertex 279.66902061956864 -111.67683009233916 0
vertex 279.7840204160388 -111.99278958969761 0
vertex 173.6701428970289 -111.99278958969761 0
endloop
endfacet
facet normal 0 0 -1
outer loop
vertex 279.66902061956864 -111.67683009233916 0
vertex 173.6701428970289 -111.99278958969761 0
vertex 173.8174768442696 -111.67683009233916 0
endloop
endfacet
facet normal 0 0 -1
outer loop
vertex 159.53156325654916 -111.99278958969761 0
vertex 159.7315245244566 -112.27836464185016 0
vertex 53.313744349166946 -112.27836464185016 0
endloop
endfacet
facet normal 0 0 -1
outer loop
vertex 159.53156325654916 -111.99278958969761 0
vertex 53.313744349166946 -112.27836464185016 0
vertex 53.4176852169724 -111.99278958969761 0
endloop
endfacet
facet normal 0 0 -1
outer loop
vertex 279.7840204160388 -111.99278958969761 0
vertex 279.88796118423556 -112.27836464185016 0
vertex 173.4701816755434 -112.27836464185016 0
endloop
endfacet
facet normal 0 0 -1
outer loop
vertex 279.7840204160388 -111.99278958969761 0
vertex 173.4701816755434 -112.27836464185016 0
vertex 173.6701428970289 -111.99278958969761 0
endloop
endfacet
facet normal 0 0 -1
outer loop
vertex 159.7315245244566 -112.27836464185016 0
vertex 159.9780374554676 -112.52487822082016 0
vertex 53.22402070163248 -112.52487822082016 0
endloop
endfacet
facet normal 0 0 -1
outer loop
vertex 159.7315245244566 -112.27836464185016 0
vertex 53.22402070163248 -112.52487822082016 0
vertex 53.313744349166946 -112.27836464185016 0
endloop
endfacet
facet normal 0 0 -1
outer loop
vertex 279.88796118423556 -112.27836464185016 0
vertex 279.977684745786 -112.52487822082016 0
vertex 173.22366884453209 -112.52487822082016 0
endloop
endfacet
facet normal 0 0 -1
outer loop
vertex 279.88796118423556 -112.27836464185016 0
vertex 173.22366884453209 -112.52487822082016 0
vertex 173.4701816755434 -112.27836464185016 0
endloop
endfacet
facet normal 0 0 -1
outer loop
vertex 159.9780374554676 -112.52487822082016 0
vertex 160.26361190090586 -112.72484035520507 0
vertex 53.15124040230474 -112.72484035520507 0
endloop
endfacet
facet normal 0 0 -1
outer loop
vertex 159.9780374554676 -112.52487822082016 0
vertex 53.15124040230474 -112.72484035520507 0
vertex 53.22402070163248 -112.52487822082016 0
endloop
endfacet
facet normal 0 0 -1
outer loop
vertex 279.977684745786 -112.52487822082016 0
vertex 280.0504649753669 -112.72484035520507 0
vertex 172.93809430166652 -112.72484035520507 0
endloop
endfacet
facet normal 0 0 -1
outer loop
vertex 279.977684745786 -112.52487822082016 0
vertex 172.93809430166652 -112.72484035520507 0
vertex 173.22366884453209 -112.52487822082016 0
endloop
endfacet
facet normal 0 0 -1
outer loop
vertex 160.26361190090586 -112.72484035520507 0
vertex 160.57957085122916 -112.87217521457507 0
vertex 53.097614873654805 -112.87217521457507 0
endloop
endfacet
facet normal 0 0 -1
outer loop
vertex 160.26361190090586 -112.72484035520507 0
vertex 53.097614873654805 -112.87217521457507 0
vertex 53.15124040230474 -112.72484035520507 0
endloop
endfacet
facet normal 0 0 -1
outer loop
vertex 280.0504649753669 -112.72484035520507 0
vertex 280.10409045262634 -112.87217521457507 0
vertex 172.62213535566076 -112.87217521457507 0
endloop
endfacet
facet normal 0 0 -1
outer loop
vertex 280.0504649753669 -112.72484035520507 0
vertex 172.62213535566076 -112.87217521457507 0
vertex 172.93809430166652 -112.72484035520507 0
endloop
endfacet
facet normal 0 0 -1
outer loop
vertex 160.57957085122916 -112.87217521457507 0
vertex 160.91631408180086 -112.96240611692663 0
vertex 53.06477349545108 -112.96240611692663 0
endloop
endfacet
facet normal 0 0 -1
outer loop
vertex 160.57957085122916 -112.87217521457507 0
vertex 53.06477349545108 -112.96240611692663 0
vertex 53.097614873654805 -112.87217521457507 0
endloop
endfacet
facet normal 0 0 -1
outer loop
vertex 280.10409045262634 -112.87217521457507 0
vertex 280.1369317993575 -112.96240611692663 0
vertex 172.28539213552742 -112.96240611692663 0
endloop
endfacet
facet normal 0 0 -1
outer loop
vertex 280.10409045262634 -112.87217521457507 0
vertex 172.28539213552742 -112.96240611692663 0
vertex 172.62213535566076 -112.87217521457507 0
endloop
endfacet
facet normal 0 0 -1
outer loop
vertex 160.91631408180086 -112.96240611692663 0
vertex 161.26359657909268 -112.99279093410962 0
vertex 53.05371432119091 -112.99279093410962 0
endloop
endfacet
facet normal 0 0 -1
outer loop
vertex 160.91631408180086 -112.96240611692663 0
vertex 53.05371432119091 -112.99279093410962 0
vertex 53.06477349545108 -112.96240611692663 0
endloop
endfacet
facet normal 0 0 -1
outer loop
vertex 157.92611706306377 -112.99279093410962 0
vertex 161.84676112696604 -112.99279209520043 0
vertex 157.92611706306377 -112.99279093410962 0
endloop
endfacet
facet normal 0 0 -1
outer loop
vertex 157.92611706306377 -112.99279093410962 0
vertex 157.92611706306377 -112.99279093410962 0
vertex 53.05371432119091 -112.99279093410962 0
endloop
endfacet
facet normal 0 0 -1
outer loop
vertex 161.26359657909268 -112.99279093410962 0
vertex 161.26360984999997 -112.99279209520043 0
vertex 161.26359657909268 -112.99279093410962 0
endloop
endfacet
facet normal 0 0 -1
outer loop
vertex 161.26359657909268 -112.99279093410962 0
vertex 161.26359657909268 -112.99279093410962 0
vertex 157.92611706306377 -112.99279093410962 0
endloop
endfacet
facet normal 0 0 1
outer loop
vertex 161.26359657909268 -112.99279093410962 0
vertex 161.26360984999997 -112.99279209520043 0
vertex 171.9380926999997 -112.99279209520043 0
endloop
endfacet
facet normal 0 0 1
outer loop
vertex 161.26359657909268 -112.99279093410962 0
vertex 171.9380926999997 -112.99279209520043 0
vertex 166.60074322305223 -113.45978327038038 0
endloop
endfacet
facet normal 0 0 1
outer loop
vertex 161.26359657909268 -112.99279093410962 0
vertex 166.60074322305223 -113.45978327038038 0
vertex 52.88374293074693 -113.45978327038038 0
endloop
endfacet
facet normal 0 0 1
outer loop
vertex 161.26359657909268 -112.99279093410962 0
vertex 52.88374293074693 -113.45978327038038 0
vertex 53.05371432119091 -112.99279093410962 0
endloop
endfacet
facet normal 0 0 -1
outer loop
vertex 280.1369317993575 -112.96240611692663 0
vertex 280.31796219057634 -113.45978327038038 0
vertex 166.60074322305223 -113.45978327038038 0
endloop
endfacet
facet normal 0 0 -1
outer loop
vertex 280.1369317993575 -112.96240611692663 0
vertex 166.60074322305223 -113.45978327038038 0
vertex 171.9380926999997 -112.99279209520043 0
endloop
endfacet
facet normal 0 0 -1
outer loop
vertex 280.1369317993575 -112.96240611692663 0
vertex 171.9380926999997 -112.99279209520043 0
vertex 172.28539213552742 -112.96240611692663 0
endloop
endfacet
facet normal 0 0 -1
outer loop
vertex 166.60074322305223 -113.45978327038038 0
vertex 280.31796219057634 -113.45978327038038 0
vertex 287.56082399999997 -133.35939219999975 0
endloop
endfacet
facet normal 0 0 -1
outer loop
vertex 166.60074322305223 -113.45978327038038 0
vertex 287.56082399999997 -133.35939219999975 0
vertex 287.6467077310218 -133.67233016221243 0
endloop
endfacet
facet normal 0 0 -1
outer loop
vertex 166.60074322305223 -113.45978327038038 0
vertex 287.6467077310218 -133.67233016221243 0
vertex 287.6808542437222 -133.99503877522076 0
endloop
endfacet
facet normal 0 0 -1
outer loop
vertex 166.60074322305223 -113.45978327038038 0
vertex 287.6808542437222 -133.99503877522076 0
vertex 287.6623625695588 -134.31902322034523 0
endloop
endfacet
facet normal 0 0 -1
outer loop
vertex 166.60074322305223 -113.45978327038038 0
vertex 287.6623625695588 -134.31902322034523 0
vertex 287.5917195352103 -134.6357520893339 0
endloop
endfacet
facet normal 0 0 -1
outer loop
vertex 166.60074322305223 -113.45978327038038 0
vertex 287.5917195352103 -134.6357520893339 0
vertex 287.4707849459864 -134.93688686640064 0
endloop
endfacet
facet normal 0 0 -1
outer loop
vertex 166.60074322305223 -113.45978327038038 0
vertex 287.4707849459864 -134.93688686640064 0
vertex 287.3027426230979 -135.2144995811643 0
endloop
endfacet
facet normal 0 0 -1
outer loop
vertex 166.60074322305223 -113.45978327038038 0
vertex 287.3027426230979 -135.2144995811643 0
vertex 287.09201658381977 -135.4612815281952 0
endloop
endfacet
facet normal 0 0 -1
outer loop
vertex 166.60074322305223 -113.45978327038038 0
vertex 287.09201658381977 -135.4612815281952 0
vertex 286.84415457125726 -135.67073704744473 0
endloop
endfacet
facet normal 0 0 -1
outer loop
vertex 166.60074322305223 -113.45978327038038 0
vertex 286.84415457125726 -135.67073704744473 0
vertex 286.5656819999999 -135.83735110000006 0
endloop
endfacet
facet normal 0 0 -1
outer loop
vertex 166.60074322305223 -113.45978327038038 0
vertex 286.5656819999999 -135.83735110000006 0
vertex 221.28297764528838 -168.01581575000012 0
endloop
endfacet
facet normal 0 0 -1
outer loop
vertex 166.60074322305223 -113.45978327038038 0
vertex 221.28297764528838 -168.01581575000012 0
vertex 111.9187453406484 -168.0158208000003 0
endloop
endfacet
facet normal 0 0 -1
outer loop
vertex 166.60074322305223 -113.45978327038038 0
vertex 111.9187453406484 -168.0158208000003 0
vertex 111.91873650000018 -168.01581575000012 0
endloop
endfacet
facet normal 0 0 -1
outer loop
vertex 166.60074322305223 -113.45978327038038 0
vertex 111.91873650000018 -168.01581575000012 0
vertex 46.63603159999991 -135.83734549999994 0
endloop
endfacet
facet normal 0 0 -1
outer loop
vertex 166.60074322305223 -113.45978327038038 0
vertex 46.63603159999991 -135.83734549999994 0
vertex 46.357560748733675 -135.67073568318514 0
endloop
endfacet
facet normal 0 0 -1
outer loop
vertex 166.60074322305223 -113.45978327038038 0
vertex 46.357560748733675 -135.67073568318514 0
vertex 46.10969608416136 -135.4612815281952 0
endloop
endfacet
facet normal 0 0 -1
outer loop
vertex 166.60074322305223 -113.45978327038038 0
vertex 46.10969608416136 -135.4612815281952 0
vertex 45.89896733527863 -135.2144995811643 0
endloop
endfacet
facet normal 0 0 -1
outer loop
vertex 166.60074322305223 -113.45978327038038 0
vertex 45.89896733527863 -135.2144995811643 0
vertex 45.730922354432096 -134.93688686640064 0
endloop
endfacet
facet normal 0 0 -1
outer loop
vertex 166.60074322305223 -113.45978327038038 0
vertex 45.730922354432096 -134.93688686640064 0
vertex 45.609985259101364 -134.6357520893339 0
endloop
endfacet
facet normal 0 0 -1
outer loop
vertex 166.60074322305223 -113.45978327038038 0
vertex 45.609985259101364 -134.6357520893339 0
vertex 45.53933995822946 -134.31902322034523 0
endloop
endfacet
facet normal 0 0 -1
outer loop
vertex 166.60074322305223 -113.45978327038038 0
vertex 45.53933995822946 -134.31902322034523 0
vertex 45.52084632950425 -133.99503877522076 0
endloop
endfacet
facet normal 0 0 -1
outer loop
vertex 166.60074322305223 -113.45978327038038 0
vertex 45.52084632950425 -133.99503877522076 0
vertex 45.5549912543886 -133.67232828718113 0
endloop
endfacet
facet normal 0 0 -1
outer loop
vertex 166.60074322305223 -113.45978327038038 0
vertex 45.5549912543886 -133.67232828718113 0
vertex 45.64087580000006 -133.3593877499998 0
endloop
endfacet
facet normal 0 0 -1
outer loop
vertex 166.60074322305223 -113.45978327038038 0
vertex 45.64087580000006 -133.3593877499998 0
vertex 52.88374293074693 -113.45978327038038 0
endloop
endfacet
facet normal 0 0 -1
outer loop
vertex 221.28297764528838 -168.01581575000012 0
vertex 221.0711209440729 -168.13683559252559 0
vertex 112.13060507689508 -168.13684187369344 0
endloop
endfacet
facet normal 0 0 -1
outer loop
vertex 221.28297764528838 -168.01581575000012 0
vertex 112.13060507689508 -168.13684187369344 0
vertex 112.13059665932451 -168.13683559252559 0
endloop
endfacet
facet normal 0 0 -1
outer loop
vertex 221.28297764528838 -168.01581575000012 0
vertex 112.13059665932451 -168.13683559252559 0
vertex 111.9187453406484 -168.0158208000003 0
endloop
endfacet
facet normal 0 0 -1
outer loop
vertex 221.0711209440729 -168.13683559252559 0
vertex 221.0711099483663 -168.13684187369344 0
vertex 112.13060507689508 -168.13684187369344 0
endloop
endfacet
facet normal 0 0 -1
outer loop
vertex 221.0711099483663 -168.13684187369344 0
vertex 220.87556666147398 -168.28275251363652 0
vertex 112.32614404879229 -168.28275251363652 0
endloop
endfacet
facet normal 0 0 -1
outer loop
vertex 221.0711099483663 -168.13684187369344 0
vertex 112.32614404879229 -168.28275251363652 0
vertex 112.13060507689508 -168.13684187369344 0
endloop
endfacet
facet normal 0 0 -1
outer loop
vertex 220.87556666147398 -168.28275251363652 0
vertex 220.69923903751445 -168.45139488544203 0
vertex 112.50246840849852 -168.45139488544203 0
endloop
endfacet
facet normal 0 0 -1
outer loop
vertex 220.87556666147398 -168.28275251363652 0
vertex 112.50246840849852 -168.45139488544203 0
vertex 112.32614404879229 -168.28275251363652 0
endloop
endfacet
facet normal 0 0 -1
outer loop
vertex 220.69923903751445 -168.45139488544203 0
vertex 220.54476116508744 -168.6402469066155 0
vertex 112.65694069370991 -168.6402469066155 0
endloop
endfacet
facet normal 0 0 -1
outer loop
vertex 220.69923903751445 -168.45139488544203 0
vertex 112.65694069370991 -168.6402469066155 0
vertex 112.50246840849852 -168.45139488544203 0
endloop
endfacet
facet normal 0 0 -1
outer loop
vertex 220.54476116508744 -168.6402469066155 0
vertex 220.4144287000002 -168.8465053999997 0
vertex 112.78726914562864 -168.8465053999997 0
endloop
endfacet
facet normal 0 0 -1
outer loop
vertex 220.54476116508744 -168.6402469066155 0
vertex 112.78726914562864 -168.8465053999997 0
vertex 112.65694069370991 -168.6402469066155 0
endloop
endfacet
facet normal 0 0 -1
outer loop
vertex 220.4144287000002 -168.8465053999997 0
vertex 210.0118019327228 -187.77611120000003 0
vertex 163.0170958999998 -187.77611120000003 0
endloop
endfacet
facet normal 0 0 -1
outer loop
vertex 220.4144287000002 -168.8465053999997 0
vertex 163.0170958999998 -187.77611120000003 0
vertex 123.18990023134536 -187.77611120000003 0
endloop
endfacet
facet normal 0 0 -1
outer loop
vertex 220.4144287000002 -168.8465053999997 0
vertex 123.18990023134536 -187.77611120000003 0
vertex 112.78726914562864 -168.8465053999997 0
endloop
endfacet
facet normal 0 0 -1
outer loop
vertex 210.0118019327228 -187.77611120000003 0
vertex 170.18461135383956 -187.7761141 0
vertex 163.0170958999998 -187.77611120000003 0
endloop
endfacet
facet normal 0 0 -1
outer loop
vertex 210.0118019327228 -187.77611120000003 0
vertex 210.00418284100508 -187.78997562155402 0
vertex 170.41968557007817 -187.78997562155402 0
endloop
endfacet
facet normal 0 0 -1
outer loop
vertex 210.0118019327228 -187.77611120000003 0
vertex 170.41968557007817 -187.78997562155402 0
vertex 170.18461135383956 -187.7761141 0
endloop
endfacet
facet normal 0 0 -1
outer loop
vertex 163.0170958999998 -187.77611120000003 0
vertex 162.78201872992207 -187.78997712155405 0
vertex 123.19752015017256 -187.78997712155405 0
endloop
endfacet
facet normal 0 0 -1
outer loop
vertex 163.0170958999998 -187.77611120000003 0
vertex 123.19752015017256 -187.78997712155405 0
vertex 123.18990023134536 -187.77611120000003 0
endloop
endfacet
facet normal 0 0 -1
outer loop
vertex 210.00418284100508 -187.78997562155402 0
vertex 209.98143431492682 -187.8313709960903 0
vertex 170.65150112972006 -187.8313709960903 0
endloop
endfacet
facet normal 0 0 -1
outer loop
vertex 210.00418284100508 -187.78997562155402 0
vertex 170.65150112972006 -187.8313709960903 0
vertex 170.41968557007817 -187.78997562155402 0
endloop
endfacet
facet normal 0 0 -1
outer loop
vertex 162.78201872992207 -187.78997712155405 0
vertex 162.55020317027984 -187.83137249609035 0
vertex 123.22026868459632 -187.83137249609035 0
endloop
endfacet
facet normal 0 0 -1
outer loop
vertex 162.78201872992207 -187.78997712155405 0
vertex 123.22026868459632 -187.83137249609035 0
vertex 123.19752015017256 -187.78997712155405 0
endloop
endfacet
facet normal 0 0 -1
outer loop
vertex 162.55020317027984 -187.83137249609035 0
vertex 162.32485993195743 -187.89972785921384 0
vertex 123.25783288949796 -187.89972785921384 0
endloop
endfacet
facet normal 0 0 -1
outer loop
vertex 162.55020317027984 -187.83137249609035 0
vertex 123.25783288949796 -187.89972785921384 0
vertex 123.22026868459632 -187.83137249609035 0
endloop
endfacet
facet normal 0 0 -1
outer loop
vertex 209.98143431492682 -187.8313709960903 0
vertex 209.94386929949178 -187.89972785921384 0
vertex 170.8768493130074 -187.89972785921384 0
endloop
endfacet
facet normal 0 0 -1
outer loop
vertex 209.98143431492682 -187.8313709960903 0
vertex 170.8768493130074 -187.89972785921384 0
vertex 170.65150112972006 -187.8313709960903 0
endloop
endfacet
facet normal 0 0 -1
outer loop
vertex 162.32485993195743 -187.89972785921384 0
vertex 162.10911295000056 -187.9940955999997 0
vertex 123.30969201201599 -187.9940955999997 0
endloop
endfacet
facet normal 0 0 -1
outer loop
vertex 162.32485993195743 -187.89972785921384 0
vertex 123.30969201201599 -187.9940955999997 0
vertex 123.25783288949796 -187.89972785921384 0
endloop
endfacet
facet normal 0 0 -1
outer loop
vertex 209.94386929949178 -187.89972785921384 0
vertex 209.89200876718732 -187.9940982000002 0
vertex 171.09258929426235 -187.9940982000002 0
endloop
endfacet
facet normal 0 0 -1
outer loop
vertex 209.94386929949178 -187.89972785921384 0
vertex 171.09258929426235 -187.9940982000002 0
vertex 170.8768493130074 -187.89972785921384 0
endloop
endfacet
facet normal 0 0 -1
outer loop
vertex 162.10911295000056 -187.9940955999997 0
vertex 133.52438509999996 -202.5587455 0
vertex 133.20778667580885 -202.68730316777564 0
endloop
endfacet
facet normal 0 0 -1
outer loop
vertex 162.10911295000056 -187.9940955999997 0
vertex 133.20778667580885 -202.68730316777564 0
vertex 132.8739229415543 -202.76008789095036 0
endloop
endfacet
facet normal 0 0 -1
outer loop
vertex 162.10911295000056 -187.9940955999997 0
vertex 132.8739229415543 -202.76008789095036 0
vertex 132.5325420474 -202.77497728598127 0
endloop
endfacet
facet normal 0 0 -1
outer loop
vertex 162.10911295000056 -187.9940955999997 0
vertex 132.5325420474 -202.77497728598127 0
vertex 132.19360912431037 -202.73153672171597 0
endloop
endfacet
facet normal 0 0 -1
outer loop
vertex 162.10911295000056 -187.9940955999997 0
vertex 132.19360912431037 -202.73153672171597 0
vertex 131.8670178453766 -202.63103425655902 0
endloop
endfacet
facet normal 0 0 -1
outer loop
vertex 162.10911295000056 -187.9940955999997 0
vertex 131.8670178453766 -202.63103425655902 0
vertex 131.5623016230494 -202.47640362302093 0
endloop
endfacet
facet normal 0 0 -1
outer loop
vertex 162.10911295000056 -187.9940955999997 0
vertex 131.5623016230494 -202.47640362302093 0
vertex 131.2883553226069 -202.27215859015118 0
endloop
endfacet
facet normal 0 0 -1
outer loop
vertex 162.10911295000056 -187.9940955999997 0
vertex 131.2883553226069 -202.27215859015118 0
vertex 131.05317561523958 -202.02426120367733 0
endloop
endfacet
facet normal 0 0 -1
outer loop
vertex 162.10911295000056 -187.9940955999997 0
vertex 131.05317561523958 -202.02426120367733 0
vertex 130.86362754999996 -201.73994775 0
endloop
endfacet
facet normal 0 0 -1
outer loop
vertex 162.10911295000056 -187.9940955999997 0
vertex 130.86362754999996 -201.73994775 0
vertex 123.30969201201599 -187.9940955999997 0
endloop
endfacet
facet normal 0 0 -1
outer loop
vertex 209.89200876718732 -187.9940982000002 0
vertex 202.33807349999975 -201.73995490000038 0
vertex 202.14852868476058 -202.02426590367713 0
endloop
endfacet
facet normal 0 0 -1
outer loop
vertex 209.89200876718732 -187.9940982000002 0
vertex 202.14852868476058 -202.02426590367713 0
vertex 201.91334897739318 -202.2721632901511 0
endloop
endfacet
facet normal 0 0 -1
outer loop
vertex 209.89200876718732 -187.9940982000002 0
vertex 201.91334897739318 -202.2721632901511 0
vertex 201.63940267695048 -202.476408323021 0
endloop
endfacet
facet normal 0 0 -1
outer loop
vertex 209.89200876718732 -187.9940982000002 0
vertex 201.63940267695048 -202.476408323021 0
vertex 201.33468645462338 -202.631038956559 0
endloop
endfacet
facet normal 0 0 -1
outer loop
vertex 209.89200876718732 -187.9940982000002 0
vertex 201.33468645462338 -202.631038956559 0
vertex 201.00809517568976 -202.7315414217159 0
endloop
endfacet
facet normal 0 0 -1
outer loop
vertex 209.89200876718732 -187.9940982000002 0
vertex 201.00809517568976 -202.7315414217159 0
vertex 200.6691622525995 -202.77498198598124 0
endloop
endfacet
facet normal 0 0 -1
outer loop
vertex 209.89200876718732 -187.9940982000002 0
vertex 200.6691622525995 -202.77498198598124 0
vertex 200.32778135844552 -202.76009259095034 0
endloop
endfacet
facet normal 0 0 -1
outer loop
vertex 209.89200876718732 -187.9940982000002 0
vertex 200.32778135844552 -202.76009259095034 0
vertex 199.9939176241912 -202.68730786777564 0
endloop
endfacet
facet normal 0 0 -1
outer loop
vertex 209.89200876718732 -187.9940982000002 0
vertex 199.9939176241912 -202.68730786777564 0
vertex 199.6773167500003 -202.5587524500001 0
endloop
endfacet
facet normal 0 0 -1
outer loop
vertex 209.89200876718732 -187.9940982000002 0
vertex 199.6773167500003 -202.5587524500001 0
vertex 171.09258929426235 -187.9940982000002 0
endloop
endfacet
facet normal 0 0 1
outer loop
vertex 201.0080951756895 -202.73154142171595 1
vertex 201.33468645462332 -202.631038956559 1
vertex 201.63940267695082 -202.4764083230208 1
endloop
endfacet
facet normal 0 0 1
outer loop
vertex 201.0080951756895 -202.73154142171595 1
vertex 201.63940267695082 -202.4764083230208 1
vertex 201.9133489773931 -202.2721632901512 1
endloop
endfacet
facet normal 0 0 1
outer loop
vertex 201.0080951756895 -202.73154142171595 1
vertex 201.9133489773931 -202.2721632901512 1
vertex 202.1485286847605 -202.02426590367722 1
endloop
endfacet
facet normal 0 0 1
outer loop
vertex 201.0080951756895 -202.73154142171595 1
vertex 202.1485286847605 -202.02426590367722 1
vertex 202.33807350000004 -201.73995489999996 1
endloop
endfacet
facet normal 0 0 1
outer loop
vertex 201.0080951756895 -202.73154142171595 1
vertex 202.33807350000004 -201.73995489999996 1
vertex 209.89200876718746 -187.9940982 1
endloop
endfacet
facet normal 0 0 1
outer loop
vertex 201.0080951756895 -202.73154142171595 1
vertex 209.89200876718746 -187.9940982 1
vertex 171.09259270000004 -187.9940982 1
endloop
endfacet
facet normal 0 0 1
outer loop
vertex 201.0080951756895 -202.73154142171595 1
vertex 171.09259270000004 -187.9940982 1
vertex 199.67731675000033 -202.5587524500001 1
endloop
endfacet
facet normal 0 0 1
outer loop
vertex 201.0080951756895 -202.73154142171595 1
vertex 199.67731675000033 -202.5587524500001 1
vertex 199.9939176241911 -202.6873078677756 1
endloop
endfacet
facet normal 0 0 1
outer loop
vertex 201.0080951756895 -202.73154142171595 1
vertex 199.9939176241911 -202.6873078677756 1
vertex 200.32778135844572 -202.76009259095034 1
endloop
endfacet
facet normal 0 0 1
outer loop
vertex 201.0080951756895 -202.73154142171595 1
vertex 200.32778135844572 -202.76009259095034 1
vertex 200.66916225259973 -202.77498198598124 1
endloop
endfacet
facet normal 0 0 1
outer loop
vertex 132.87392294155458 -202.76008789095033 1
vertex 133.20778667580868 -202.6873031677757 1
vertex 133.5243851 -202.55874549999996 1
endloop
endfacet
facet normal 0 0 1
outer loop
vertex 132.87392294155458 -202.76008789095033 1
vertex 133.5243851 -202.55874549999996 1
vertex 162.10911294999997 -187.99409559999998 1
endloop
endfacet
facet normal 0 0 1
outer loop
vertex 132.87392294155458 -202.76008789095033 1
vertex 162.10911294999997 -187.99409559999998 1
vertex 123.30969201201616 -187.99409559999998 1
endloop
endfacet
facet normal 0 0 1
outer loop
vertex 132.87392294155458 -202.76008789095033 1
vertex 123.30969201201616 -187.99409559999998 1
vertex 130.86362754999996 -201.73994775000003 1
endloop
endfacet
facet normal 0 0 1
outer loop
vertex 132.87392294155458 -202.76008789095033 1
vertex 130.86362754999996 -201.73994775000003 1
vertex 131.05317561523944 -202.02426120367718 1
endloop
endfacet
facet normal 0 0 1
outer loop
vertex 132.87392294155458 -202.76008789095033 1
vertex 131.05317561523944 -202.02426120367718 1
vertex 131.28835532260692 -202.27215859015124 1
endloop
endfacet
facet normal 0 0 1
outer loop
vertex 132.87392294155458 -202.76008789095033 1
vertex 131.28835532260692 -202.27215859015124 1
vertex 131.56230162304917 -202.4764036230208 1
endloop
endfacet
facet normal 0 0 1
outer loop
vertex 132.87392294155458 -202.76008789095033 1
vertex 131.56230162304917 -202.4764036230208 1
vertex 131.8670178453767 -202.63103425655902 1
endloop
endfacet
facet normal 0 0 1
outer loop
vertex 132.87392294155458 -202.76008789095033 1
vertex 131.8670178453767 -202.63103425655902 1
vertex 132.19360912431046 -202.73153672171597 1
endloop
endfacet
facet normal 0 0 1
outer loop
vertex 132.87392294155458 -202.76008789095033 1
vertex 132.19360912431046 -202.73153672171597 1
vertex 132.53254204740003 -202.77497728598124 1
endloop
endfacet
facet normal 0 0 1
outer loop
vertex 162.10911294999997 -187.99409559999998 1
vertex 162.32485993195786 -187.8997278592137 1
vertex 123.25783288949789 -187.8997278592137 1
endloop
endfacet
facet normal 0 0 1
outer loop
vertex 162.10911294999997 -187.99409559999998 1
vertex 123.25783288949789 -187.8997278592137 1
vertex 123.30969201201616 -187.99409559999998 1
endloop
endfacet
facet normal 0 0 1
outer loop
vertex 209.89200876718746 -187.9940982 1
vertex 209.94386929949187 -187.8997278592137 1
vertex 170.8768443680418 -187.8997278592137 1
endloop
endfacet
facet normal 0 0 1
outer loop
vertex 209.89200876718746 -187.9940982 1
vertex 170.8768443680418 -187.8997278592137 1
vertex 171.09259270000004 -187.9940982 1
endloop
endfacet
facet normal 0 0 1
outer loop
vertex 162.32485993195786 -187.8997278592137 1
vertex 162.55020317027999 -187.8313724960903 1
vertex 123.22026868459629 -187.8313724960903 1
endloop
endfacet
facet normal 0 0 1
outer loop
vertex 162.32485993195786 -187.8997278592137 1
vertex 123.22026868459629 -187.8313724960903 1
vertex 123.25783288949789 -187.8997278592137 1
endloop
endfacet
facet normal 0 0 1
outer loop
vertex 209.94386929949187 -187.8997278592137 1
vertex 209.9814343149268 -187.83137099609039 1
vertex 170.6515011297205 -187.83137099609039 1
endloop
endfacet
facet normal 0 0 1
outer loop
vertex 209.94386929949187 -187.8997278592137 1
vertex 170.6515011297205 -187.83137099609039 1
vertex 170.8768443680418 -187.8997278592137 1
endloop
endfacet
facet normal 0 0 1
outer loop
vertex 162.55020317027999 -187.8313724960903 1
vertex 162.78201872992165 -187.78997712155407 1
vertex 123.1975201501726 -187.78997712155407 1
endloop
endfacet
facet normal 0 0 1
outer loop
vertex 162.55020317027999 -187.8313724960903 1
vertex 123.1975201501726 -187.78997712155407 1
vertex 123.22026868459629 -187.8313724960903 1
endloop
endfacet
facet normal 0 0 1
outer loop
vertex 209.9814343149268 -187.83137099609039 1
vertex 210.0041828410051 -187.78997562155402 1
vertex 170.41968557007803 -187.78997562155402 1
endloop
endfacet
facet normal 0 0 1
outer loop
vertex 209.9814343149268 -187.83137099609039 1
vertex 170.41968557007803 -187.78997562155402 1
vertex 170.6515011297205 -187.83137099609039 1
endloop
endfacet
facet normal 0 0 1
outer loop
vertex 210.0041828410051 -187.78997562155402 1
vertex 210.01180033904896 -187.7761141 1
vertex 170.1846113500005 -187.7761141 1
endloop
endfacet
facet normal 0 0 1
outer loop
vertex 210.0041828410051 -187.78997562155402 1
vertex 170.1846113500005 -187.7761141 1
vertex 170.41968557007803 -187.78997562155402 1
endloop
endfacet
facet normal 0 0 1
outer loop
vertex 162.78201872992165 -187.78997712155407 1
vertex 163.01709589999967 -187.77611120000003 1
vertex 123.18990023134538 -187.77611120000003 1
endloop
endfacet
facet normal 0 0 1
outer loop
vertex 162.78201872992165 -187.78997712155407 1
vertex 123.18990023134538 -187.77611120000003 1
vertex 123.1975201501726 -187.78997712155407 1
endloop
endfacet
facet normal 0 0 1
outer loop
vertex 210.01180033904896 -187.7761141 1
vertex 163.01709589999967 -187.77611120000003 1
vertex 170.1846113500005 -187.7761141 1
endloop
endfacet
facet normal 0 0 1
outer loop
vertex 163.01709589999967 -187.77611120000003 1
vertex 210.01180033904896 -187.7761141 1
vertex 220.4144253477895 -168.8465115 1
endloop
endfacet
facet normal 0 0 1
outer loop
vertex 163.01709589999967 -187.77611120000003 1
vertex 220.4144253477895 -168.8465115 1
vertex 112.787273 -168.8465115 1
endloop
endfacet
facet normal 0 0 1
outer loop
vertex 163.01709589999967 -187.77611120000003 1
vertex 112.787273 -168.8465115 1
vertex 123.18990023134538 -187.77611120000003 1
endloop
endfacet
facet normal 0 0 1
outer loop
vertex 220.4144253477895 -168.8465115 1
vertex 220.5447573997186 -168.64025286552447 1
vertex 112.65694556782397 -168.64025286552447 1
endloop
endfacet
facet normal 0 0 1
outer loop
vertex 220.4144253477895 -168.8465115 1
vertex 112.65694556782397 -168.64025286552447 1
vertex 112.787273 -168.8465115 1
endloop
endfacet
facet normal 0 0 1
outer loop
vertex 220.5447573997186 -168.64025286552447 1
vertex 220.6992376978928 -168.45139488544206 1
vertex 112.50246840849853 -168.45139488544206 1
endloop
endfacet
facet normal 0 0 1
outer loop
vertex 220.5447573997186 -168.64025286552447 1
vertex 112.50246840849853 -168.45139488544206 1
vertex 112.65694556782397 -168.64025286552447 1
endloop
endfacet
facet normal 0 0 1
outer loop
vertex 220.6992376978928 -168.45139488544206 1
vertex 220.8755650210376 -168.2827549962179 1
vertex 112.32614664446005 -168.2827549962179 1
endloop
endfacet
facet normal 0 0 1
outer loop
vertex 220.6992376978928 -168.45139488544206 1
vertex 112.32614664446005 -168.2827549962179 1
vertex 112.50246840849853 -168.45139488544206 1
endloop
endfacet
facet normal 0 0 1
outer loop
vertex 220.8755650210376 -168.2827549962179 1
vertex 221.0711099483663 -168.1368418736935 1
vertex 112.13060507689514 -168.1368418736935 1
endloop
endfacet
facet normal 0 0 1
outer loop
vertex 220.8755650210376 -168.2827549962179 1
vertex 112.13060507689514 -168.1368418736935 1
vertex 112.32614664446005 -168.2827549962179 1
endloop
endfacet
facet normal 0 0 1
outer loop
vertex 221.0711099483663 -168.1368418736935 1
vertex 221.0711209440729 -168.13683559252564 1
vertex 112.13060507689514 -168.1368418736935 1
endloop
endfacet
facet normal 0 0 1
outer loop
vertex 221.0711209440729 -168.13683559252564 1
vertex 221.2829674000003 -168.01582079999986 1
vertex 111.91874534064758 -168.01582079999986 1
endloop
endfacet
facet normal 0 0 1
outer loop
vertex 221.0711209440729 -168.13683559252564 1
vertex 111.91874534064758 -168.01582079999986 1
vertex 112.13060507689514 -168.1368418736935 1
endloop
endfacet
facet normal 0 0 1
outer loop
vertex 221.2829674000003 -168.01582079999986 1
vertex 221.2829776452883 -168.01581575000017 1
vertex 111.91874534064758 -168.01582079999986 1
endloop
endfacet
facet normal 0 0 1
outer loop
vertex 221.2829776452883 -168.01581575000017 1
vertex 286.565682 -135.83735110000003 1
vertex 286.8441545712575 -135.67073704744462 1
endloop
endfacet
facet normal 0 0 1
outer loop
vertex 221.2829776452883 -168.01581575000017 1
vertex 286.8441545712575 -135.67073704744462 1
vertex 287.09201658381966 -135.46128152819503 1
endloop
endfacet
facet normal 0 0 1
outer loop
vertex 221.2829776452883 -168.01581575000017 1
vertex 287.09201658381966 -135.46128152819503 1
vertex 287.30274262309774 -135.21449958116438 1
endloop
endfacet
facet normal 0 0 1
outer loop
vertex 221.2829776452883 -168.01581575000017 1
vertex 287.30274262309774 -135.21449958116438 1
vertex 287.4707849459864 -134.93688686640064 1
endloop
endfacet
facet normal 0 0 1
outer loop
vertex 221.2829776452883 -168.01581575000017 1
vertex 287.4707849459864 -134.93688686640064 1
vertex 287.59171953521025 -134.63575208933383 1
endloop
endfacet
facet normal 0 0 1
outer loop
vertex 221.2829776452883 -168.01581575000017 1
vertex 287.59171953521025 -134.63575208933383 1
vertex 287.6623625695588 -134.3190232203453 1
endloop
endfacet
facet normal 0 0 1
outer loop
vertex 221.2829776452883 -168.01581575000017 1
vertex 287.6623625695588 -134.3190232203453 1
vertex 287.68085424372225 -133.9950387752207 1
endloop
endfacet
facet normal 0 0 1
outer loop
vertex 221.2829776452883 -168.01581575000017 1
vertex 287.68085424372225 -133.9950387752207 1
vertex 287.6467077310219 -133.67233016221255 1
endloop
endfacet
facet normal 0 0 1
outer loop
vertex 221.2829776452883 -168.01581575000017 1
vertex 287.6467077310219 -133.67233016221255 1
vertex 287.56082399999985 -133.35939219999955 1
endloop
endfacet
facet normal 0 0 1
outer loop
vertex 221.2829776452883 -168.01581575000017 1
vertex 287.56082399999985 -133.35939219999955 1
vertex 280.147991474915 -112.9927923405317 1
endloop
endfacet
facet normal 0 0 1
outer loop
vertex 221.2829776452883 -168.01581575000017 1
vertex 280.147991474915 -112.9927923405317 1
vertex 171.93810030705572 -112.9927923405317 1
endloop
endfacet
facet normal 0 0 1
outer loop
vertex 221.2829776452883 -168.01581575000017 1
vertex 171.93810030705572 -112.9927923405317 1
vertex 171.93809269999994 -112.99279309999902 1
endloop
endfacet
facet normal 0 0 1
outer loop
vertex 221.2829776452883 -168.01581575000017 1
vertex 171.93809269999994 -112.99279309999902 1
vertex 161.26360985000005 -112.9927909341096 1
endloop
endfacet
facet normal 0 0 1
outer loop
vertex 221.2829776452883 -168.01581575000017 1
vertex 161.26360985000005 -112.9927909341096 1
vertex 53.053713809294926 -112.9927923405317 1
endloop
endfacet
facet normal 0 0 1
outer loop
vertex 221.2829776452883 -168.01581575000017 1
vertex 53.053713809294926 -112.9927923405317 1
vertex 45.64087580000003 -133.35938774999985 1
endloop
endfacet
facet normal 0 0 1
outer loop
vertex 221.2829776452883 -168.01581575000017 1
vertex 45.64087580000003 -133.35938774999985 1
vertex 45.5549912543886 -133.67232828718113 1
endloop
endfacet
facet normal 0 0 1
outer loop
vertex 221.2829776452883 -168.01581575000017 1
vertex 45.5549912543886 -133.67232828718113 1
vertex 45.52084632950425 -133.9950387752207 1
endloop
endfacet
facet normal 0 0 1
outer loop
vertex 221.2829776452883 -168.01581575000017 1
vertex 45.52084632950425 -133.9950387752207 1
vertex 45.539339958229476 -134.3190232203453 1
endloop
endfacet
facet normal 0 0 1
outer loop
vertex 221.2829776452883 -168.01581575000017 1
vertex 45.539339958229476 -134.3190232203453 1
vertex 45.609985259101336 -134.63575208933383 1
endloop
endfacet
facet normal 0 0 1
outer loop
vertex 221.2829776452883 -168.01581575000017 1
vertex 45.609985259101336 -134.63575208933383 1
vertex 45.730922354432096 -134.93688686640064 1
endloop
endfacet
facet normal 0 0 1
outer loop
vertex 221.2829776452883 -168.01581575000017 1
vertex 45.730922354432096 -134.93688686640064 1
vertex 45.89896733527867 -135.21449958116438 1
endloop
endfacet
facet normal 0 0 1
outer loop
vertex 221.2829776452883 -168.01581575000017 1
vertex 45.89896733527867 -135.21449958116438 1
vertex 46.109696084161186 -135.46128152819503 1
endloop
endfacet
facet normal 0 0 1
outer loop
vertex 221.2829776452883 -168.01581575000017 1
vertex 46.109696084161186 -135.46128152819503 1
vertex 46.357560748733704 -135.67073568318514 1
endloop
endfacet
facet normal 0 0 1
outer loop
vertex 221.2829776452883 -168.01581575000017 1
vertex 46.357560748733704 -135.67073568318514 1
vertex 46.63603160000024 -135.83734550000014 1
endloop
endfacet
facet normal 0 0 1
outer loop
vertex 221.2829776452883 -168.01581575000017 1
vertex 46.63603160000024 -135.83734550000014 1
vertex 111.91874534064758 -168.01582079999986 1
endloop
endfacet
facet normal 0 0 -1
outer loop
vertex 157.92611706306386 -112.9927909341096 1
vertex 161.84676112696607 -112.9927923405317 1
vertex 157.92611706306386 -112.9927909341096 1
endloop
endfacet
facet normal 0 0 -1
outer loop
vertex 157.92611706306386 -112.9927909341096 1
vertex 157.92611706306386 -112.9927909341096 1
vertex 53.053713809294926 -112.9927923405317 1
endloop
endfacet
facet normal 0 0 -1
outer loop
vertex 162.63127765959132 -112.9927909341096 1
vertex 165.43765887554238 -112.9927923405317 1
vertex 162.63127765959132 -112.9927909341096 1
endloop
endfacet
facet normal 0 0 -1
outer loop
vertex 162.63127765959132 -112.9927909341096 1
vertex 162.63127765959132 -112.9927909341096 1
vertex 161.84676112696607 -112.9927923405317 1
endloop
endfacet
facet normal 0 0 1
outer loop
vertex 161.26360985000005 -112.9927909341096 1
vertex 160.91631929946578 -112.96240611692662 1
vertex 53.06477349545111 -112.96240611692662 1
endloop
endfacet
facet normal 0 0 1
outer loop
vertex 161.26360985000005 -112.9927909341096 1
vertex 53.06477349545111 -112.96240611692662 1
vertex 53.053713809294926 -112.9927923405317 1
endloop
endfacet
facet normal 0 0 1
outer loop
vertex 280.147991474915 -112.9927923405317 1
vertex 280.13693179935757 -112.96240611692662 1
vertex 172.28539211819907 -112.96240611692662 1
endloop
endfacet
facet normal 0 0 1
outer loop
vertex 280.147991474915 -112.9927923405317 1
vertex 172.28539211819907 -112.96240611692662 1
vertex 171.93810030705572 -112.9927923405317 1
endloop
endfacet
facet normal 0 0 1
outer loop
vertex 160.91631929946578 -112.96240611692662 1
vertex 160.57957085122914 -112.87217521457507 1
vertex 53.097614873654834 -112.87217521457507 1
endloop
endfacet
facet normal 0 0 1
outer loop
vertex 160.91631929946578 -112.96240611692662 1
vertex 53.097614873654834 -112.87217521457507 1
vertex 53.06477349545111 -112.96240611692662 1
endloop
endfacet
facet normal 0 0 1
outer loop
vertex 280.13693179935757 -112.96240611692662 1
vertex 280.1040904526264 -112.87217521457507 1
vertex 172.62213534877097 -112.87217521457507 1
endloop
endfacet
facet normal 0 0 1
outer loop
vertex 280.13693179935757 -112.96240611692662 1
vertex 172.62213534877097 -112.87217521457507 1
vertex 172.28539211819907 -112.96240611692662 1
endloop
endfacet
facet normal 0 0 1
outer loop
vertex 160.57957085122914 -112.87217521457507 1
vertex 160.2636119009058 -112.72484035520505 1
vertex 53.15124040230477 -112.72484035520505 1
endloop
endfacet
facet normal 0 0 1
outer loop
vertex 160.57957085122914 -112.87217521457507 1
vertex 53.15124040230477 -112.72484035520505 1
vertex 53.097614873654834 -112.87217521457507 1
endloop
endfacet
facet normal 0 0 1
outer loop
vertex 280.1040904526264 -112.87217521457507 1
vertex 280.05046497536694 -112.72484035520505 1
vertex 172.9380942990942 -112.72484035520505 1
endloop
endfacet
facet normal 0 0 1
outer loop
vertex 280.1040904526264 -112.87217521457507 1
vertex 172.9380942990942 -112.72484035520505 1
vertex 172.62213534877097 -112.87217521457507 1
endloop
endfacet
facet normal 0 0 1
outer loop
vertex 160.2636119009058 -112.72484035520505 1
vertex 159.97803745546761 -112.52487822082017 1
vertex 53.224020701632504 -112.52487822082017 1
endloop
endfacet
facet normal 0 0 1
outer loop
vertex 160.2636119009058 -112.72484035520505 1
vertex 53.224020701632504 -112.52487822082017 1
vertex 53.15124040230477 -112.72484035520505 1
endloop
endfacet
facet normal 0 0 1
outer loop
vertex 280.05046497536694 -112.72484035520505 1
vertex 279.97768474578606 -112.52487822082017 1
vertex 173.22366874453238 -112.52487822082017 1
endloop
endfacet
facet normal 0 0 1
outer loop
vertex 280.05046497536694 -112.72484035520505 1
vertex 173.22366874453238 -112.52487822082017 1
vertex 172.9380942990942 -112.72484035520505 1
endloop
endfacet
facet normal 0 0 1
outer loop
vertex 159.97803745546761 -112.52487822082017 1
vertex 159.73152462445634 -112.2783646418502 1
vertex 53.31374434916695 -112.2783646418502 1
endloop
endfacet
facet normal 0 0 1
outer loop
vertex 159.97803745546761 -112.52487822082017 1
vertex 53.31374434916695 -112.2783646418502 1
vertex 53.224020701632504 -112.52487822082017 1
endloop
endfacet
facet normal 0 0 1
outer loop
vertex 279.97768474578606 -112.52487822082017 1
vertex 279.8879611842356 -112.2783646418502 1
vertex 173.47018167554333 -112.2783646418502 1
endloop
endfacet
facet normal 0 0 1
outer loop
vertex 279.97768474578606 -112.52487822082017 1
vertex 173.47018167554333 -112.2783646418502 1
vertex 173.22366874453238 -112.52487822082017 1
endloop
endfacet
facet normal 0 0 1
outer loop
vertex 159.73152462445634 -112.2783646418502 1
vertex 159.53156329742433 -111.9927895896975 1
vertex 53.41768521697247 -111.9927895896975 1
endloop
endfacet
facet normal 0 0 1
outer loop
vertex 159.73152462445634 -112.2783646418502 1
vertex 53.41768521697247 -111.9927895896975 1
vertex 53.31374434916695 -112.2783646418502 1
endloop
endfacet
facet normal 0 0 1
outer loop
vertex 279.8879611842356 -112.2783646418502 1
vertex 279.7840204160388 -111.9927895896975 1
vertex 173.67014294345094 -111.9927895896975 1
endloop
endfacet
facet normal 0 0 1
outer loop
vertex 279.8879611842356 -112.2783646418502 1
vertex 173.67014294345094 -111.9927895896975 1
vertex 173.47018167554333 -112.2783646418502 1
endloop
endfacet
facet normal 0 0 1
outer loop
vertex 159.53156329742433 -111.9927895896975 1
vertex 159.38422935584748 -111.6768300923393 1
vertex 53.532685123649344 -111.6768300923393 1
endloop
endfacet
facet normal 0 0 1
outer loop
vertex 159.53156329742433 -111.9927895896975 1
vertex 53.532685123649344 -111.6768300923393 1
vertex 53.41768521697247 -111.9927895896975 1
endloop
endfacet
facet normal 0 0 1
outer loop
vertex 279.7840204160388 -111.9927895896975 1
vertex 279.66902061956876 -111.6768300923393 1
vertex 173.8174768441525 -111.6768300923393 1
endloop
endfacet
facet normal 0 0 1
outer loop
vertex 279.7840204160388 -111.9927895896975 1
vertex 173.8174768441525 -111.6768300923393 1
vertex 173.67014294345094 -111.9927895896975 1
endloop
endfacet
facet normal 0 0 1
outer loop
vertex 159.38422935584748 -111.6768300923393 1
vertex 159.29399947522674 -111.34008658799488 1
vertex 53.65524979379677 -111.34008658799488 1
endloop
endfacet
facet normal 0 0 1
outer loop
vertex 159.38422935584748 -111.6768300923393 1
vertex 53.65524979379677 -111.34008658799488 1
vertex 53.532685123649344 -111.6768300923393 1
endloop
endfacet
facet normal 0 0 1
outer loop
vertex 279.66902061956876 -111.6768300923393 1
vertex 279.54645606687757 -111.34008658799488 1
vertex 173.90770672477325 -111.34008658799488 1
endloop
endfacet
facet normal 0 0 1
outer loop
vertex 279.66902061956876 -111.6768300923393 1
vertex 173.90770672477325 -111.34008658799488 1
vertex 173.8174768441525 -111.6768300923393 1
endloop
endfacet
facet normal 0 0 1
outer loop
vertex 159.29399947522674 -111.34008658799488 1
vertex 159.26361520465068 -110.9927908276034 1
vertex 53.781655172866664 -110.9927908276034 1
endloop
endfacet
facet normal 0 0 1
outer loop
vertex 159.29399947522674 -111.34008658799488 1
vertex 53.781655172866664 -110.9927908276034 1
vertex 53.65524979379677 -111.34008658799488 1
endloop
endfacet
facet normal 0 0 1
outer loop
vertex 279.54645606687757 -111.34008658799488 1
vertex 279.4200508089446 -110.9927908276034 1
vertex 173.9380910040981 -110.9927908276034 1
endloop
endfacet
facet normal 0 0 1
outer loop
vertex 279.54645606687757 -111.34008658799488 1
vertex 173.9380910040981 -110.9927908276034 1
vertex 173.90770672477325 -111.34008658799488 1
endloop
endfacet
facet normal 0 0 1
outer loop
vertex 159.26361520465068 -110.9927908276034 1
vertex 159.29399972237337 -110.64549498916186 1
vertex 53.90806058034446 -110.64549498916186 1
endloop
endfacet
facet normal 0 0 1
outer loop
vertex 159.26361520465068 -110.9927908276034 1
vertex 53.90806058034446 -110.64549498916186 1
vertex 53.781655172866664 -110.9927908276034 1
endloop
endfacet
facet normal 0 0 1
outer loop
vertex 279.4200508089446 -110.9927908276034 1
vertex 279.2936455226037 -110.64549498916186 1
vertex 173.90770647388547 -110.64549498916186 1
endloop
endfacet
facet normal 0 0 1
outer loop
vertex 279.4200508089446 -110.9927908276034 1
vertex 173.90770647388547 -110.64549498916186 1
vertex 173.9380910040981 -110.9927908276034 1
endloop
endfacet
facet normal 0 0 1
outer loop
vertex 159.29399972237337 -110.64549498916186 1
vertex 159.3842300717039 -110.30875155000022 1
vertex 54.03062522676728 -110.30875155000022 1
endloop
endfacet
facet normal 0 0 1
outer loop
vertex 159.29399972237337 -110.64549498916186 1
vertex 54.03062522676728 -110.30875155000022 1
vertex 53.90806058034446 -110.64549498916186 1
endloop
endfacet
facet normal 0 0 1
outer loop
vertex 279.2936455226037 -110.64549498916186 1
vertex 279.17108099363713 -110.30875155000022 1
vertex 173.81747635000008 -110.30875155000022 1
endloop
endfacet
facet normal 0 0 1
outer loop
vertex 279.2936455226037 -110.64549498916186 1
vertex 173.81747635000008 -110.30875155000022 1
vertex 173.90770647388547 -110.64549498916186 1
endloop
endfacet
facet normal 0 0 1
outer loop
vertex 159.3842300717039 -110.30875155000022 1
vertex 161.81323264999997 -103.63512115000019 1
vertex 161.89976272065627 -103.3187414934289 1
endloop
endfacet
facet normal 0 0 1
outer loop
vertex 159.3842300717039 -110.30875155000022 1
vertex 161.89976272065627 -103.3187414934289 1
vertex 161.93341772181415 -102.99247338110847 1
endloop
endfacet
facet normal 0 0 1
outer loop
vertex 159.3842300717039 -110.30875155000022 1
vertex 161.93341772181415 -102.99247338110847 1
vertex 161.91329247243098 -102.66509208268603 1
endloop
endfacet
facet normal 0 0 1
outer loop
vertex 159.3842300717039 -110.30875155000022 1
vertex 161.91329247243098 -102.66509208268603 1
vertex 161.83992825890076 -102.34540280793131 1
endloop
endfacet
facet normal 0 0 1
outer loop
vertex 159.3842300717039 -110.30875155000022 1
vertex 161.83992825890076 -102.34540280793131 1
vertex 161.715298276678 -102.04200388283293 1
endloop
endfacet
facet normal 0 0 1
outer loop
vertex 159.3842300717039 -110.30875155000022 1
vertex 161.715298276678 -102.04200388283293 1
vertex 161.54275455943863 -101.76305549000513 1
endloop
endfacet
facet normal 0 0 1
outer loop
vertex 159.3842300717039 -110.30875155000022 1
vertex 161.54275455943863 -101.76305549000513 1
vertex 161.32693782316886 -101.51606019335841 1
endloop
endfacet
facet normal 0 0 1
outer loop
vertex 159.3842300717039 -110.30875155000022 1
vertex 161.32693782316886 -101.51606019335841 1
vertex 161.07365529999998 -101.30766229999999 1
endloop
endfacet
facet normal 0 0 1
outer loop
vertex 159.3842300717039 -110.30875155000022 1
vertex 161.07365529999998 -101.30766229999999 1
vertex 146.38394784999988 -91.11950454999993 1
endloop
endfacet
facet normal 0 0 1
outer loop
vertex 159.3842300717039 -110.30875155000022 1
vertex 146.38394784999988 -91.11950454999993 1
vertex 61.01494315959391 -91.11950454999993 1
endloop
endfacet
facet normal 0 0 1
outer loop
vertex 159.3842300717039 -110.30875155000022 1
vertex 61.01494315959391 -91.11950454999993 1
vertex 54.03062522676728 -110.30875155000022 1
endloop
endfacet
facet normal 0 0 1
outer loop
vertex 279.17108099363713 -110.30875155000022 1
vertex 272.1867673090862 -91.11949810000048 1
vertex 186.81775399999935 -91.11949810000048 1
endloop
endfacet
facet normal 0 0 1
outer loop
vertex 279.17108099363713 -110.30875155000022 1
vertex 186.81775399999935 -91.11949810000048 1
vertex 172.12805289999983 -101.30766229999999 1
endloop
endfacet
facet normal 0 0 1
outer loop
vertex 279.17108099363713 -110.30875155000022 1
vertex 172.12805289999983 -101.30766229999999 1
vertex 171.87476772683098 -101.51606019335841 1
endloop
endfacet
facet normal 0 0 1
outer loop
vertex 279.17108099363713 -110.30875155000022 1
vertex 171.87476772683098 -101.51606019335841 1
vertex 171.65895099056135 -101.76305549000513 1
endloop
endfacet
facet normal 0 0 1
outer loop
vertex 279.17108099363713 -110.30875155000022 1
vertex 171.65895099056135 -101.76305549000513 1
vertex 171.48640727332202 -102.04200388283293 1
endloop
endfacet
facet normal 0 0 1
outer loop
vertex 279.17108099363713 -110.30875155000022 1
vertex 171.48640727332202 -102.04200388283293 1
vertex 171.3617772910992 -102.34540280793131 1
endloop
endfacet
facet normal 0 0 1
outer loop
vertex 279.17108099363713 -110.30875155000022 1
vertex 171.3617772910992 -102.34540280793131 1
vertex 171.28841307756906 -102.66509208268603 1
endloop
endfacet
facet normal 0 0 1
outer loop
vertex 279.17108099363713 -110.30875155000022 1
vertex 171.28841307756906 -102.66509208268603 1
vertex 171.26828782818586 -102.99247338110847 1
endloop
endfacet
facet normal 0 0 1
outer loop
vertex 279.17108099363713 -110.30875155000022 1
vertex 171.26828782818586 -102.99247338110847 1
vertex 171.3019428293437 -103.3187414934289 1
endloop
endfacet
facet normal 0 0 1
outer loop
vertex 279.17108099363713 -110.30875155000022 1
vertex 171.3019428293437 -103.3187414934289 1
vertex 171.38847579999998 -103.63512449999989 1
endloop
endfacet
facet normal 0 0 1
outer loop
vertex 279.17108099363713 -110.30875155000022 1
vertex 171.38847579999998 -103.63512449999989 1
vertex 173.81747635000008 -110.30875155000022 1
endloop
endfacet
facet normal 0 0 1
outer loop
vertex 146.38394784999988 -91.11950454999993 1
vertex 146.26289810539868 -91.02857023094455 1
vertex 61.048040558321645 -91.02857023094455 1
endloop
endfacet
facet normal 0 0 1
outer loop
vertex 146.38394784999988 -91.11950454999993 1
vertex 61.048040558321645 -91.02857023094455 1
vertex 61.01494315959391 -91.11950454999993 1
endloop
endfacet
facet normal 0 0 1
outer loop
vertex 272.1867673090862 -91.11949810000048 1
vertex 272.1536707960385 -91.0285661336158 1
vertex 186.9388060246542 -91.0285661336158 1
endloop
endfacet
facet normal 0 0 1
outer loop
vertex 272.1867673090862 -91.11949810000048 1
vertex 186.9388060246542 -91.0285661336158 1
vertex 186.81775399999935 -91.11949810000048 1
endloop
endfacet
facet normal 0 0 1
outer loop
vertex 272.1536707960385 -91.0285661336158 1
vertex 272.1173378477519 -90.92874213017801 1
vertex 187.052630102445 -90.92874213017801 1
endloop
endfacet
facet normal 0 0 1
outer loop
vertex 272.1536707960385 -91.0285661336158 1
vertex 187.052630102445 -90.92874213017801 1
vertex 186.9388060246542 -91.0285661336158 1
endloop
endfacet
facet normal 0 0 1
outer loop
vertex 146.26289810539868 -91.02857023094455 1
vertex 146.14907401488477 -90.92873953692305 1
vertex 61.08437597403289 -90.92873953692305 1
endloop
endfacet
facet normal 0 0 1
outer loop
vertex 146.26289810539868 -91.02857023094455 1
vertex 61.08437597403289 -90.92873953692305 1
vertex 61.048040558321645 -91.02857023094455 1
endloop
endfacet
facet normal 0 0 1
outer loop
vertex 272.1173378477519 -90.92874213017801 1
vertex 272.0779751847741 -90.82059404999973 1
vertex 187.15857700000026 -90.82059404999973 1
endloop
endfacet
facet normal 0 0 1
outer loop
vertex 272.1173378477519 -90.92874213017801 1
vertex 187.15857700000026 -90.82059404999973 1
vertex 187.052630102445 -90.92874213017801 1
endloop
endfacet
facet normal 0 0 1
outer loop
vertex 146.14907401488477 -90.92873953692305 1
vertex 146.04312570000042 -90.82058910000046 1
vertex 61.12373952973539 -90.82058910000046 1
endloop
endfacet
facet normal 0 0 1
outer loop
vertex 146.14907401488477 -90.92873953692305 1
vertex 61.12373952973539 -90.82058910000046 1
vertex 61.08437597403289 -90.92873953692305 1
endloop
endfacet
facet normal 0 0 1
outer loop
vertex 146.04312570000042 -90.82058910000046 1
vertex 132.09475190000015 -75.46003145000016 1
vertex 131.9214555794951 -75.29098321533534 1
endloop
endfacet
facet normal 0 0 1
outer loop
vertex 146.04312570000042 -90.82058910000046 1
vertex 131.9214555794951 -75.29098321533534 1
vertex 131.729003680514 -75.14411188756067 1
endloop
endfacet
facet normal 0 0 1
outer loop
vertex 146.04312570000042 -90.82058910000046 1
vertex 131.729003680514 -75.14411188756067 1
vertex 131.52021605256115 -75.02156945916357 1
endloop
endfacet
facet normal 0 0 1
outer loop
vertex 146.04312570000042 -90.82058910000046 1
vertex 131.52021605256115 -75.02156945916357 1
vertex 131.2981537999999 -74.92515289999997 1
endloop
endfacet
facet normal 0 0 1
outer loop
vertex 146.04312570000042 -90.82058910000046 1
vertex 131.2981537999999 -74.92515289999997 1
vertex 110.61398239999984 -67.39672689999993 1
endloop
endfacet
facet normal 0 0 1
outer loop
vertex 146.04312570000042 -90.82058910000046 1
vertex 110.61398239999984 -67.39672689999993 1
vertex 110.38189621466616 -67.32784847179212 1
endloop
endfacet
facet normal 0 0 1
outer loop
vertex 146.04312570000042 -90.82058910000046 1
vertex 110.38189621466616 -67.32784847179212 1
vertex 110.14318814683904 -67.28751618138521 1
endloop
endfacet
facet normal 0 0 1
outer loop
vertex 146.04312570000042 -90.82058910000046 1
vertex 110.14318814683904 -67.28751618138521 1
vertex 109.9013557611703 -67.27632097987079 1
endloop
endfacet
facet normal 0 0 1
outer loop
vertex 146.04312570000042 -90.82058910000046 1
vertex 109.9013557611703 -67.27632097987079 1
vertex 109.6599448 -67.2944238 1
endloop
endfacet
facet normal 0 0 1
outer loop
vertex 146.04312570000042 -90.82058910000046 1
vertex 109.6599448 -67.2944238 1
vertex 89.05788144999977 -70.10136600000003 1
endloop
endfacet
facet normal 0 0 1
outer loop
vertex 146.04312570000042 -90.82058910000046 1
vertex 89.05788144999977 -70.10136600000003 1
vertex 88.87714904030373 -70.1345124581575 1
endloop
endfacet
facet normal 0 0 1
outer loop
vertex 146.04312570000042 -90.82058910000046 1
vertex 88.87714904030373 -70.1345124581575 1
vertex 88.70022289999987 -70.18410200000004 1
endloop
endfacet
facet normal 0 0 1
outer loop
vertex 146.04312570000042 -90.82058910000046 1
vertex 88.70022289999987 -70.18410200000004 1
vertex 66.81101620000015 -77.41909529999992 1
endloop
endfacet
facet normal 0 0 1
outer loop
vertex 146.04312570000042 -90.82058910000046 1
vertex 66.81101620000015 -77.41909529999992 1
vertex 66.53354309493693 -77.53459521412316 1
endloop
endfacet
facet normal 0 0 1
outer loop
vertex 146.04312570000042 -90.82058910000046 1
vertex 66.53354309493693 -77.53459521412316 1
vertex 66.27651057865681 -77.69036899296061 1
endloop
endfacet
facet normal 0 0 1
outer loop
vertex 146.04312570000042 -90.82058910000046 1
vertex 66.27651057865681 -77.69036899296061 1
vertex 66.04572316407848 -77.88290042901954 1
endloop
endfacet
facet normal 0 0 1
outer loop
vertex 146.04312570000042 -90.82058910000046 1
vertex 66.04572316407848 -77.88290042901954 1
vertex 65.8463926763395 -78.10784162412679 1
endloop
endfacet
facet normal 0 0 1
outer loop
vertex 146.04312570000042 -90.82058910000046 1
vertex 65.8463926763395 -78.10784162412679 1
vertex 65.68302055521059 -78.36011277712797 1
endloop
endfacet
facet normal 0 0 1
outer loop
vertex 146.04312570000042 -90.82058910000046 1
vertex 65.68302055521059 -78.36011277712797 1
vertex 65.55929240000006 -78.6340126500005 1
endloop
endfacet
facet normal 0 0 1
outer loop
vertex 146.04312570000042 -90.82058910000046 1
vertex 65.55929240000006 -78.6340126500005 1
vertex 61.12373952973539 -90.82058910000046 1
endloop
endfacet
facet normal 0 0 1
outer loop
vertex 272.0779751847741 -90.82059404999973 1
vertex 267.64242445000025 -78.6340126500005 1
vertex 267.5186977265029 -78.36010668856521 1
endloop
endfacet
facet normal 0 0 1
outer loop
vertex 272.0779751847741 -90.82059404999973 1
vertex 267.5186977265029 -78.36010668856521 1
vertex 267.35532265304937 -78.10783428977638 1
endloop
endfacet
facet normal 0 0 1
outer loop
vertex 272.0779751847741 -90.82059404999973 1
vertex 267.35532265304937 -78.10783428977638 1
vertex 267.15598876069174 -77.88289257027012 1
endloop
endfacet
facet normal 0 0 1
outer loop
vertex 272.0779751847741 -90.82059404999973 1
vertex 267.15598876069174 -77.88289257027012 1
vertex 266.92519764548285 -77.69036143263934 1
endloop
endfacet
facet normal 0 0 1
outer loop
vertex 272.0779751847741 -90.82059404999973 1
vertex 266.92519764548285 -77.69036143263934 1
vertex 266.66816130805586 -77.53458884500368 1
endloop
endfacet
facet normal 0 0 1
outer loop
vertex 272.0779751847741 -90.82059404999973 1
vertex 266.66816130805586 -77.53458884500368 1
vertex 266.3906888999998 -77.41909529999992 1
endloop
endfacet
facet normal 0 0 1
outer loop
vertex 272.0779751847741 -90.82059404999973 1
vertex 266.3906888999998 -77.41909529999992 1
vertex 244.5014815000001 -70.18410450000002 1
endloop
endfacet
facet normal 0 0 1
outer loop
vertex 272.0779751847741 -90.82059404999973 1
vertex 244.5014815000001 -70.18410450000002 1
vertex 244.32455390969668 -70.1345109581576 1
endloop
endfacet
facet normal 0 0 1
outer loop
vertex 272.0779751847741 -90.82059404999973 1
vertex 244.32455390969668 -70.1345109581576 1
vertex 244.14382299999994 -70.101369 1
endloop
endfacet
facet normal 0 0 1
outer loop
vertex 272.0779751847741 -90.82059404999973 1
vertex 244.14382299999994 -70.101369 1
vertex 223.54176264999984 -67.29441509999998 1
endloop
endfacet
facet normal 0 0 1
outer loop
vertex 272.0779751847741 -90.82059404999973 1
vertex 223.54176264999984 -67.29441509999998 1
vertex 223.30034837445973 -67.27631404278144 1
endloop
endfacet
facet normal 0 0 1
outer loop
vertex 272.0779751847741 -90.82059404999973 1
vertex 223.30034837445973 -67.27631404278144 1
vertex 223.05851567175023 -67.28751424846205 1
endloop
endfacet
facet normal 0 0 1
outer loop
vertex 272.0779751847741 -90.82059404999973 1
vertex 223.05851567175023 -67.28751424846205 1
vertex 222.81980790490366 -67.32785161022616 1
endloop
endfacet
facet normal 0 0 1
outer loop
vertex 272.0779751847741 -90.82059404999973 1
vertex 222.81980790490366 -67.32785161022616 1
vertex 222.58772529999982 -67.39673020000004 1
endloop
endfacet
facet normal 0 0 1
outer loop
vertex 272.0779751847741 -90.82059404999973 1
vertex 222.58772529999982 -67.39673020000004 1
vertex 201.9035537000006 -74.92514754999974 1
endloop
endfacet
facet normal 0 0 1
outer loop
vertex 272.0779751847741 -90.82059404999973 1
vertex 201.9035537000006 -74.92514754999974 1
vertex 201.68148954743884 -75.02156555916358 1
endloop
endfacet
facet normal 0 0 1
outer loop
vertex 272.0779751847741 -90.82059404999973 1
vertex 201.68148954743884 -75.02156555916358 1
vertex 201.47270191948593 -75.1441079875607 1
endloop
endfacet
facet normal 0 0 1
outer loop
vertex 272.0779751847741 -90.82059404999973 1
vertex 201.47270191948593 -75.1441079875607 1
vertex 201.28025002050478 -75.29097931533542 1
endloop
endfacet
facet normal 0 0 1
outer loop
vertex 272.0779751847741 -90.82059404999973 1
vertex 201.28025002050478 -75.29097931533542 1
vertex 201.10695739999989 -75.46002510000011 1
endloop
endfacet
facet normal 0 0 1
outer loop
vertex 272.0779751847741 -90.82059404999973 1
vertex 201.10695739999989 -75.46002510000011 1
vertex 187.15857700000026 -90.82059404999973 1
endloop
endfacet
facet normal -0.9643424294225568 0.26465766343599695 0
outer loop
vertex 45.5549912543886 -133.67232828718113 1
vertex 45.64087580000003 -133.35938774999985 1
vertex 45.64087580000006 -133.3593877499998 0
endloop
endfacet
facet normal -0.9643424294225568 0.26465766343599695 0
outer loop
vertex 45.5549912543886 -133.67232828718113 1
vertex 45.64087580000006 -133.3593877499998 0
vertex 45.5549912543886 -133.67232828718113 0
endloop
endfacet
facet normal -0.9944490376332817 0.10521934969500535 0
outer loop
vertex 45.52084632950425 -133.9950387752207 1
vertex 45.5549912543886 -133.67232828718113 1
vertex 45.5549912543886 -133.67232828718113 0
endloop
endfacet
facet normal -0.9944490376332817 0.10521934969500535 0
outer loop
vertex 45.52084632950425 -133.9950387752207 1
vertex 45.5549912543886 -133.67232828718113 0
vertex 45.52084632950425 -133.99503877522076 0
endloop
endfacet
facet normal -0.9983748021934894 -0.05698907215520423 0
outer loop
vertex 45.539339958229476 -134.3190232203453 1
vertex 45.52084632950425 -133.9950387752207 1
vertex 45.52084632950425 -133.99503877522076 0
endloop
endfacet
facet normal -0.9983748021934894 -0.05698907215520423 0
outer loop
vertex 45.539339958229476 -134.3190232203453 1
vertex 45.52084632950425 -133.99503877522076 0
vertex 45.53933995822946 -134.31902322034523 0
endloop
endfacet
facet normal -0.976016369563407 -0.21769714362909554 0
outer loop
vertex 45.609985259101336 -134.63575208933383 1
vertex 45.539339958229476 -134.3190232203453 1
vertex 45.53933995822946 -134.31902322034523 0
endloop
endfacet
facet normal -0.976016369563407 -0.21769714362909554 0
outer loop
vertex 45.609985259101336 -134.63575208933383 1
vertex 45.53933995822946 -134.31902322034523 0
vertex 45.609985259101364 -134.6357520893339 0
endloop
endfacet
facet normal -0.92796236983549 -0.3726739059409736 0
outer loop
vertex 45.730922354432096 -134.93688686640064 1
vertex 45.609985259101336 -134.63575208933383 1
vertex 45.609985259101364 -134.6357520893339 0
endloop
endfacet
facet normal -0.92796236983549 -0.3726739059409736 0
outer loop
vertex 45.730922354432096 -134.93688686640064 1
vertex 45.609985259101364 -134.6357520893339 0
vertex 45.730922354432096 -134.93688686640064 0
endloop
endfacet
facet normal -0.8554779198795283 -0.5178392883883912 0
outer loop
vertex 45.89896733527867 -135.21449958116438 1
vertex 45.730922354432096 -134.93688686640064 1
vertex 45.730922354432096 -134.93688686640064 0
endloop
endfacet
facet normal -0.8554779198795283 -0.5178392883883912 0
outer loop
vertex 45.89896733527867 -135.21449958116438 1
vertex 45.730922354432096 -134.93688686640064 0
vertex 45.89896733527863 -135.2144995811643 0
endloop
endfacet
facet normal -0.7604713166313743 -0.6493715243071136 0
outer loop
vertex 46.109696084161186 -135.46128152819503 1
vertex 45.89896733527867 -135.21449958116438 1
vertex 45.89896733527863 -135.2144995811643 0
endloop
endfacet
facet normal -0.7604713166313743 -0.6493715243071136 0
outer loop
vertex 46.109696084161186 -135.46128152819503 1
vertex 45.89896733527863 -135.2144995811643 0
vertex 46.10969608416136 -135.4612815281952 0
endloop
endfacet
facet normal -0.6454437973906121 -0.7638077666599014 0
outer loop
vertex 46.357560748733704 -135.67073568318514 1
vertex 46.109696084161186 -135.46128152819503 1
vertex 46.10969608416136 -135.4612815281952 0
endloop
endfacet
facet normal -0.6454437973906121 -0.7638077666599014 0
outer loop
vertex 46.357560748733704 -135.67073568318514 1
vertex 46.10969608416136 -135.4612815281952 0
vertex 46.357560748733675 -135.67073568318514 0
endloop
endfacet
facet normal -0.5134242863035878 -0.8581348974570675 0
outer loop
vertex 46.63603160000024 -135.83734550000014 1
vertex 46.357560748733704 -135.67073568318514 1
vertex 46.357560748733675 -135.67073568318514 0
endloop
endfacet
facet normal -0.5134242863035878 -0.8581348974570675 0
outer loop
vertex 46.63603160000024 -135.83734550000014 1
vertex 46.357560748733675 -135.67073568318514 0
vertex 46.63603159999991 -135.83734549999994 0
endloop
endfacet
facet normal -0.44211852380793265 -0.8969566382528726 -3.1240173066791214e-14
outer loop
vertex 111.91874534064758 -168.01582079999986 1
vertex 46.63603160000024 -135.83734550000014 1
vertex 46.63603159999991 -135.83734549999994 0
endloop
endfacet
facet normal -0.44211852380793265 -0.8969566382528726 -3.1240173066791214e-14
outer loop
vertex 111.91874534064758 -168.01582079999986 1
vertex 46.63603159999991 -135.83734549999994 0
vertex 111.91873650000018 -168.01581575000012 0
endloop
endfacet
facet normal -0.44211852380793265 -0.8969566382528726 -3.1240173066791214e-14
outer loop
vertex 111.91874534064758 -168.01582079999986 1
vertex 111.91873650000018 -168.01581575000012 0
vertex 111.9187453406484 -168.0158208000003 0
endloop
endfacet
facet normal -0.49601030140879393 -0.8683166363120987 -1.3963729713122286e-14
outer loop
vertex 112.13060507689514 -168.1368418736935 1
vertex 111.91874534064758 -168.01582079999986 1
vertex 111.9187453406484 -168.0158208000003 0
endloop
endfacet
facet normal -0.49601030140879393 -0.8683166363120987 -1.3963729713122286e-14
outer loop
vertex 112.13060507689514 -168.1368418736935 1
vertex 111.9187453406484 -168.0158208000003 0
vertex 112.13059665932451 -168.13683559252559 0
endloop
endfacet
facet normal -0.49601030140879393 -0.8683166363120987 -1.3963729713122286e-14
outer loop
vertex 112.13060507689514 -168.1368418736935 1
vertex 112.13059665932451 -168.13683559252559 0
vertex 112.13060507689508 -168.13684187369344 0
endloop
endfacet
facet normal -0.5980476456282763 -0.8014605502197072 0
outer loop
vertex 112.32614664446005 -168.2827549962179 1
vertex 112.13060507689514 -168.1368418736935 1
vertex 112.13060507689508 -168.13684187369344 0
endloop
endfacet
facet normal -0.5980476456282763 -0.8014605502197072 0
outer loop
vertex 112.32614664446005 -168.2827549962179 1
vertex 112.13060507689508 -168.13684187369344 0
vertex 112.32614404879229 -168.28275251363652 0
endloop
endfacet
facet normal -0.6911890179953413 -0.7226740215357377 0
outer loop
vertex 112.50246840849853 -168.45139488544206 1
vertex 112.32614664446005 -168.2827549962179 1
vertex 112.32614404879229 -168.28275251363652 0
endloop
endfacet
facet normal -0.6911890179953413 -0.7226740215357377 0
outer loop
vertex 112.50246840849853 -168.45139488544206 1
vertex 112.32614404879229 -168.28275251363652 0
vertex 112.50246840849852 -168.45139488544203 0
endloop
endfacet
facet normal -0.7740436783243523 -0.6331322010813435 0
outer loop
vertex 112.65694556782397 -168.64025286552447 1
vertex 112.50246840849853 -168.45139488544206 1
vertex 112.50246840849852 -168.45139488544203 0
endloop
endfacet
facet normal -0.7740436783243523 -0.6331322010813435 0
outer loop
vertex 112.65694556782397 -168.64025286552447 1
vertex 112.50246840849852 -168.45139488544203 0
vertex 112.65694069370991 -168.6402469066155 0
endloop
endfacet
facet normal -0.8453800387846068 -0.5341653208741063 0
outer loop
vertex 112.787273 -168.8465115 1
vertex 112.65694556782397 -168.64025286552447 1
vertex 112.65694069370991 -168.6402469066155 0
endloop
endfacet
facet normal -0.8453800387846068 -0.5341653208741063 0
outer loop
vertex 112.787273 -168.8465115 1
vertex 112.65694069370991 -168.6402469066155 0
vertex 112.78726914562864 -168.8465053999997 0
endloop
endfacet
facet normal 0 0 1
outer loop
vertex 130.86362754999996 -201.73994775000003 1
vertex 123.30969201201616 -187.99409559999998 1
vertex 123.25783288949789 -187.8997278592137 1
endloop
endfacet
facet normal 0 0 1
outer loop
vertex 130.86362754999996 -201.73994775000003 1
vertex 123.25783288949789 -187.8997278592137 1
vertex 123.22026868459629 -187.8313724960903 1
endloop
endfacet
facet normal 0 0 1
outer loop
vertex 130.86362754999996 -201.73994775000003 1
vertex 123.22026868459629 -187.8313724960903 1
vertex 123.1975201501726 -187.78997712155407 1
endloop
endfacet
facet normal 0 0 1
outer loop
vertex 130.86362754999996 -201.73994775000003 1
vertex 123.1975201501726 -187.78997712155407 1
vertex 123.18990023134538 -187.77611120000003 1
endloop
endfacet
facet normal 0 0 1
outer loop
vertex 130.86362754999996 -201.73994775000003 1
vertex 123.18990023134538 -187.77611120000003 1
vertex 112.787273 -168.8465115 1
endloop
endfacet
facet normal 0 0 1
outer loop
vertex 130.86362754999996 -201.73994775000003 1
vertex 112.787273 -168.8465115 1
vertex 112.78726914562864 -168.8465053999997 0
endloop
endfacet
facet normal 0 0 1
outer loop
vertex 130.86362754999996 -201.73994775000003 1
vertex 112.78726914562864 -168.8465053999997 0
vertex 123.18990023134536 -187.77611120000003 0
endloop
endfacet
facet normal 0 0 1
outer loop
vertex 130.86362754999996 -201.73994775000003 1
vertex 123.18990023134536 -187.77611120000003 0
vertex 123.19752015017256 -187.78997712155405 0
endloop
endfacet
facet normal 0 0 1
outer loop
vertex 130.86362754999996 -201.73994775000003 1
vertex 123.19752015017256 -187.78997712155405 0
vertex 123.22026868459632 -187.83137249609035 0
endloop
endfacet
facet normal 0 0 1
outer loop
vertex 130.86362754999996 -201.73994775000003 1
vertex 123.22026868459632 -187.83137249609035 0
vertex 123.25783288949796 -187.89972785921384 0
endloop
endfacet
facet normal 0 0 1
outer loop
vertex 130.86362754999996 -201.73994775000003 1
vertex 123.25783288949796 -187.89972785921384 0
vertex 123.30969201201599 -187.9940955999997 0
endloop
endfacet
facet normal 0 0 1
outer loop
vertex 130.86362754999996 -201.73994775000003 1
vertex 123.30969201201599 -187.9940955999997 0
vertex 130.86362754999996 -201.73994775 0
endloop
endfacet
facet normal -0.8320425105100143 -0.5547118717894839 0
outer loop
vertex 131.05317561523944 -202.02426120367718 1
vertex 130.86362754999996 -201.73994775000003 1
vertex 130.86362754999996 -201.73994775 0
endloop
endfacet
facet normal -0.8320425105100143 -0.5547118717894839 0
outer loop
vertex 131.05317561523944 -202.02426120367718 1
vertex 130.86362754999996 -201.73994775 0
vertex 131.05317561523958 -202.02426120367733 0
endloop
endfacet
facet normal -0.7254709938023025 -0.6882527422041262 0
outer loop
vertex 131.28835532260692 -202.27215859015124 1
vertex 131.05317561523944 -202.02426120367718 1
vertex 131.05317561523958 -202.02426120367733 0
endloop
endfacet
facet normal -0.7254709938023025 -0.6882527422041262 0
outer loop
vertex 131.28835532260692 -202.27215859015124 1
vertex 131.05317561523958 -202.02426120367733 0
vertex 131.2883553226069 -202.27215859015118 0
endloop
endfacet
facet normal -0.5977225056009584 -0.801703066164844 0
outer loop
vertex 131.56230162304917 -202.4764036230208 1
vertex 131.28835532260692 -202.27215859015124 1
vertex 131.2883553226069 -202.27215859015118 0
endloop
endfacet
facet normal -0.5977225056009584 -0.801703066164844 0
outer loop
vertex 131.56230162304917 -202.4764036230208 1
vertex 131.2883553226069 -202.27215859015118 0
vertex 131.5623016230494 -202.47640362302093 0
endloop
endfacet
facet normal -0.4525261075999946 -0.8917511547177263 0
outer loop
vertex 131.8670178453767 -202.63103425655902 1
vertex 131.56230162304917 -202.4764036230208 1
vertex 131.5623016230494 -202.47640362302093 0
endloop
endfacet
facet normal -0.4525261075999946 -0.8917511547177263 0
outer loop
vertex 131.8670178453767 -202.63103425655902 1
vertex 131.5623016230494 -202.47640362302093 0
vertex 131.8670178453766 -202.63103425655902 0
endloop
endfacet
facet normal -0.2941201773604693 -0.9557684454246468 0
outer loop
vertex 132.19360912431046 -202.73153672171597 1
vertex 131.8670178453767 -202.63103425655902 1
vertex 131.8670178453766 -202.63103425655902 0
endloop
endfacet
facet normal -0.2941201773604693 -0.9557684454246468 0
outer loop
vertex 132.19360912431046 -202.73153672171597 1
vertex 131.8670178453766 -202.63103425655902 0
vertex 132.19360912431037 -202.73153672171597 0
endloop
endfacet
facet normal -0.12712868730551485 -0.9918862318149076 0
outer loop
vertex 132.53254204740003 -202.77497728598124 1
vertex 132.19360912431046 -202.73153672171597 1
vertex 132.19360912431037 -202.73153672171597 0
endloop
endfacet
facet normal -0.12712868730551485 -0.9918862318149076 0
outer loop
vertex 132.53254204740003 -202.77497728598124 1
vertex 132.19360912431037 -202.73153672171597 0
vertex 132.5325420474 -202.77497728598127 0
endloop
endfacet
facet normal 0.04357377205073476 -0.9990502121461518 0
outer loop
vertex 132.87392294155458 -202.76008789095033 1
vertex 132.53254204740003 -202.77497728598124 1
vertex 132.5325420474 -202.77497728598127 0
endloop
endfacet
facet normal 0.04357377205073476 -0.9990502121461518 0
outer loop
vertex 132.87392294155458 -202.76008789095033 1
vertex 132.5325420474 -202.77497728598127 0
vertex 132.8739229415543 -202.76008789095036 0
endloop
endfacet
facet normal 0.21300428458022252 -0.9770512651598522 0
outer loop
vertex 133.20778667580868 -202.6873031677757 1
vertex 132.87392294155458 -202.76008789095033 1
vertex 132.8739229415543 -202.76008789095036 0
endloop
endfacet
facet normal 0.21300428458022252 -0.9770512651598522 0
outer loop
vertex 133.20778667580868 -202.6873031677757 1
vertex 132.8739229415543 -202.76008789095036 0
vertex 133.20778667580885 -202.68730316777564 0
endloop
endfacet
facet normal 0.37622521503612943 -0.9265282443460741 0
outer loop
vertex 133.5243851 -202.55874549999996 1
vertex 133.20778667580868 -202.6873031677757 1
vertex 133.20778667580885 -202.68730316777564 0
endloop
endfacet
facet normal 0.37622521503612943 -0.9265282443460741 0
outer loop
vertex 133.5243851 -202.55874549999996 1
vertex 133.20778667580885 -202.68730316777564 0
vertex 133.52438509999996 -202.5587455 0
endloop
endfacet
facet normal 0.4539905886663313 -0.8910064788779024 0
outer loop
vertex 162.10911294999997 -187.99409559999998 1
vertex 133.5243851 -202.55874549999996 1
vertex 133.52438509999996 -202.5587455 0
endloop
endfacet
facet normal 0.4539905886663313 -0.8910064788779024 0
outer loop
vertex 162.10911294999997 -187.99409559999998 1
vertex 133.52438509999996 -202.5587455 0
vertex 162.10911295000056 -187.9940955999997 0
endloop
endfacet
facet normal 0.40074197141956636 -0.9161909584484883 0
outer loop
vertex 162.32485993195786 -187.8997278592137 1
vertex 162.10911294999997 -187.99409559999998 1
vertex 162.10911295000056 -187.9940955999997 0
endloop
endfacet
facet normal 0.40074197141956636 -0.9161909584484883 0
outer loop
vertex 162.32485993195786 -187.8997278592137 1
vertex 162.10911295000056 -187.9940955999997 0
vertex 162.32485993195743 -187.89972785921384 0
endloop
endfacet
facet normal 0.2902778295514586 -0.9569424129334505 0
outer loop
vertex 162.55020317027999 -187.8313724960903 1
vertex 162.32485993195786 -187.8997278592137 1
vertex 162.32485993195743 -187.89972785921384 0
endloop
endfacet
facet normal 0.2902778295514586 -0.9569424129334505 0
outer loop
vertex 162.55020317027999 -187.8313724960903 1
vertex 162.32485993195743 -187.89972785921384 0
vertex 162.55020317027984 -187.83137249609035 0
endloop
endfacet
facet normal 0.17578956390269676 -0.9844277673973341 0
outer loop
vertex 162.78201872992165 -187.78997712155407 1
vertex 162.55020317027999 -187.8313724960903 1
vertex 162.55020317027984 -187.83137249609035 0
endloop
endfacet
facet normal 0.17578956390269676 -0.9844277673973341 0
outer loop
vertex 162.78201872992165 -187.78997712155407 1
vertex 162.55020317027984 -187.83137249609035 0
vertex 162.78201872992207 -187.78997712155405 0
endloop
endfacet
facet normal 0.05888221007677427 -0.9982649374472063 0
outer loop
vertex 163.01709589999967 -187.77611120000003 1
vertex 162.78201872992165 -187.78997712155407 1
vertex 162.78201872992207 -187.78997712155405 0
endloop
endfacet
facet normal 0.05888221007677427 -0.9982649374472063 0
outer loop
vertex 163.01709589999967 -187.77611120000003 1
vertex 162.78201872992207 -187.78997712155405 0
vertex 163.0170958999998 -187.77611120000003 0
endloop
endfacet
facet normal -4.0460324157720606e-7 -0.9999999999999183 0
outer loop
vertex 170.1846113500005 -187.7761141 1
vertex 163.01709589999967 -187.77611120000003 1
vertex 163.0170958999998 -187.77611120000003 0
endloop
endfacet
facet normal -4.0460324157720606e-7 -0.9999999999999183 0
outer loop
vertex 170.1846113500005 -187.7761141 1
vertex 163.0170958999998 -187.77611120000003 0
vertex 170.18461135383956 -187.7761141 0
endloop
endfacet
facet normal -0.05886432617921856 -0.998265992160139 0
outer loop
vertex 170.41968557007803 -187.78997562155402 1
vertex 170.1846113500005 -187.7761141 1
vertex 170.18461135383956 -187.7761141 0
endloop
endfacet
facet normal -0.05886432617921856 -0.998265992160139 0
outer loop
vertex 170.41968557007803 -187.78997562155402 1
vertex 170.18461135383956 -187.7761141 0
vertex 170.41968557007817 -187.78997562155402 0
endloop
endfacet
facet normal -0.17578956390269676 -0.9844277673973341 0
outer loop
vertex 170.6515011297205 -187.83137099609039 1
vertex 170.41968557007803 -187.78997562155402 1
vertex 170.41968557007817 -187.78997562155402 0
endloop
endfacet
facet normal -0.17578956390269676 -0.9844277673973341 0
outer loop
vertex 170.6515011297205 -187.83137099609039 1
vertex 170.41968557007817 -187.78997562155402 0
vertex 170.65150112972006 -187.8313709960903 0
endloop
endfacet
facet normal -0.2902778295514566 -0.9569424129334511 0
outer loop
vertex 170.8768443680418 -187.8997278592137 1
vertex 170.6515011297205 -187.83137099609039 1
vertex 170.65150112972006 -187.8313709960903 0
endloop
endfacet
facet normal -0.2902778295514566 -0.9569424129334511 0
outer loop
vertex 170.8768443680418 -187.8997278592137 1
vertex 170.65150112972006 -187.8313709960903 0
vertex 170.8768493130074 -187.89972785921384 0
endloop
endfacet
facet normal -0.40075448129954505 -0.916185486524608 0
outer loop
vertex 171.09259270000004 -187.9940982 1
vertex 170.8768443680418 -187.8997278592137 1
vertex 170.8768493130074 -187.89972785921384 0
endloop
endfacet
facet normal -0.40075448129954505 -0.916185486524608 0
outer loop
vertex 171.09259270000004 -187.9940982 1
vertex 170.8768493130074 -187.89972785921384 0
vertex 171.09258929426235 -187.9940982000002 0
endloop
endfacet
facet normal -0.45399074422582103 -0.8910063996163469 0
outer loop
vertex 199.67731675000033 -202.5587524500001 1
vertex 171.09259270000004 -187.9940982 1
vertex 171.09258929426235 -187.9940982000002 0
endloop
endfacet
facet normal -0.45399074422582103 -0.8910063996163469 0
outer loop
vertex 199.67731675000033 -202.5587524500001 1
vertex 171.09258929426235 -187.9940982000002 0
vertex 199.6773167500003 -202.5587524500001 0
endloop
endfacet
facet normal -0.3762170631118818 -0.9265315544672348 0
outer loop
vertex 199.9939176241911 -202.6873078677756 1
vertex 199.67731675000033 -202.5587524500001 1
vertex 199.6773167500003 -202.5587524500001 0
endloop
endfacet
facet normal -0.3762170631118818 -0.9265315544672348 0
outer loop
vertex 199.9939176241911 -202.6873078677756 1
vertex 199.6773167500003 -202.5587524500001 0
vertex 199.9939176241912 -202.68730786777564 0
endloop
endfacet
facet normal -0.21300428458025114 -0.977051265159846 0
outer loop
vertex 200.32778135844572 -202.76009259095034 1
vertex 199.9939176241911 -202.6873078677756 1
vertex 199.9939176241912 -202.68730786777564 0
endloop
endfacet
facet normal -0.21300428458025114 -0.977051265159846 0
outer loop
vertex 200.32778135844572 -202.76009259095034 1
vertex 199.9939176241912 -202.68730786777564 0
vertex 200.32778135844552 -202.76009259095034 0
endloop
endfacet
facet normal -0.04357377205073476 -0.9990502121461518 0
outer loop
vertex 200.66916225259973 -202.77498198598124 1
vertex 200.32778135844572 -202.76009259095034 1
vertex 200.32778135844552 -202.76009259095034 0
endloop
endfacet
facet normal -0.04357377205073476 -0.9990502121461518 0
outer loop
vertex 200.66916225259973 -202.77498198598124 1
vertex 200.32778135844552 -202.76009259095034 0
vertex 200.6691622525995 -202.77498198598124 0
endloop
endfacet
facet normal 0.12712868730551485 -0.9918862318149076 0
outer loop
vertex 201.0080951756895 -202.73154142171595 1
vertex 200.66916225259973 -202.77498198598124 1
vertex 200.6691622525995 -202.77498198598124 0
endloop
endfacet
facet normal 0.12712868730551485 -0.9918862318149076 0
outer loop
vertex 201.0080951756895 -202.73154142171595 1
vertex 200.6691622525995 -202.77498198598124 0
vertex 201.00809517568976 -202.7315414217159 0
endloop
endfacet
facet normal 0.2941201773604973 -0.9557684454246382 0
outer loop
vertex 201.33468645462332 -202.631038956559 1
vertex 201.0080951756895 -202.73154142171595 1
vertex 201.00809517568976 -202.7315414217159 0
endloop
endfacet
facet normal 0.2941201773604973 -0.9557684454246382 0
outer loop
vertex 201.33468645462332 -202.631038956559 1
vertex 201.00809517568976 -202.7315414217159 0
vertex 201.33468645462338 -202.631038956559 0
endloop
endfacet
facet normal 0.4525261075999663 -0.8917511547177407 0
outer loop
vertex 201.63940267695082 -202.4764083230208 1
vertex 201.33468645462332 -202.631038956559 1
vertex 201.33468645462338 -202.631038956559 0
endloop
endfacet
facet normal 0.4525261075999663 -0.8917511547177407 0
outer loop
vertex 201.63940267695082 -202.4764083230208 1
vertex 201.33468645462338 -202.631038956559 0
vertex 201.63940267695048 -202.476408323021 0
endloop
endfacet
facet normal 0.5977225056009937 -0.8017030661648177 0
outer loop
vertex 201.9133489773931 -202.2721632901512 1
vertex 201.63940267695082 -202.4764083230208 1
vertex 201.63940267695048 -202.476408323021 0
endloop
endfacet
facet normal 0.5977225056009937 -0.8017030661648177 0
outer loop
vertex 201.9133489773931 -202.2721632901512 1
vertex 201.63940267695048 -202.476408323021 0
vertex 201.91334897739318 -202.2721632901511 0
endloop
endfacet
facet normal 0.7254709938022749 -0.6882527422041554 0
outer loop
vertex 202.1485286847605 -202.02426590367722 1
vertex 201.9133489773931 -202.2721632901512 1
vertex 201.91334897739318 -202.2721632901511 0
endloop
endfacet
facet normal 0.7254709938022749 -0.6882527422041554 0
outer loop
vertex 202.1485286847605 -202.02426590367722 1
vertex 201.91334897739318 -202.2721632901511 0
vertex 202.14852868476058 -202.02426590367713 0
endloop
endfacet
facet normal 0.8320446941036761 -0.5547085964846046 0
outer loop
vertex 202.33807350000004 -201.73995489999996 1
vertex 202.1485286847605 -202.02426590367722 1
vertex 202.14852868476058 -202.02426590367713 0
endloop
endfacet
facet normal 0.8320446941036761 -0.5547085964846046 0
outer loop
vertex 202.33807350000004 -201.73995489999996 1
vertex 202.14852868476058 -202.02426590367713 0
vertex 202.33807349999975 -201.73995490000038 0
endloop
endfacet
facet normal 0 0 1
outer loop
vertex 220.4144253477895 -168.8465115 1
vertex 210.01180033904896 -187.7761141 1
vertex 210.0041828410051 -187.78997562155402 1
endloop
endfacet
facet normal 0 0 1
outer loop
vertex 220.4144253477895 -168.8465115 1
vertex 210.0041828410051 -187.78997562155402 1
vertex 209.9814343149268 -187.83137099609039 1
endloop
endfacet
facet normal 0 0 1
outer loop
vertex 220.4144253477895 -168.8465115 1
vertex 209.9814343149268 -187.83137099609039 1
vertex 209.94386929949187 -187.8997278592137 1
endloop
endfacet
facet normal 0 0 1
outer loop
vertex 220.4144253477895 -168.8465115 1
vertex 209.94386929949187 -187.8997278592137 1
vertex 209.89200876718746 -187.9940982 1
endloop
endfacet
facet normal 0 0 1
outer loop
vertex 220.4144253477895 -168.8465115 1
vertex 209.89200876718746 -187.9940982 1
vertex 202.33807350000004 -201.73995489999996 1
endloop
endfacet
facet normal 0 0 1
outer loop
vertex 220.4144253477895 -168.8465115 1
vertex 202.33807350000004 -201.73995489999996 1
vertex 202.33807349999975 -201.73995490000038 0
endloop
endfacet
facet normal 0 0 1
outer loop
vertex 220.4144253477895 -168.8465115 1
vertex 202.33807349999975 -201.73995490000038 0
vertex 209.89200876718732 -187.9940982000002 0
endloop
endfacet
facet normal 0 0 1
outer loop
vertex 220.4144253477895 -168.8465115 1
vertex 209.89200876718732 -187.9940982000002 0
vertex 209.94386929949178 -187.89972785921384 0
endloop
endfacet
facet normal 0 0 1
outer loop
vertex 220.4144253477895 -168.8465115 1
vertex 209.94386929949178 -187.89972785921384 0
vertex 209.98143431492682 -187.8313709960903 0
endloop
endfacet
facet normal 0 0 1
outer loop
vertex 220.4144253477895 -168.8465115 1
vertex 209.98143431492682 -187.8313709960903 0
vertex 210.00418284100508 -187.78997562155402 0
endloop
endfacet
facet normal 0 0 1
outer loop
vertex 220.4144253477895 -168.8465115 1
vertex 210.00418284100508 -187.78997562155402 0
vertex 210.0118019327228 -187.77611120000003 0
endloop
endfacet
facet normal 0 0 1
outer loop
vertex 220.4144253477895 -168.8465115 1
vertex 210.0118019327228 -187.77611120000003 0
vertex 220.4144287000002 -168.8465053999997 0
endloop
endfacet
facet normal 0.8453705586639719 -0.5341803239957125 0
outer loop
vertex 220.5447573997186 -168.64025286552447 1
vertex 220.4144253477895 -168.8465115 1
vertex 220.4144287000002 -168.8465053999997 0
endloop
endfacet
facet normal 0.8453705586639719 -0.5341803239957125 0
outer loop
vertex 220.5447573997186 -168.64025286552447 1
vertex 220.4144287000002 -168.8465053999997 0
vertex 220.54476116508744 -168.6402469066155 0
endloop
endfacet
facet normal 0.774035146429637 -0.633142631712358 0
outer loop
vertex 220.6992376978928 -168.45139488544206 1
vertex 220.5447573997186 -168.64025286552447 1
vertex 220.54476116508744 -168.6402469066155 0
endloop
endfacet
facet normal 0.774035146429637 -0.633142631712358 0
outer loop
vertex 220.6992376978928 -168.45139488544206 1
vertex 220.54476116508744 -168.6402469066155 0
vertex 220.69923903751445 -168.45139488544203 0
endloop
endfacet
facet normal 0.6911803268903639 -0.722682333892098 0
outer loop
vertex 220.8755650210376 -168.2827549962179 1
vertex 220.6992376978928 -168.45139488544206 1
vertex 220.69923903751445 -168.45139488544203 0
endloop
endfacet
facet normal 0.6911803268903639 -0.722682333892098 0
outer loop
vertex 220.8755650210376 -168.2827549962179 1
vertex 220.69923903751445 -168.45139488544203 0
vertex 220.87556666147398 -168.28275251363652 0
endloop
endfacet
facet normal 0.5980391686195854 -0.8014668756703519 0
outer loop
vertex 221.0711099483663 -168.1368418736935 1
vertex 220.8755650210376 -168.2827549962179 1
vertex 220.87556666147398 -168.28275251363652 0
endloop
endfacet
facet normal 0.5980391686195854 -0.8014668756703519 0
outer loop
vertex 221.0711099483663 -168.1368418736935 1
vertex 220.87556666147398 -168.28275251363652 0
vertex 221.0711099483663 -168.13684187369344 0
endloop
endfacet
facet normal 0 0 1
outer loop
vertex 221.2829776452883 -168.01581575000017 1
vertex 221.2829674000003 -168.01582079999986 1
vertex 221.0711209440729 -168.13683559252564 1
endloop
endfacet
facet normal 0 0 1
outer loop
vertex 221.2829776452883 -168.01581575000017 1
vertex 221.0711209440729 -168.13683559252564 1
vertex 221.0711099483663 -168.1368418736935 1
endloop
endfacet
facet normal 0 0 1
outer loop
vertex 221.2829776452883 -168.01581575000017 1
vertex 221.0711099483663 -168.1368418736935 1
vertex 221.0711099483663 -168.13684187369344 0
endloop
endfacet
facet normal 0 0 1
outer loop
vertex 221.2829776452883 -168.01581575000017 1
vertex 221.0711099483663 -168.13684187369344 0
vertex 221.0711209440729 -168.13683559252559 0
endloop
endfacet
facet normal 0 0 1
outer loop
vertex 221.2829776452883 -168.01581575000017 1
vertex 221.0711209440729 -168.13683559252559 0
vertex 221.28297764528838 -168.01581575000012 0
endloop
endfacet
facet normal 0.44211845722378135 -0.8969566710728358 0
outer loop
vertex 286.565682 -135.83735110000003 1
vertex 221.2829776452883 -168.01581575000017 1
vertex 221.28297764528838 -168.01581575000012 0
endloop
endfacet
facet normal 0.44211845722378135 -0.8969566710728358 0
outer loop
vertex 286.565682 -135.83735110000003 1
vertex 221.28297764528838 -168.01581575000012 0
vertex 286.5656819999999 -135.83735110000006 0
endloop
endfacet
facet normal 0.5134315630060051 -0.8581305437456533 0
outer loop
vertex 286.8441545712575 -135.67073704744462 1
vertex 286.565682 -135.83735110000003 1
vertex 286.5656819999999 -135.83735110000006 0
endloop
endfacet
facet normal 0.5134315630060051 -0.8581305437456533 0
outer loop
vertex 286.8441545712575 -135.67073704744462 1
vertex 286.5656819999999 -135.83735110000006 0
vertex 286.84415457125726 -135.67073704744473 0
endloop
endfacet
facet normal 0.6454503803740272 -0.7638022037641836 0
outer loop
vertex 287.09201658381966 -135.46128152819503 1
vertex 286.8441545712575 -135.67073704744462 1
vertex 286.84415457125726 -135.67073704744473 0
endloop
endfacet
facet normal 0.6454503803740272 -0.7638022037641836 0
outer loop
vertex 287.09201658381966 -135.46128152819503 1
vertex 286.84415457125726 -135.67073704744473 0
vertex 287.09201658381977 -135.4612815281952 0
endloop
endfacet
facet normal 0.7604765521746563 -0.6493653929742078 0
outer loop
vertex 287.30274262309774 -135.21449958116438 1
vertex 287.09201658381966 -135.46128152819503 1
vertex 287.09201658381977 -135.4612815281952 0
endloop
endfacet
facet normal 0.7604765521746563 -0.6493653929742078 0
outer loop
vertex 287.30274262309774 -135.21449958116438 1
vertex 287.09201658381977 -135.4612815281952 0
vertex 287.3027426230979 -135.2144995811643 0
endloop
endfacet
facet normal 0.8554818069437649 -0.5178328668482055 0
outer loop
vertex 287.4707849459864 -134.93688686640064 1
vertex 287.30274262309774 -135.21449958116438 1
vertex 287.3027426230979 -135.2144995811643 0
endloop
endfacet
facet normal 0.8554818069437649 -0.5178328668482055 0
outer loop
vertex 287.4707849459864 -134.93688686640064 1
vertex 287.3027426230979 -135.2144995811643 0
vertex 287.4707849459864 -134.93688686640064 0
endloop
endfacet
facet normal 0.9279649599732953 -0.3726674564028373 0
outer loop
vertex 287.59171953521025 -134.63575208933383 1
vertex 287.4707849459864 -134.93688686640064 1
vertex 287.4707849459864 -134.93688686640064 0
endloop
endfacet
facet normal 0.9279649599732953 -0.3726674564028373 0
outer loop
vertex 287.59171953521025 -134.63575208933383 1
vertex 287.4707849459864 -134.93688686640064 0
vertex 287.5917195352103 -134.6357520893339 0
endloop
endfacet
facet normal 0.9760177615100013 -0.21769090292661847 0
outer loop
vertex 287.6623625695588 -134.3190232203453 1
vertex 287.59171953521025 -134.63575208933383 1
vertex 287.5917195352103 -134.6357520893339 0
endloop
endfacet
facet normal 0.9760177615100013 -0.21769090292661847 0
outer loop
vertex 287.6623625695588 -134.3190232203453 1
vertex 287.5917195352103 -134.6357520893339 0
vertex 287.6623625695588 -134.31902322034523 0
endloop
endfacet
facet normal 0.9983751348727282 -0.05698324374640156 0
outer loop
vertex 287.68085424372225 -133.9950387752207 1
vertex 287.6623625695588 -134.3190232203453 1
vertex 287.6623625695588 -134.31902322034523 0
endloop
endfacet
facet normal 0.9983751348727282 -0.05698324374640156 0
outer loop
vertex 287.68085424372225 -133.9950387752207 1
vertex 287.6623625695588 -134.31902322034523 0
vertex 287.6808542437222 -133.99503877522076 0
endloop
endfacet
facet normal 0.9944484818780976 0.10522460211541321 0
outer loop
vertex 287.6467077310219 -133.67233016221255 1
vertex 287.68085424372225 -133.9950387752207 1
vertex 287.6808542437222 -133.99503877522076 0
endloop
endfacet
facet normal 0.9944484818780976 0.10522460211541321 0
outer loop
vertex 287.6467077310219 -133.67233016221255 1
vertex 287.6808542437222 -133.99503877522076 0
vertex 287.6467077310218 -133.67233016221243 0
endloop
endfacet
facet normal 0.9643425142884626 0.26465735420691816 0
outer loop
vertex 287.56082399999985 -133.35939219999955 1
vertex 287.6467077310219 -133.67233016221255 1
vertex 287.6467077310218 -133.67233016221243 0
endloop
endfacet
facet normal 0.9643425142884626 0.26465735420691816 0
outer loop
vertex 287.56082399999985 -133.35939219999955 1
vertex 287.6467077310218 -133.67233016221243 0
vertex 287.56082399999997 -133.35939219999975 0
endloop
endfacet
facet normal 0 0 1
outer loop
vertex 267.64242445000025 -78.6340126500005 1
vertex 272.0779751847741 -90.82059404999973 1
vertex 272.1173378477519 -90.92874213017801 1
endloop
endfacet
facet normal 0 0 1
outer loop
vertex 267.64242445000025 -78.6340126500005 1
vertex 272.1173378477519 -90.92874213017801 1
vertex 272.1536707960385 -91.0285661336158 1
endloop
endfacet
facet normal 0 0 1
outer loop
vertex 267.64242445000025 -78.6340126500005 1
vertex 272.1536707960385 -91.0285661336158 1
vertex 272.1867673090862 -91.11949810000048 1
endloop
endfacet
facet normal 0 0 1
outer loop
vertex 267.64242445000025 -78.6340126500005 1
vertex 272.1867673090862 -91.11949810000048 1
vertex 279.17108099363713 -110.30875155000022 1
endloop
endfacet
facet normal 0 0 1
outer loop
vertex 267.64242445000025 -78.6340126500005 1
vertex 279.17108099363713 -110.30875155000022 1
vertex 279.2936455226037 -110.64549498916186 1
endloop
endfacet
facet normal 0 0 1
outer loop
vertex 267.64242445000025 -78.6340126500005 1
vertex 279.2936455226037 -110.64549498916186 1
vertex 279.4200508089446 -110.9927908276034 1
endloop
endfacet
facet normal 0 0 1
outer loop
vertex 267.64242445000025 -78.6340126500005 1
vertex 279.4200508089446 -110.9927908276034 1
vertex 279.54645606687757 -111.34008658799488 1
endloop
endfacet
facet normal 0 0 1
outer loop
vertex 267.64242445000025 -78.6340126500005 1
vertex 279.54645606687757 -111.34008658799488 1
vertex 279.66902061956876 -111.6768300923393 1
endloop
endfacet
facet normal 0 0 1
outer loop
vertex 267.64242445000025 -78.6340126500005 1
vertex 279.66902061956876 -111.6768300923393 1
vertex 279.7840204160388 -111.9927895896975 1
endloop
endfacet
facet normal 0 0 1
outer loop
vertex 267.64242445000025 -78.6340126500005 1
vertex 279.7840204160388 -111.9927895896975 1
vertex 279.8879611842356 -112.2783646418502 1
endloop
endfacet
facet normal 0 0 1
outer loop
vertex 267.64242445000025 -78.6340126500005 1
vertex 279.8879611842356 -112.2783646418502 1
vertex 279.97768474578606 -112.52487822082017 1
endloop
endfacet
facet normal 0 0 1
outer loop
vertex 267.64242445000025 -78.6340126500005 1
vertex 279.97768474578606 -112.52487822082017 1
vertex 280.05046497536694 -112.72484035520505 1
endloop
endfacet
facet normal 0 0 1
outer loop
vertex 267.64242445000025 -78.6340126500005 1
vertex 280.05046497536694 -112.72484035520505 1
vertex 280.1040904526264 -112.87217521457507 1
endloop
endfacet
facet normal 0 0 1
outer loop
vertex 267.64242445000025 -78.6340126500005 1
vertex 280.1040904526264 -112.87217521457507 1
vertex 280.13693179935757 -112.96240611692662 1
endloop
endfacet
facet normal 0 0 1
outer loop
vertex 267.64242445000025 -78.6340126500005 1
vertex 280.13693179935757 -112.96240611692662 1
vertex 280.147991474915 -112.9927923405317 1
endloop
endfacet
facet normal 0 0 1
outer loop
vertex 267.64242445000025 -78.6340126500005 1
vertex 280.147991474915 -112.9927923405317 1
vertex 287.56082399999985 -133.35939219999955 1
endloop
endfacet
facet normal 0 0 1
outer loop
vertex 267.64242445000025 -78.6340126500005 1
vertex 287.56082399999985 -133.35939219999955 1
vertex 287.56082399999997 -133.35939219999975 0
endloop
endfacet
facet normal 0 0 1
outer loop
vertex 267.64242445000025 -78.6340126500005 1
vertex 287.56082399999997 -133.35939219999975 0
vertex 280.31796219057634 -113.45978327038038 0
endloop
endfacet
facet normal 0 0 1
outer loop
vertex 267.64242445000025 -78.6340126500005 1
vertex 280.31796219057634 -113.45978327038038 0
vertex 280.1369317993575 -112.96240611692663 0
endloop
endfacet
facet normal 0 0 1
outer loop
vertex 267.64242445000025 -78.6340126500005 1
vertex 280.1369317993575 -112.96240611692663 0
vertex 280.10409045262634 -112.87217521457507 0
endloop
endfacet
facet normal 0 0 1
outer loop
vertex 267.64242445000025 -78.6340126500005 1
vertex 280.10409045262634 -112.87217521457507 0
vertex 280.0504649753669 -112.72484035520507 0
endloop
endfacet
facet normal 0 0 1
outer loop
vertex 267.64242445000025 -78.6340126500005 1
vertex 280.0504649753669 -112.72484035520507 0
vertex 279.977684745786 -112.52487822082016 0
endloop
endfacet
facet normal 0 0 1
outer loop
vertex 267.64242445000025 -78.6340126500005 1
vertex 279.977684745786 -112.52487822082016 0
vertex 279.88796118423556 -112.27836464185016 0
endloop
endfacet
facet normal 0 0 1
outer loop
vertex 267.64242445000025 -78.6340126500005 1
vertex 279.88796118423556 -112.27836464185016 0
vertex 279.7840204160388 -111.99278958969761 0
endloop
endfacet
facet normal 0 0 1
outer loop
vertex 267.64242445000025 -78.6340126500005 1
vertex 279.7840204160388 -111.99278958969761 0
vertex 279.66902061956864 -111.67683009233916 0
endloop
endfacet
facet normal 0 0 1
outer loop
vertex 267.64242445000025 -78.6340126500005 1
vertex 279.66902061956864 -111.67683009233916 0
vertex 279.5464560668775 -111.34008658799478 0
endloop
endfacet
facet normal 0 0 1
outer loop
vertex 267.64242445000025 -78.6340126500005 1
vertex 279.5464560668775 -111.34008658799478 0
vertex 279.4200508089446 -110.99279082760354 0
endloop
endfacet
facet normal 0 0 1
outer loop
vertex 267.64242445000025 -78.6340126500005 1
vertex 279.4200508089446 -110.99279082760354 0
vertex 279.2936455226037 -110.6454949891619 0
endloop
endfacet
facet normal 0 0 1
outer loop
vertex 267.64242445000025 -78.6340126500005 1
vertex 279.2936455226037 -110.6454949891619 0
vertex 279.17108099363713 -110.30875155000027 0
endloop
endfacet
facet normal 0 0 1
outer loop
vertex 267.64242445000025 -78.6340126500005 1
vertex 279.17108099363713 -110.30875155000027 0
vertex 272.1867673090859 -91.11949809999979 0
endloop
endfacet
facet normal 0 0 1
outer loop
vertex 267.64242445000025 -78.6340126500005 1
vertex 272.1867673090859 -91.11949809999979 0
vertex 272.15367079603857 -91.02856613361618 0
endloop
endfacet
facet normal 0 0 1
outer loop
vertex 267.64242445000025 -78.6340126500005 1
vertex 272.15367079603857 -91.02856613361618 0
vertex 272.11733784775174 -90.92874213017782 0
endloop
endfacet
facet normal 0 0 1
outer loop
vertex 267.64242445000025 -78.6340126500005 1
vertex 272.11733784775174 -90.92874213017782 0
vertex 272.077975184774 -90.8205940499996 0
endloop
endfacet
facet normal 0 0 1
outer loop
vertex 267.64242445000025 -78.6340126500005 1
vertex 272.077975184774 -90.8205940499996 0
vertex 267.64242444999985 -78.63401264999963 0
endloop
endfacet
facet normal 0.9113365782602233 0.411662047224356 0
outer loop
vertex 267.5186977265029 -78.36010668856521 1
vertex 267.64242445000025 -78.6340126500005 1
vertex 267.64242444999985 -78.63401264999963 0
endloop
endfacet
facet normal 0.9113365782602233 0.411662047224356 0
outer loop
vertex 267.5186977265029 -78.36010668856521 1
vertex 267.64242444999985 -78.63401264999963 0
vertex 267.5186977265029 -78.36010668856518 0
endloop
endfacet
facet normal 0.8393576521580504 0.5435795542178951 0
outer loop
vertex 267.35532265304937 -78.10783428977638 1
vertex 267.5186977265029 -78.36010668856521 1
vertex 267.5186977265029 -78.36010668856518 0
endloop
endfacet
facet normal 0.8393576521580504 0.5435795542178951 0
outer loop
vertex 267.35532265304937 -78.10783428977638 1
vertex 267.5186977265029 -78.36010668856518 0
vertex 267.3553226530494 -78.1078342897764 0
endloop
endfacet
facet normal 0.7484233489805987 0.6632212984371544 0
outer loop
vertex 267.15598876069174 -77.88289257027012 1
vertex 267.35532265304937 -78.10783428977638 1
vertex 267.3553226530494 -78.1078342897764 0
endloop
endfacet
facet normal 0.7484233489805987 0.6632212984371544 0
outer loop
vertex 267.15598876069174 -77.88289257027012 1
vertex 267.3553226530494 -78.1078342897764 0
vertex 267.15598876069186 -77.88289257027022 0
endloop
endfacet
facet normal 0.6405872557791114 0.7678853871075991 0
outer loop
vertex 266.92519764548285 -77.69036143263934 1
vertex 267.15598876069174 -77.88289257027012 1
vertex 267.15598876069186 -77.88289257027022 0
endloop
endfacet
facet normal 0.6405872557791114 0.7678853871075991 0
outer loop
vertex 266.92519764548285 -77.69036143263934 1
vertex 267.15598876069186 -77.88289257027022 0
vertex 266.9251976454829 -77.69036143263942 0
endloop
endfacet
facet normal 0.5182846560154881 0.85520817076248 0
outer loop
vertex 266.66816130805586 -77.53458884500368 1
vertex 266.92519764548285 -77.69036143263934 1
vertex 266.9251976454829 -77.69036143263942 0
endloop
endfacet
facet normal 0.5182846560154881 0.85520817076248 0
outer loop
vertex 266.66816130805586 -77.53458884500368 1
vertex 266.9251976454829 -77.69036143263942 0
vertex 266.66816130805563 -77.5345888450036 0
endloop
endfacet
facet normal 0.3842752707475586 0.9232185636629555 0
outer loop
vertex 266.3906888999998 -77.41909529999992 1
vertex 266.66816130805586 -77.53458884500368 1
vertex 266.66816130805563 -77.5345888450036 0
endloop
endfacet
facet normal 0.3842752707475586 0.9232185636629555 0
outer loop
vertex 266.3906888999998 -77.41909529999992 1
vertex 266.66816130805563 -77.5345888450036 0
vertex 266.39068889999993 -77.41909529999998 0
endloop
endfacet
facet normal 0.3138293098081438 0.9494794175259115 0
outer loop
vertex 244.5014815000001 -70.18410450000002 1
vertex 266.3906888999998 -77.41909529999992 1
vertex 266.39068889999993 -77.41909529999998 0
endloop
endfacet
facet normal 0.3138293098081438 0.9494794175259115 0
outer loop
vertex 244.5014815000001 -70.18410450000002 1
vertex 266.39068889999993 -77.41909529999998 0
vertex 244.50148150000018 -70.18410450000005 0
endloop
endfacet
facet normal 0.2699015063231547 0.9628879357871778 0
outer loop
vertex 244.32455390969668 -70.1345109581576 1
vertex 244.5014815000001 -70.18410450000002 1
vertex 244.50148150000018 -70.18410450000005 0
endloop
endfacet
facet normal 0.2699015063231547 0.9628879357871778 0
outer loop
vertex 244.32455390969668 -70.1345109581576 1
vertex 244.50148150000018 -70.18410450000005 0
vertex 244.32455390969662 -70.13451095815759 0
endloop
endfacet
facet normal 0.18036977070243054 0.9835988744487016 0
outer loop
vertex 244.14382299999994 -70.101369 1
vertex 244.32455390969668 -70.1345109581576 1
vertex 244.32455390969662 -70.13451095815759 0
endloop
endfacet
facet normal 0.18036977070243054 0.9835988744487016 0
outer loop
vertex 244.14382299999994 -70.101369 1
vertex 244.32455390969662 -70.13451095815759 0
vertex 244.1438229999998 -70.10136899999998 0
endloop
endfacet
facet normal 0.13499903593898926 0.9908457298164753 0
outer loop
vertex 223.54176264999984 -67.29441509999998 1
vertex 244.14382299999994 -70.101369 1
vertex 244.1438229999998 -70.10136899999998 0
endloop
endfacet
facet normal 0.13499903593898926 0.9908457298164753 0
outer loop
vertex 223.54176264999984 -67.29441509999998 1
vertex 244.1438229999998 -70.10136899999998 0
vertex 223.54176264999987 -67.29441509999998 0
endloop
endfacet
facet normal 0.07476935520492134 0.997200854152382 0
outer loop
vertex 223.30034837445973 -67.27631404278144 1
vertex 223.54176264999984 -67.29441509999998 1
vertex 223.54176264999987 -67.29441509999998 0
endloop
endfacet
facet normal 0.07476935520492134 0.997200854152382 0
outer loop
vertex 223.30034837445973 -67.27631404278144 1
vertex 223.54176264999987 -67.29441509999998 0
vertex 223.30034837445976 -67.27631404278144 0
endloop
endfacet
facet normal -0.04626426770492741 0.9989292354985547 0
outer loop
vertex 223.05851567175023 -67.28751424846205 1
vertex 223.30034837445973 -67.27631404278144 1
vertex 223.30034837445976 -67.27631404278144 0
endloop
endfacet
facet normal -0.04626426770492741 0.9989292354985547 0
outer loop
vertex 223.05851567175023 -67.28751424846205 1
vertex 223.30034837445976 -67.27631404278144 0
vertex 223.05851567175026 -67.28751424846205 0
endloop
endfacet
facet normal -0.16662002077318028 0.9860211806434713 0
outer loop
vertex 222.81980790490366 -67.32785161022616 1
vertex 223.05851567175023 -67.28751424846205 1
vertex 223.05851567175026 -67.28751424846205 0
endloop
endfacet
facet normal -0.16662002077318028 0.9860211806434713 0
outer loop
vertex 222.81980790490366 -67.32785161022616 1
vertex 223.05851567175026 -67.28751424846205 0
vertex 222.81980790490368 -67.32785161022616 0
endloop
endfacet
facet normal -0.28451882039789134 0.9586704547650317 0
outer loop
vertex 222.58772529999982 -67.39673020000004 1
vertex 222.81980790490366 -67.32785161022616 1
vertex 222.81980790490368 -67.32785161022616 0
endloop
endfacet
facet normal -0.28451882039789134 0.9586704547650317 0
outer loop
vertex 222.58772529999982 -67.39673020000004 1
vertex 222.81980790490368 -67.32785161022616 0
vertex 222.58772529999942 -67.39673020000018 0
endloop
endfacet
facet normal -0.3420199253804131 0.9396927001114657 0
outer loop
vertex 201.9035537000006 -74.92514754999974 1
vertex 222.58772529999982 -67.39673020000004 1
vertex 222.58772529999942 -67.39673020000018 0
endloop
endfacet
facet normal -0.3420199253804131 0.9396927001114657 0
outer loop
vertex 201.9035537000006 -74.92514754999974 1
vertex 222.58772529999942 -67.39673020000018 0
vertex 201.90355370000054 -74.92514754999976 0
endloop
endfacet
facet normal -0.3982688126877451 0.9172687462463189 0
outer loop
vertex 201.68148954743884 -75.02156555916358 1
vertex 201.9035537000006 -74.92514754999974 1
vertex 201.90355370000054 -74.92514754999976 0
endloop
endfacet
facet normal -0.3982688126877451 0.9172687462463189 0
outer loop
vertex 201.68148954743884 -75.02156555916358 1
vertex 201.90355370000054 -74.92514754999976 0
vertex 201.68148954743887 -75.02156555916356 0
endloop
endfacet
facet normal -0.5061795808171055 0.8624281024896043 0
outer loop
vertex 201.47270191948593 -75.1441079875607 1
vertex 201.68148954743884 -75.02156555916358 1
vertex 201.68148954743887 -75.02156555916356 0
endloop
endfacet
facet normal -0.5061795808171055 0.8624281024896043 0
outer loop
vertex 201.47270191948593 -75.1441079875607 1
vertex 201.68148954743887 -75.02156555916356 0
vertex 201.47270191948576 -75.14410798756082 0
endloop
endfacet
facet normal -0.6066736892635738 0.7949509637426228 0
outer loop
vertex 201.28025002050478 -75.29097931533542 1
vertex 201.47270191948593 -75.1441079875607 1
vertex 201.47270191948576 -75.14410798756082 0
endloop
endfacet
facet normal -0.6066736892635738 0.7949509637426228 0
outer loop
vertex 201.28025002050478 -75.29097931533542 1
vertex 201.47270191948576 -75.14410798756082 0
vertex 201.28025002050484 -75.29097931533536 0
endloop
endfacet
facet normal -0.6982811290109565 0.715823626927181 0
outer loop
vertex 201.10695739999989 -75.46002510000011 1
vertex 201.28025002050478 -75.29097931533542 1
vertex 201.28025002050484 -75.29097931533536 0
endloop
endfacet
facet normal -0.6982811290109565 0.715823626927181 0
outer loop
vertex 201.10695739999989 -75.46002510000011 1
vertex 201.28025002050484 -75.29097931533536 0
vertex 201.10695739999994 -75.46002510000005 0
endloop
endfacet
facet normal -0.7403183389497763 0.6722564666960403 0
outer loop
vertex 187.15857700000026 -90.82059404999973 1
vertex 201.10695739999989 -75.46002510000011 1
vertex 201.10695739999994 -75.46002510000005 0
endloop
endfacet
facet normal -0.7403183389497763 0.6722564666960403 0
outer loop
vertex 187.15857700000026 -90.82059404999973 1
vertex 201.10695739999994 -75.46002510000005 0
vertex 187.15857700000038 -90.8205940499996 0
endloop
endfacet
facet normal -0.7143390303976073 0.6997997925482733 0
outer loop
vertex 187.052630102445 -90.92874213017801 1
vertex 187.15857700000026 -90.82059404999973 1
vertex 187.15857700000038 -90.8205940499996 0
endloop
endfacet
facet normal -0.7143390303976073 0.6997997925482733 0
outer loop
vertex 187.052630102445 -90.92874213017801 1
vertex 187.15857700000038 -90.8205940499996 0
vertex 187.05263010244516 -90.92874213017782 0
endloop
endfacet
facet normal -0.6593568901960823 0.7518300947361388 0
outer loop
vertex 186.9388060246542 -91.0285661336158 1
vertex 187.052630102445 -90.92874213017801 1
vertex 187.05263010244516 -90.92874213017782 0
endloop
endfacet
facet normal -0.6593568901960823 0.7518300947361388 0
outer loop
vertex 186.9388060246542 -91.0285661336158 1
vertex 187.05263010244516 -90.92874213017782 0
vertex 186.93880602465373 -91.02856613361618 0
endloop
endfacet
facet normal -0.6006040966256606 0.7995465709491063 0
outer loop
vertex 186.81775399999935 -91.11949810000048 1
vertex 186.9388060246542 -91.0285661336158 1
vertex 186.93880602465373 -91.02856613361618 0
endloop
endfacet
facet normal -0.6006040966256606 0.7995465709491063 0
outer loop
vertex 186.81775399999935 -91.11949810000048 1
vertex 186.93880602465373 -91.02856613361618 0
vertex 186.81775400000032 -91.11949809999979 0
endloop
endfacet
facet normal -0.5699044600202081 0.821710962838561 0
outer loop
vertex 172.12805289999983 -101.30766229999999 1
vertex 186.81775399999935 -91.11949810000048 1
vertex 186.81775400000032 -91.11949809999979 0
endloop
endfacet
facet normal -0.5699044600202081 0.821710962838561 0
outer loop
vertex 172.12805289999983 -101.30766229999999 1
vertex 186.81775400000032 -91.11949809999979 0
vertex 172.12805289999955 -101.30766230000003 0
endloop
endfacet
facet normal -0.6353642947431971 0.7722125439058082 0
outer loop
vertex 171.87476772683098 -101.51606019335841 1
vertex 172.12805289999983 -101.30766229999999 1
vertex 172.12805289999955 -101.30766230000003 0
endloop
endfacet
facet normal -0.6353642947431971 0.7722125439058082 0
outer loop
vertex 171.87476772683098 -101.51606019335841 1
vertex 172.12805289999955 -101.30766230000003 0
vertex 171.87476772683112 -101.51606019335843 0
endloop
endfacet
facet normal -0.7530360501177363 0.6579792604809656 0
outer loop
vertex 171.65895099056135 -101.76305549000513 1
vertex 171.87476772683098 -101.51606019335841 1
vertex 171.87476772683112 -101.51606019335843 0
endloop
endfacet
facet normal -0.7530360501177363 0.6579792604809656 0
outer loop
vertex 171.65895099056135 -101.76305549000513 1
vertex 171.87476772683112 -101.51606019335843 0
vertex 171.65895099056132 -101.76305549000523 0
endloop
endfacet
facet normal -0.8504542344461581 0.5260490424975596 0
outer loop
vertex 171.48640727332202 -102.04200388283293 1
vertex 171.65895099056135 -101.76305549000513 1
vertex 171.65895099056132 -101.76305549000523 0
endloop
endfacet
facet normal -0.8504542344461581 0.5260490424975596 0
outer loop
vertex 171.48640727332202 -102.04200388283293 1
vertex 171.65895099056132 -101.76305549000523 0
vertex 171.48640727332207 -102.0420038828329 0
endloop
endfacet
facet normal -0.9249986994403302 0.37997026993397465 0
outer loop
vertex 171.3617772910992 -102.34540280793131 1
vertex 171.48640727332202 -102.04200388283293 1
vertex 171.48640727332207 -102.0420038828329 0
endloop
endfacet
facet normal -0.9249986994403302 0.37997026993397465 0
outer loop
vertex 171.3617772910992 -102.34540280793131 1
vertex 171.48640727332207 -102.0420038828329 0
vertex 171.3617772910993 -102.34540280793135 0
endloop
endfacet
facet normal -0.9746645057383831 0.22367186066591707 0
outer loop
vertex 171.28841307756906 -102.66509208268603 1
vertex 171.3617772910992 -102.34540280793131 1
vertex 171.3617772910993 -102.34540280793135 0
endloop
endfacet
facet normal -0.9746645057383831 0.22367186066591707 0
outer loop
vertex 171.28841307756906 -102.66509208268603 1
vertex 171.3617772910993 -102.34540280793135 0
vertex 171.288413077569 -102.66509208268586 0
endloop
endfacet
facet normal -0.9981158475229455 0.0613575987433706 0
outer loop
vertex 171.26828782818586 -102.99247338110847 1
vertex 171.28841307756906 -102.66509208268603 1
vertex 171.288413077569 -102.66509208268586 0
endloop
endfacet
facet normal -0.9981158475229455 0.0613575987433706 0
outer loop
vertex 171.26828782818586 -102.99247338110847 1
vertex 171.288413077569 -102.66509208268586 0
vertex 171.26828782818583 -102.99247338110858 0
endloop
endfacet
facet normal -0.9947219802010007 -0.10260693010221199 0
outer loop
vertex 171.3019428293437 -103.3187414934289 1
vertex 171.26828782818586 -102.99247338110847 1
vertex 171.26828782818583 -102.99247338110858 0
endloop
endfacet
facet normal -0.9947219802010007 -0.10260693010221199 0
outer loop
vertex 171.3019428293437 -103.3187414934289 1
vertex 171.26828782818583 -102.99247338110858 0
vertex 171.3019428293437 -103.31874149342914 0
endloop
endfacet
facet normal -0.9645724123922845 -0.2638182352524719 0
outer loop
vertex 171.38847579999998 -103.63512449999989 1
vertex 171.3019428293437 -103.3187414934289 1
vertex 171.3019428293437 -103.31874149342914 0
endloop
endfacet
facet normal -0.9645724123922845 -0.2638182352524719 0
outer loop
vertex 171.38847579999998 -103.63512449999989 1
vertex 171.3019428293437 -103.31874149342914 0
vertex 171.3884758000001 -103.63512450000029 0
endloop
endfacet
facet normal -0.9396926683389999 -0.3420200126745956 0
outer loop
vertex 173.81747635000008 -110.30875155000022 1
vertex 171.38847579999998 -103.63512449999989 1
vertex 171.3884758000001 -103.63512450000029 0
endloop
endfacet
facet normal -0.9396926683389999 -0.3420200126745956 0
outer loop
vertex 173.81747635000008 -110.30875155000022 1
vertex 171.3884758000001 -103.63512450000029 0
vertex 173.81747635000008 -110.30875155000027 0
endloop
endfacet
facet normal -0.9659258325239334 -0.2588190218336868 0
outer loop
vertex 173.90770647388547 -110.64549498916186 1
vertex 173.81747635000008 -110.30875155000022 1
vertex 173.81747635000008 -110.30875155000027 0
endloop
endfacet
facet normal -0.9659258325239334 -0.2588190218336868 0
outer loop
vertex 173.90770647388547 -110.64549498916186 1
vertex 173.81747635000008 -110.30875155000027 0
vertex 173.90770647388544 -110.6454949891619 0
endloop
endfacet
facet normal -0.996194677804363 -0.08715597463319114 0
outer loop
vertex 173.9380910040981 -110.9927908276034 1
vertex 173.90770647388547 -110.64549498916186 1
vertex 173.90770647388544 -110.6454949891619 0
endloop
endfacet
facet normal -0.996194677804363 -0.08715597463319114 0
outer loop
vertex 173.9380910040981 -110.9927908276034 1
vertex 173.90770647388544 -110.6454949891619 0
vertex 173.93809100409808 -110.99279082760354 0
endloop
endfacet
facet normal -0.996194740765896 0.08715525497851219 0
outer loop
vertex 173.90770672477325 -111.34008658799488 1
vertex 173.9380910040981 -110.9927908276034 1
vertex 173.93809100409808 -110.99279082760354 0
endloop
endfacet
facet normal -0.996194740765896 0.08715525497851219 0
outer loop
vertex 173.90770672477325 -111.34008658799488 1
vertex 173.93809100409808 -110.99279082760354 0
vertex 173.90770673352205 -111.34008658799478 0
endloop
endfacet
facet normal -0.9659260194955005 0.25881832404522304 0
outer loop
vertex 173.8174768441525 -111.6768300923393 1
vertex 173.90770672477325 -111.34008658799488 1
vertex 173.90770673352205 -111.34008658799478 0
endloop
endfacet
facet normal -0.9659260194955005 0.25881832404522304 0
outer loop
vertex 173.8174768441525 -111.6768300923393 1
vertex 173.90770673352205 -111.34008658799478 0
vertex 173.8174768442696 -111.67683009233916 0
endloop
endfacet
facet normal -0.9063082110720417 0.4226173523926763 0
outer loop
vertex 173.67014294345094 -111.9927895896975 1
vertex 173.8174768441525 -111.6768300923393 1
vertex 173.8174768442696 -111.67683009233916 0
endloop
endfacet
facet normal -0.9063082110720417 0.4226173523926763 0
outer loop
vertex 173.67014294345094 -111.9927895896975 1
vertex 173.8174768442696 -111.67683009233916 0
vertex 173.6701428970289 -111.99278958969761 0
endloop
endfacet
facet normal -0.8191527671181751 0.5735754040426045 0
outer loop
vertex 173.47018167554333 -112.2783646418502 1
vertex 173.67014294345094 -111.9927895896975 1
vertex 173.6701428970289 -111.99278958969761 0
endloop
endfacet
facet normal -0.8191527671181751 0.5735754040426045 0
outer loop
vertex 173.47018167554333 -112.2783646418502 1
vertex 173.6701428970289 -111.99278958969761 0
vertex 173.4701816755434 -112.27836464185016 0
endloop
endfacet
facet normal -0.7071078539206942 0.7071057084507734 0
outer loop
vertex 173.22366874453238 -112.52487822082017 1
vertex 173.47018167554333 -112.2783646418502 1
vertex 173.4701816755434 -112.27836464185016 0
endloop
endfacet
facet normal -0.7071078539206942 0.7071057084507734 0
outer loop
vertex 173.22366874453238 -112.52487822082017 1
vertex 173.4701816755434 -112.27836464185016 0
vertex 173.22366884453209 -112.52487822082016 0
endloop
endfacet
facet normal -0.5735778894745361 0.8191510267990494 0
outer loop
vertex 172.9380942990942 -112.72484035520505 1
vertex 173.22366874453238 -112.52487822082017 1
vertex 173.22366884453209 -112.52487822082016 0
endloop
endfacet
facet normal -0.5735778894745361 0.8191510267990494 0
outer loop
vertex 172.9380942990942 -112.72484035520505 1
vertex 173.22366884453209 -112.52487822082016 0
vertex 172.93809430166652 -112.72484035520507 0
endloop
endfacet
facet normal -0.4226201022682122 0.9063069287823006 0
outer loop
vertex 172.62213534877097 -112.87217521457507 1
vertex 172.9380942990942 -112.72484035520505 1
vertex 172.93809430166652 -112.72484035520507 0
endloop
endfacet
facet normal -0.4226201022682122 0.9063069287823006 0
outer loop
vertex 172.62213534877097 -112.87217521457507 1
vertex 172.93809430166652 -112.72484035520507 0
vertex 172.62213535566076 -112.87217521457507 0
endloop
endfacet
facet normal -0.2588212548111241 0.9659252341967236 0
outer loop
vertex 172.28539211819907 -112.96240611692662 1
vertex 172.62213534877097 -112.87217521457507 1
vertex 172.62213535566076 -112.87217521457507 0
endloop
endfacet
facet normal -0.2588212548111241 0.9659252341967236 0
outer loop
vertex 172.28539211819907 -112.96240611692662 1
vertex 172.62213535566076 -112.87217521457507 0
vertex 172.28539213552742 -112.96240611692663 0
endloop
endfacet
facet normal 0 0 -1
outer loop
vertex 171.93809269999994 -112.99279309999902 1
vertex 171.93810030705572 -112.9927923405317 1
vertex 172.28539211819907 -112.96240611692662 1
endloop
endfacet
facet normal 0 0 -1
outer loop
vertex 171.93809269999994 -112.99279309999902 1
vertex 172.28539211819907 -112.96240611692662 1
vertex 172.28539213552742 -112.96240611692663 0
endloop
endfacet
facet normal 0 0 -1
outer loop
vertex 171.93809269999994 -112.99279309999902 1
vertex 172.28539213552742 -112.96240611692663 0
vertex 171.9380926999997 -112.99279209520043 0
endloop
endfacet
facet normal 1.5457423785392166e-7 0.9999999999999881 0
outer loop
vertex 161.26360985000005 -112.9927909341096 1
vertex 171.93809269999994 -112.99279309999902 1
vertex 171.9380926999997 -112.99279209520043 0
endloop
endfacet
facet normal 1.5457423785392166e-7 0.9999999999999881 0
outer loop
vertex 161.26360985000005 -112.9927909341096 1
vertex 171.9380926999997 -112.99279209520043 0
vertex 161.26360984999997 -112.99279209520043 0
endloop
endfacet
facet normal 0.08715810851898143 0.9961944911100722 -0.0000011566722876961084
outer loop
vertex 160.91631929946578 -112.96240611692662 1
vertex 161.26360985000005 -112.9927909341096 1
vertex 161.26360984999997 -112.99279209520043 0
endloop
endfacet
facet normal 0.08715810851898143 0.9961944911100722 -0.0000011566722876961084
outer loop
vertex 160.91631929946578 -112.96240611692662 1
vertex 161.26360984999997 -112.99279209520043 0
vertex 161.26359657909268 -112.99279093410962 0
endloop
endfacet
facet normal 0.08715810851898143 0.9961944911100722 -0.0000011566722876961084
outer loop
vertex 160.91631929946578 -112.96240611692662 1
vertex 161.26359657909268 -112.99279093410962 0
vertex 160.91631408180086 -112.96240611692663 0
endloop
endfacet
facet normal 0.25882125481111085 0.965925234196727 0
outer loop
vertex 160.57957085122914 -112.87217521457507 1
vertex 160.91631929946578 -112.96240611692662 1
vertex 160.91631408180086 -112.96240611692663 0
endloop
endfacet
facet normal 0.25882125481111085 0.965925234196727 0
outer loop
vertex 160.57957085122914 -112.87217521457507 1
vertex 160.91631408180086 -112.96240611692663 0
vertex 160.57957085122916 -112.87217521457507 0
endloop
endfacet
facet normal 0.4226201022682122 0.9063069287823006 0
outer loop
vertex 160.2636119009058 -112.72484035520505 1
vertex 160.57957085122914 -112.87217521457507 1
vertex 160.57957085122916 -112.87217521457507 0
endloop
endfacet
facet normal 0.4226201022682122 0.9063069287823006 0
outer loop
vertex 160.2636119009058 -112.72484035520505 1
vertex 160.57957085122916 -112.87217521457507 0
vertex 160.26361190090586 -112.72484035520507 0
endloop
endfacet
facet normal 0.5735778894745427 0.8191510267990447 0
outer loop
vertex 159.97803745546761 -112.52487822082017 1
vertex 160.2636119009058 -112.72484035520505 1
vertex 160.26361190090586 -112.72484035520507 0
endloop
endfacet
facet normal 0.5735778894745427 0.8191510267990447 0
outer loop
vertex 159.97803745546761 -112.52487822082017 1
vertex 160.26361190090586 -112.72484035520507 0
vertex 159.9780374554676 -112.52487822082016 0
endloop
endfacet
facet normal 0.7071078539206943 0.7071057084507735 0
outer loop
vertex 159.73152462445634 -112.2783646418502 1
vertex 159.97803745546761 -112.52487822082017 1
vertex 159.9780374554676 -112.52487822082016 0
endloop
endfacet
facet normal 0.7071078539206943 0.7071057084507735 0
outer loop
vertex 159.73152462445634 -112.2783646418502 1
vertex 159.9780374554676 -112.52487822082016 0
vertex 159.7315245244566 -112.27836464185016 0
endloop
endfacet
facet normal 0.819152767118174 0.5735754040426059 0
outer loop
vertex 159.53156329742433 -111.9927895896975 1
vertex 159.73152462445634 -112.2783646418502 1
vertex 159.7315245244566 -112.27836464185016 0
endloop
endfacet
facet normal 0.819152767118174 0.5735754040426059 0
outer loop
vertex 159.53156329742433 -111.9927895896975 1
vertex 159.7315245244566 -112.27836464185016 0
vertex 159.53156325654916 -111.99278958969761 0
endloop
endfacet
facet normal 0.9063082110720404 0.42261735239267895 0
outer loop
vertex 159.38422935584748 -111.6768300923393 1
vertex 159.53156329742433 -111.9927895896975 1
vertex 159.53156325654916 -111.99278958969761 0
endloop
endfacet
facet normal 0.9063082110720404 0.42261735239267895 0
outer loop
vertex 159.38422935584748 -111.6768300923393 1
vertex 159.53156325654916 -111.99278958969761 0
vertex 159.38422935584745 -111.67683009233916 0
endloop
endfacet
facet normal 0.9659260194955006 0.25881832404522215 0
outer loop
vertex 159.29399947522674 -111.34008658799488 1
vertex 159.38422935584748 -111.6768300923393 1
vertex 159.38422935584745 -111.67683009233916 0
endloop
endfacet
facet normal 0.9659260194955006 0.25881832404522215 0
outer loop
vertex 159.29399947522674 -111.34008658799488 1
vertex 159.38422935584745 -111.67683009233916 0
vertex 159.29399947522674 -111.34008658799478 0
endloop
endfacet
facet normal 0.996194740765896 0.08715525497851219 0
outer loop
vertex 159.26361520465068 -110.9927908276034 1
vertex 159.29399947522674 -111.34008658799488 1
vertex 159.29399947522674 -111.34008658799478 0
endloop
endfacet
facet normal 0.996194740765896 0.08715525497851219 0
outer loop
vertex 159.26361520465068 -110.9927908276034 1
vertex 159.29399947522674 -111.34008658799478 0
vertex 159.26361519590188 -110.99279082760354 0
endloop
endfacet
facet normal 0.9961946778043631 -0.08715597463319115 0
outer loop
vertex 159.29399972237337 -110.64549498916186 1
vertex 159.26361520465068 -110.9927908276034 1
vertex 159.26361519590188 -110.99279082760354 0
endloop
endfacet
facet normal 0.9961946778043631 -0.08715597463319115 0
outer loop
vertex 159.29399972237337 -110.64549498916186 1
vertex 159.26361519590188 -110.99279082760354 0
vertex 159.29399972611452 -110.6454949891619 0
endloop
endfacet
facet normal 0.9659256614738929 -0.2588196602003459 0
outer loop
vertex 159.3842300717039 -110.30875155000022 1
vertex 159.29399972237337 -110.64549498916186 1
vertex 159.29399972611452 -110.6454949891619 0
endloop
endfacet
facet normal 0.9659256614738929 -0.2588196602003459 0
outer loop
vertex 159.3842300717039 -110.30875155000022 1
vertex 159.29399972611452 -110.6454949891619 0
vertex 159.3842297 -110.30875155000027 0
endloop
endfacet
facet normal 0.9396926371432917 -0.3420200983841241 0
outer loop
vertex 161.81323264999997 -103.63512115000019 1
vertex 159.3842300717039 -110.30875155000022 1
vertex 159.3842297 -110.30875155000027 0
endloop
endfacet
facet normal 0.9396926371432917 -0.3420200983841241 0
outer loop
vertex 161.81323264999997 -103.63512115000019 1
vertex 159.3842297 -110.30875155000027 0
vertex 161.81323265000012 -103.63512114999976 0
endloop
endfacet
facet normal 0.9645741848379117 -0.2638117547500079 0
outer loop
vertex 161.89976272065627 -103.3187414934289 1
vertex 161.81323264999997 -103.63512115000019 1
vertex 161.81323265000012 -103.63512114999976 0
endloop
endfacet
facet normal 0.9645741848379117 -0.2638117547500079 0
outer loop
vertex 161.89976272065627 -103.3187414934289 1
vertex 161.81323265000012 -103.63512114999976 0
vertex 161.89976272065624 -103.31874149342914 0
endloop
endfacet
facet normal 0.9947219802010007 -0.10260693010221199 0
outer loop
vertex 161.93341772181415 -102.99247338110847 1
vertex 161.89976272065627 -103.3187414934289 1
vertex 161.89976272065624 -103.31874149342914 0
endloop
endfacet
facet normal 0.9947219802010007 -0.10260693010221199 0
outer loop
vertex 161.93341772181415 -102.99247338110847 1
vertex 161.89976272065624 -103.31874149342914 0
vertex 161.93341772181415 -102.99247338110858 0
endloop
endfacet
facet normal 0.9981158475229455 0.0613575987433706 0
outer loop
vertex 161.91329247243098 -102.66509208268603 1
vertex 161.93341772181415 -102.99247338110847 1
vertex 161.93341772181415 -102.99247338110858 0
endloop
endfacet
facet normal 0.9981158475229455 0.0613575987433706 0
outer loop
vertex 161.91329247243098 -102.66509208268603 1
vertex 161.93341772181415 -102.99247338110858 0
vertex 161.91329247243098 -102.66509208268586 0
endloop
endfacet
facet normal 0.9746645057383833 0.22367186066591627 0
outer loop
vertex 161.83992825890076 -102.34540280793131 1
vertex 161.91329247243098 -102.66509208268603 1
vertex 161.91329247243098 -102.66509208268586 0
endloop
endfacet
facet normal 0.9746645057383833 0.22367186066591627 0
outer loop
vertex 161.83992825890076 -102.34540280793131 1
vertex 161.91329247243098 -102.66509208268586 0
vertex 161.83992825890078 -102.34540280793135 0
endloop
endfacet
facet normal 0.9249986994403172 0.3799702699340065 0
outer loop
vertex 161.715298276678 -102.04200388283293 1
vertex 161.83992825890076 -102.34540280793131 1
vertex 161.83992825890078 -102.34540280793135 0
endloop
endfacet
facet normal 0.9249986994403172 0.3799702699340065 0
outer loop
vertex 161.715298276678 -102.04200388283293 1
vertex 161.83992825890078 -102.34540280793135 0
vertex 161.715298276678 -102.0420038828329 0
endloop
endfacet
facet normal 0.8504542344461645 0.5260490424975492 0
outer loop
vertex 161.54275455943863 -101.76305549000513 1
vertex 161.715298276678 -102.04200388283293 1
vertex 161.715298276678 -102.0420038828329 0
endloop
endfacet
facet normal 0.8504542344461645 0.5260490424975492 0
outer loop
vertex 161.54275455943863 -101.76305549000513 1
vertex 161.715298276678 -102.0420038828329 0
vertex 161.54275455943872 -101.76305549000523 0
endloop
endfacet
facet normal 0.7530360501177368 0.657979260480965 0
outer loop
vertex 161.32693782316886 -101.51606019335841 1
vertex 161.54275455943863 -101.76305549000513 1
vertex 161.54275455943872 -101.76305549000523 0
endloop
endfacet
facet normal 0.7530360501177368 0.657979260480965 0
outer loop
vertex 161.32693782316886 -101.51606019335841 1
vertex 161.54275455943872 -101.76305549000523 0
vertex 161.3269378231689 -101.51606019335843 0
endloop
endfacet
facet normal 0.635366168014506 0.7722110026039273 0
outer loop
vertex 161.07365529999998 -101.30766229999999 1
vertex 161.32693782316886 -101.51606019335841 1
vertex 161.3269378231689 -101.51606019335843 0
endloop
endfacet
facet normal 0.635366168014506 0.7722110026039273 0
outer loop
vertex 161.07365529999998 -101.30766229999999 1
vertex 161.3269378231689 -101.51606019335843 0
vertex 161.07365530000007 -101.30766230000003 0
endloop
endfacet
facet normal 0.56990405195204 0.8217112458574768 0
outer loop
vertex 146.38394784999988 -91.11950454999993 1
vertex 161.07365529999998 -101.30766229999999 1
vertex 161.07365530000007 -101.30766230000003 0
endloop
endfacet
facet normal 0.56990405195204 0.8217112458574768 0
outer loop
vertex 146.38394784999988 -91.11950454999993 1
vertex 161.07365530000007 -101.30766230000003 0
vertex 146.38394785000008 -91.11950455000007 0
endloop
endfacet
facet normal 0.6006212622876727 0.799533676143765 0
outer loop
vertex 146.26289810539868 -91.02857023094455 1
vertex 146.38394784999988 -91.11950454999993 1
vertex 146.38394785000008 -91.11950455000007 0
endloop
endfacet
facet normal 0.6006212622876727 0.799533676143765 0
outer loop
vertex 146.26289810539868 -91.02857023094455 1
vertex 146.38394785000008 -91.11950455000007 0
vertex 146.26289810539862 -91.02857023094451 0
endloop
endfacet
facet normal 0.6593818272468969 0.7518082241479828 0
outer loop
vertex 146.14907401488477 -90.92873953692305 1
vertex 146.26289810539868 -91.02857023094455 1
vertex 146.26289810539862 -91.02857023094451 0
endloop
endfacet
facet normal 0.6593818272468969 0.7518082241479828 0
outer loop
vertex 146.14907401488477 -90.92873953692305 1
vertex 146.26289810539862 -91.02857023094451 0
vertex 146.14907401488477 -90.92873953692305 0
endloop
endfacet
facet normal 0.7143419738084015 0.6997967879717061 0
outer loop
vertex 146.04312570000042 -90.82058910000046 1
vertex 146.14907401488477 -90.92873953692305 1
vertex 146.14907401488477 -90.92873953692305 0
endloop
endfacet
facet normal 0.7143419738084015 0.6997967879717061 0
outer loop
vertex 146.04312570000042 -90.82058910000046 1
vertex 146.14907401488477 -90.92873953692305 0
vertex 146.04312570000027 -90.8205891000003 0
endloop
endfacet
facet normal 0.7403182511326083 0.6722565634041489 0
outer loop
vertex 132.09475190000015 -75.46003145000016 1
vertex 146.04312570000042 -90.82058910000046 1
vertex 146.04312570000027 -90.8205891000003 0
endloop
endfacet
facet normal 0.7403182511326083 0.6722565634041489 0
outer loop
vertex 132.09475190000015 -75.46003145000016 1
vertex 146.04312570000027 -90.8205891000003 0
vertex 132.09475190000006 -75.46003145000005 0
endloop
endfacet
facet normal 0.6982786752279098 0.7158260205678161 0
outer loop
vertex 131.9214555794951 -75.29098321533534 1
vertex 132.09475190000015 -75.46003145000016 1
vertex 132.09475190000006 -75.46003145000005 0
endloop
endfacet
facet normal 0.6982786752279098 0.7158260205678161 0
outer loop
vertex 131.9214555794951 -75.29098321533534 1
vertex 132.09475190000006 -75.46003145000005 0
vertex 131.9214555794952 -75.2909832153354 0
endloop
endfacet
facet normal 0.606673689263573 0.7949509637426234 0
outer loop
vertex 131.729003680514 -75.14411188756067 1
vertex 131.9214555794951 -75.29098321533534 1
vertex 131.9214555794952 -75.2909832153354 0
endloop
endfacet
facet normal 0.606673689263573 0.7949509637426234 0
outer loop
vertex 131.729003680514 -75.14411188756067 1
vertex 131.9214555794952 -75.2909832153354 0
vertex 131.7290036805141 -75.14411188756073 0
endloop
endfacet
facet normal 0.5061795808170886 0.8624281024896142 0
outer loop
vertex 131.52021605256115 -75.02156945916357 1
vertex 131.729003680514 -75.14411188756067 1
vertex 131.7290036805141 -75.14411188756073 0
endloop
endfacet
facet normal 0.5061795808170886 0.8624281024896142 0
outer loop
vertex 131.52021605256115 -75.02156945916357 1
vertex 131.7290036805141 -75.14411188756073 0
vertex 131.5202160525612 -75.0215694591636 0
endloop
endfacet
facet normal 0.39826664037177845 0.9172696894408845 0
outer loop
vertex 131.2981537999999 -74.92515289999997 1
vertex 131.52021605256115 -75.02156945916357 1
vertex 131.5202160525612 -75.0215694591636 0
endloop
endfacet
facet normal 0.39826664037177845 0.9172696894408845 0
outer loop
vertex 131.2981537999999 -74.92515289999997 1
vertex 131.5202160525612 -75.0215694591636 0
vertex 131.29815379999977 -74.9251528999999 0
endloop
endfacet
facet normal 0.34202027530540113 0.9396925727492038 0
outer loop
vertex 110.61398239999984 -67.39672689999993 1
vertex 131.2981537999999 -74.92515289999997 1
vertex 131.29815379999977 -74.9251528999999 0
endloop
endfacet
facet normal 0.34202027530540113 0.9396925727492038 0
outer loop
vertex 110.61398239999984 -67.39672689999993 1
vertex 131.29815379999977 -74.9251528999999 0
vertex 110.61398239999998 -67.39672689999999 0
endloop
endfacet
facet normal 0.28451417304015447 0.9586718340179172 0
outer loop
vertex 110.38189621466616 -67.32784847179212 1
vertex 110.61398239999984 -67.39672689999993 1
vertex 110.61398239999998 -67.39672689999999 0
endloop
endfacet
facet normal 0.28451417304015447 0.9586718340179172 0
outer loop
vertex 110.38189621466616 -67.32784847179212 1
vertex 110.61398239999998 -67.39672689999999 0
vertex 110.38189621466603 -67.32784847179211 0
endloop
endfacet
facet normal 0.16659944993671164 0.9860246565278097 0
outer loop
vertex 110.14318814683904 -67.28751618138521 1
vertex 110.38189621466616 -67.32784847179212 1
vertex 110.38189621466603 -67.32784847179211 0
endloop
endfacet
facet normal 0.16659944993671164 0.9860246565278097 0
outer loop
vertex 110.14318814683904 -67.28751618138521 1
vertex 110.38189621466603 -67.32784847179211 0
vertex 110.14318814683895 -67.2875161813852 0
endloop
endfacet
facet normal 0.04624370189287675 0.998930187768516 0
outer loop
vertex 109.9013557611703 -67.27632097987079 1
vertex 110.14318814683904 -67.28751618138521 1
vertex 110.14318814683895 -67.2875161813852 0
endloop
endfacet
facet normal 0.04624370189287675 0.998930187768516 0
outer loop
vertex 109.9013557611703 -67.27632097987079 1
vertex 110.14318814683895 -67.2875161813852 0
vertex 109.90135576117018 -67.27632097987077 0
endloop
endfacet
facet normal -0.07477761735746924 0.9972002346281013 0
outer loop
vertex 109.6599448 -67.2944238 1
vertex 109.9013557611703 -67.27632097987079 1
vertex 109.90135576117018 -67.27632097987077 0
endloop
endfacet
facet normal -0.07477761735746924 0.9972002346281013 0
outer loop
vertex 109.6599448 -67.2944238 1
vertex 109.90135576117018 -67.27632097987077 0
vertex 109.65994480000022 -67.29442379999998 0
endloop
endfacet
facet normal -0.13499846418872613 0.9908458077151486 0
outer loop
vertex 89.05788144999977 -70.10136600000003 1
vertex 109.6599448 -67.2944238 1
vertex 109.65994480000022 -67.29442379999998 0
endloop
endfacet
facet normal -0.13499846418872613 0.9908458077151486 0
outer loop
vertex 89.05788144999977 -70.10136600000003 1
vertex 109.65994480000022 -67.29442379999998 0
vertex 89.0578814499997 -70.10136600000004 0
endloop
endfacet
facet normal -0.18039201584804204 0.9835947949324864 0
outer loop
vertex 88.87714904030373 -70.1345124581575 1
vertex 89.05788144999977 -70.10136600000003 1
vertex 89.0578814499997 -70.10136600000004 0
endloop
endfacet
facet normal -0.18039201584804204 0.9835947949324864 0
outer loop
vertex 88.87714904030373 -70.1345124581575 1
vertex 89.0578814499997 -70.10136600000004 0
vertex 88.8771490403036 -70.13451245815753 0
endloop
endfacet
facet normal -0.26988337358270076 0.9628930182858428 0
outer loop
vertex 88.70022289999987 -70.18410200000004 1
vertex 88.87714904030373 -70.1345124581575 1
vertex 88.8771490403036 -70.13451245815753 0
endloop
endfacet
facet normal -0.26988337358270076 0.9628930182858428 0
outer loop
vertex 88.70022289999987 -70.18410200000004 1
vertex 88.8771490403036 -70.13451245815753 0
vertex 88.70022289999983 -70.18410200000004 0
endloop
endfacet
facet normal -0.31382947918412224 0.9494793615424311 0
outer loop
vertex 66.81101620000015 -77.41909529999992 1
vertex 88.70022289999987 -70.18410200000004 1
vertex 88.70022289999983 -70.18410200000004 0
endloop
endfacet
facet normal -0.31382947918412224 0.9494793615424311 0
outer loop
vertex 66.81101620000015 -77.41909529999992 1
vertex 88.70022289999983 -70.18410200000004 0
vertex 66.81101620000014 -77.41909529999998 0
endloop
endfacet
facet normal -0.38428797268979054 0.9232132765758791 0
outer loop
vertex 66.53354309493693 -77.53459521412316 1
vertex 66.81101620000015 -77.41909529999992 1
vertex 66.81101620000014 -77.41909529999998 0
endloop
endfacet
facet normal -0.38428797268979054 0.9232132765758791 0
outer loop
vertex 66.53354309493693 -77.53459521412316 1
vertex 66.81101620000014 -77.41909529999998 0
vertex 66.53354309493685 -77.5345952141232 0
endloop
endfacet
facet normal -0.5182931900101845 0.855202998819033 0
outer loop
vertex 66.27651057865681 -77.69036899296061 1
vertex 66.53354309493693 -77.53459521412316 1
vertex 66.53354309493685 -77.5345952141232 0
endloop
endfacet
facet normal -0.5182931900101845 0.855202998819033 0
outer loop
vertex 66.27651057865681 -77.69036899296061 1
vertex 66.53354309493685 -77.5345952141232 0
vertex 66.27651057865683 -77.6903689929606 0
endloop
endfacet
facet normal -0.6405938978748409 0.7678798460732759 0
outer loop
vertex 66.04572316407848 -77.88290042901954 1
vertex 66.27651057865681 -77.69036899296061 1
vertex 66.27651057865683 -77.6903689929606 0
endloop
endfacet
facet normal -0.6405938978748409 0.7678798460732759 0
outer loop
vertex 66.04572316407848 -77.88290042901954 1
vertex 66.27651057865683 -77.6903689929606 0
vertex 66.04572316407848 -77.88290042901953 0
endloop
endfacet
facet normal -0.7484282043290914 0.6632158192962015 0
outer loop
vertex 65.8463926763395 -78.10784162412679 1
vertex 66.04572316407848 -77.88290042901954 1
vertex 66.04572316407848 -77.88290042901953 0
endloop
endfacet
facet normal -0.7484282043290914 0.6632158192962015 0
outer loop
vertex 65.8463926763395 -78.10784162412679 1
vertex 66.04572316407848 -77.88290042901953 0
vertex 65.8463926763395 -78.10784162412678 0
endloop
endfacet
facet normal -0.8393609092123023 0.5435745248687592 0
outer loop
vertex 65.68302055521059 -78.36011277712797 1
vertex 65.8463926763395 -78.10784162412679 1
vertex 65.8463926763395 -78.10784162412678 0
endloop
endfacet
facet normal -0.8393609092123023 0.5435745248687592 0
outer loop
vertex 65.68302055521059 -78.36011277712797 1
vertex 65.8463926763395 -78.10784162412678 0
vertex 65.68302055521063 -78.36011277712788 0
endloop
endfacet
facet normal -0.9113320064481536 0.4116721681425437 0
outer loop
vertex 65.55929240000006 -78.6340126500005 1
vertex 65.68302055521059 -78.36011277712797 1
vertex 65.68302055521063 -78.36011277712788 0
endloop
endfacet
facet normal -0.9113320064481536 0.4116721681425437 0
outer loop
vertex 65.55929240000006 -78.6340126500005 1
vertex 65.68302055521063 -78.36011277712788 0
vertex 65.55929239999999 -78.63401264999963 0
endloop
endfacet
facet normal 0 0 1
outer loop
vertex 45.64087580000003 -133.35938774999985 1
vertex 53.053713809294926 -112.9927923405317 1
vertex 53.06477349545111 -112.96240611692662 1
endloop
endfacet
facet normal 0 0 1
outer loop
vertex 45.64087580000003 -133.35938774999985 1
vertex 53.06477349545111 -112.96240611692662 1
vertex 53.097614873654834 -112.87217521457507 1
endloop
endfacet
facet normal 0 0 1
outer loop
vertex 45.64087580000003 -133.35938774999985 1
vertex 53.097614873654834 -112.87217521457507 1
vertex 53.15124040230477 -112.72484035520505 1
endloop
endfacet
facet normal 0 0 1
outer loop
vertex 45.64087580000003 -133.35938774999985 1
vertex 53.15124040230477 -112.72484035520505 1
vertex 53.224020701632504 -112.52487822082017 1
endloop
endfacet
facet normal 0 0 1
outer loop
vertex 45.64087580000003 -133.35938774999985 1
vertex 53.224020701632504 -112.52487822082017 1
vertex 53.31374434916695 -112.2783646418502 1
endloop
endfacet
facet normal 0 0 1
outer loop
vertex 45.64087580000003 -133.35938774999985 1
vertex 53.31374434916695 -112.2783646418502 1
vertex 53.41768521697247 -111.9927895896975 1
endloop
endfacet
facet normal 0 0 1
outer loop
vertex 45.64087580000003 -133.35938774999985 1
vertex 53.41768521697247 -111.9927895896975 1
vertex 53.532685123649344 -111.6768300923393 1
endloop
endfacet
facet normal 0 0 1
outer loop
vertex 45.64087580000003 -133.35938774999985 1
vertex 53.532685123649344 -111.6768300923393 1
vertex 53.65524979379677 -111.34008658799488 1
endloop
endfacet
facet normal 0 0 1
outer loop
vertex 45.64087580000003 -133.35938774999985 1
vertex 53.65524979379677 -111.34008658799488 1
vertex 53.781655172866664 -110.9927908276034 1
endloop
endfacet
facet normal 0 0 1
outer loop
vertex 45.64087580000003 -133.35938774999985 1
vertex 53.781655172866664 -110.9927908276034 1
vertex 53.90806058034446 -110.64549498916186 1
endloop
endfacet
facet normal 0 0 1
outer loop
vertex 45.64087580000003 -133.35938774999985 1
vertex 53.90806058034446 -110.64549498916186 1
vertex 54.03062522676728 -110.30875155000022 1
endloop
endfacet
facet normal 0 0 1
outer loop
vertex 45.64087580000003 -133.35938774999985 1
vertex 54.03062522676728 -110.30875155000022 1
vertex 61.01494315959391 -91.11950454999993 1
endloop
endfacet
facet normal 0 0 1
outer loop
vertex 45.64087580000003 -133.35938774999985 1
vertex 61.01494315959391 -91.11950454999993 1
vertex 61.048040558321645 -91.02857023094455 1
endloop
endfacet
facet normal 0 0 1
outer loop
vertex 45.64087580000003 -133.35938774999985 1
vertex 61.048040558321645 -91.02857023094455 1
vertex 61.08437597403289 -90.92873953692305 1
endloop
endfacet
facet normal 0 0 1
outer loop
vertex 45.64087580000003 -133.35938774999985 1
vertex 61.08437597403289 -90.92873953692305 1
vertex 61.12373952973539 -90.82058910000046 1
endloop
endfacet
facet normal 0 0 1
outer loop
vertex 45.64087580000003 -133.35938774999985 1
vertex 61.12373952973539 -90.82058910000046 1
vertex 65.55929240000006 -78.6340126500005 1
endloop
endfacet
facet normal 0 0 1
outer loop
vertex 45.64087580000003 -133.35938774999985 1
vertex 65.55929240000006 -78.6340126500005 1
vertex 65.55929239999999 -78.63401264999963 0
endloop
endfacet
facet normal 0 0 1
outer loop
vertex 45.64087580000003 -133.35938774999985 1
vertex 65.55929239999999 -78.63401264999963 0
vertex 61.12373952973534 -90.8205891000003 0
endloop
endfacet
facet normal 0 0 1
outer loop
vertex 45.64087580000003 -133.35938774999985 1
vertex 61.12373952973534 -90.8205891000003 0
vertex 61.08437597403278 -90.92873953692305 0
endloop
endfacet
facet normal 0 0 1
outer loop
vertex 45.64087580000003 -133.35938774999985 1
vertex 61.08437597403278 -90.92873953692305 0
vertex 61.04804055832156 -91.02857023094451 0
endloop
endfacet
facet normal 0 0 1
outer loop
vertex 45.64087580000003 -133.35938774999985 1
vertex 61.04804055832156 -91.02857023094451 0
vertex 61.01494315959376 -91.11950455000007 0
endloop
endfacet
facet normal 0 0 1
outer loop
vertex 45.64087580000003 -133.35938774999985 1
vertex 61.01494315959376 -91.11950455000007 0
vertex 54.03062522676724 -110.30875155000027 0
endloop
endfacet
facet normal 0 0 1
outer loop
vertex 45.64087580000003 -133.35938774999985 1
vertex 54.03062522676724 -110.30875155000027 0
vertex 53.90806058034442 -110.6454949891619 0
endloop
endfacet
facet normal 0 0 1
outer loop
vertex 45.64087580000003 -133.35938774999985 1
vertex 53.90806058034442 -110.6454949891619 0
vertex 53.78165517286658 -110.99279082760354 0
endloop
endfacet
facet normal 0 0 1
outer loop
vertex 45.64087580000003 -133.35938774999985 1
vertex 53.78165517286658 -110.99279082760354 0
vertex 53.655249793796784 -111.34008658799478 0
endloop
endfacet
facet normal 0 0 1
outer loop
vertex 45.64087580000003 -133.35938774999985 1
vertex 53.655249793796784 -111.34008658799478 0
vertex 53.53268512364937 -111.67683009233916 0
endloop
endfacet
facet normal 0 0 1
outer loop
vertex 45.64087580000003 -133.35938774999985 1
vertex 53.53268512364937 -111.67683009233916 0
vertex 53.4176852169724 -111.99278958969761 0
endloop
endfacet
facet normal 0 0 1
outer loop
vertex 45.64087580000003 -133.35938774999985 1
vertex 53.4176852169724 -111.99278958969761 0
vertex 53.313744349166946 -112.27836464185016 0
endloop
endfacet
facet normal 0 0 1
outer loop
vertex 45.64087580000003 -133.35938774999985 1
vertex 53.313744349166946 -112.27836464185016 0
vertex 53.22402070163248 -112.52487822082016 0
endloop
endfacet
facet normal 0 0 1
outer loop
vertex 45.64087580000003 -133.35938774999985 1
vertex 53.22402070163248 -112.52487822082016 0
vertex 53.15124040230474 -112.72484035520507 0
endloop
endfacet
facet normal 0 0 1
outer loop
vertex 45.64087580000003 -133.35938774999985 1
vertex 53.15124040230474 -112.72484035520507 0
vertex 53.097614873654805 -112.87217521457507 0
endloop
endfacet
facet normal 0 0 1
outer loop
vertex 45.64087580000003 -133.35938774999985 1
vertex 53.097614873654805 -112.87217521457507 0
vertex 53.06477349545108 -112.96240611692663 0
endloop
endfacet
facet normal 0 0 1
outer loop
vertex 45.64087580000003 -133.35938774999985 1
vertex 53.06477349545108 -112.96240611692663 0
vertex 53.05371432119091 -112.99279093410962 0
endloop
endfacet
facet normal 0 0 1
outer loop
vertex 45.64087580000003 -133.35938774999985 1
vertex 53.05371432119091 -112.99279093410962 0
vertex 52.88374293074693 -113.45978327038038 0
endloop
endfacet
facet normal 0 0 1
outer loop
vertex 45.64087580000003 -133.35938774999985 1
vertex 52.88374293074693 -113.45978327038038 0
vertex 45.64087580000006 -133.3593877499998 0
endloop
endfacet
endsolid csg.js
