solid csg.js
facet normal 0 0 -1
outer loop
vertex 224.73711014999992 -64.73100234999998 0
vertex 245.3391679000006 -67.5379435000001 0
vertex 245.51990135969626 -67.57108820815749 0
endloop
endfacet
facet normal 0 0 -1
outer loop
vertex 224.73711014999992 -64.73100234999998 0
vertex 245.51990135969626 -67.57108820815749 0
vertex 245.6968289500005 -67.62068175000014 0
endloop
endfacet
facet normal 0 0 -1
outer loop
vertex 224.73711014999992 -64.73100234999998 0
vertex 245.6968289500005 -67.62068175000014 0
vertex 267.58603379999994 -74.85566914999994 0
endloop
endfacet
facet normal 0 0 -1
outer loop
vertex 224.73711014999992 -64.73100234999998 0
vertex 267.58603379999994 -74.85566914999994 0
vertex 267.86351000506295 -74.97116746412318 0
endloop
endfacet
facet normal 0 0 -1
outer loop
vertex 224.73711014999992 -64.73100234999998 0
vertex 267.86351000506295 -74.97116746412318 0
vertex 268.1205425213434 -75.12694124296058 0
endloop
endfacet
facet normal 0 0 -1
outer loop
vertex 224.73711014999992 -64.73100234999998 0
vertex 268.1205425213434 -75.12694124296058 0
vertex 268.35132993592134 -75.31947267901964 0
endloop
endfacet
facet normal 0 0 -1
outer loop
vertex 224.73711014999992 -64.73100234999998 0
vertex 268.35132993592134 -75.31947267901964 0
vertex 268.55066042366053 -75.5444138741268 0
endloop
endfacet
facet normal 0 0 -1
outer loop
vertex 224.73711014999992 -64.73100234999998 0
vertex 268.55066042366053 -75.5444138741268 0
vertex 268.71403254478923 -75.79668502712796 0
endloop
endfacet
facet normal 0 0 -1
outer loop
vertex 224.73711014999992 -64.73100234999998 0
vertex 268.71403254478923 -75.79668502712796 0
vertex 268.8377568999999 -76.07058830000004 0
endloop
endfacet
facet normal 0 0 -1
outer loop
vertex 224.73711014999992 -64.73100234999998 0
vertex 268.8377568999999 -76.07058830000004 0
vertex 273.7712457267602 -89.6252366000004 0
endloop
endfacet
facet normal 0 0 -1
outer loop
vertex 224.73711014999992 -64.73100234999998 0
vertex 273.7712457267602 -89.6252366000004 0
vertex 184.59516424999964 -89.6252366000004 0
endloop
endfacet
facet normal 0 0 -1
outer loop
vertex 224.73711014999992 -64.73100234999998 0
vertex 184.59516424999964 -89.6252366000004 0
vertex 198.5435319 -74.2646802 0
endloop
endfacet
facet normal 0 0 -1
outer loop
vertex 224.73711014999992 -64.73100234999998 0
vertex 198.5435319 -74.2646802 0
vertex 198.7168272705048 -74.09563576533533 0
endloop
endfacet
facet normal 0 0 -1
outer loop
vertex 224.73711014999992 -64.73100234999998 0
vertex 198.7168272705048 -74.09563576533533 0
vertex 198.9092791694859 -73.94876443756075 0
endloop
endfacet
facet normal 0 0 -1
outer loop
vertex 224.73711014999992 -64.73100234999998 0
vertex 198.9092791694859 -73.94876443756075 0
vertex 199.1180667974392 -73.82622200916356 0
endloop
endfacet
facet normal 0 0 -1
outer loop
vertex 224.73711014999992 -64.73100234999998 0
vertex 199.1180667974392 -73.82622200916356 0
vertex 199.34013095 -73.72980509999995 0
endloop
endfacet
facet normal 0 0 -1
outer loop
vertex 224.73711014999992 -64.73100234999998 0
vertex 199.34013095 -73.72980509999995 0
vertex 223.78307029999945 -64.83330470000017 0
endloop
endfacet
facet normal 0 0 -1
outer loop
vertex 224.73711014999992 -64.73100234999998 0
vertex 223.78307029999945 -64.83330470000017 0
vertex 224.01515633533393 -64.76442392179212 0
endloop
endfacet
facet normal 0 0 -1
outer loop
vertex 224.73711014999992 -64.73100234999998 0
vertex 224.01515633533393 -64.76442392179212 0
vertex 224.25386440316106 -64.7240916313852 0
endloop
endfacet
facet normal 0 0 -1
outer loop
vertex 224.73711014999992 -64.73100234999998 0
vertex 224.25386440316106 -64.7240916313852 0
vertex 224.49569678882978 -64.71289642987078 0
endloop
endfacet
facet normal 0 0 -1
outer loop
vertex 108.94784569683897 -64.72408843138521 0
vertex 109.18655376466621 -64.76442072179215 0
vertex 109.41863995000011 -64.83329915000002 0
endloop
endfacet
facet normal 0 0 -1
outer loop
vertex 108.94784569683897 -64.72408843138521 0
vertex 109.41863995000011 -64.83329915000002 0
vertex 133.86157929999976 -73.7298079999999 0
endloop
endfacet
facet normal 0 0 -1
outer loop
vertex 108.94784569683897 -64.72408843138521 0
vertex 133.86157929999976 -73.7298079999999 0
vertex 134.08364380256114 -73.82622200916356 0
endloop
endfacet
facet normal 0 0 -1
outer loop
vertex 108.94784569683897 -64.72408843138521 0
vertex 134.08364380256114 -73.82622200916356 0
vertex 134.29243143051417 -73.94876443756075 0
endloop
endfacet
facet normal 0 0 -1
outer loop
vertex 108.94784569683897 -64.72408843138521 0
vertex 134.29243143051417 -73.94876443756075 0
vertex 134.48488332949512 -74.09563576533533 0
endloop
endfacet
facet normal 0 0 -1
outer loop
vertex 108.94784569683897 -64.72408843138521 0
vertex 134.48488332949512 -74.09563576533533 0
vertex 134.6581796500003 -74.2646840000003 0
endloop
endfacet
facet normal 0 0 -1
outer loop
vertex 108.94784569683897 -64.72408843138521 0
vertex 134.6581796500003 -74.2646840000003 0
vertex 148.6065512000001 -89.6252442000001 0
endloop
endfacet
facet normal 0 0 -1
outer loop
vertex 108.94784569683897 -64.72408843138521 0
vertex 148.6065512000001 -89.6252442000001 0
vertex 59.4304571186498 -89.6252442000001 0
endloop
endfacet
facet normal 0 0 -1
outer loop
vertex 108.94784569683897 -64.72408843138521 0
vertex 59.4304571186498 -89.6252442000001 0
vertex 64.36394749999997 -76.07058830000004 0
endloop
endfacet
facet normal 0 0 -1
outer loop
vertex 108.94784569683897 -64.72408843138521 0
vertex 64.36394749999997 -76.07058830000004 0
vertex 64.48767310521058 -75.79668502712796 0
endloop
endfacet
facet normal 0 0 -1
outer loop
vertex 108.94784569683897 -64.72408843138521 0
vertex 64.48767310521058 -75.79668502712796 0
vertex 64.65104522633949 -75.5444138741268 0
endloop
endfacet
facet normal 0 0 -1
outer loop
vertex 108.94784569683897 -64.72408843138521 0
vertex 64.65104522633949 -75.5444138741268 0
vertex 64.85037571407838 -75.31947267901964 0
endloop
endfacet
facet normal 0 0 -1
outer loop
vertex 108.94784569683897 -64.72408843138521 0
vertex 64.85037571407838 -75.31947267901964 0
vertex 65.08116312865687 -75.12694124296058 0
endloop
endfacet
facet normal 0 0 -1
outer loop
vertex 108.94784569683897 -64.72408843138521 0
vertex 65.08116312865687 -75.12694124296058 0
vertex 65.33819564493689 -74.97116746412318 0
endloop
endfacet
facet normal 0 0 -1
outer loop
vertex 108.94784569683897 -64.72408843138521 0
vertex 65.33819564493689 -74.97116746412318 0
vertex 65.61566875000018 -74.85566914999994 0
endloop
endfacet
facet normal 0 0 -1
outer loop
vertex 108.94784569683897 -64.72408843138521 0
vertex 65.61566875000018 -74.85566914999994 0
vertex 87.50487799999947 -67.62067650000016 0
endloop
endfacet
facet normal 0 0 -1
outer loop
vertex 108.94784569683897 -64.72408843138521 0
vertex 87.50487799999947 -67.62067650000016 0
vertex 87.68180659030355 -67.57108470815756 0
endloop
endfacet
facet normal 0 0 -1
outer loop
vertex 108.94784569683897 -64.72408843138521 0
vertex 87.68180659030355 -67.57108470815756 0
vertex 87.86253899999979 -67.53793825000004 0
endloop
endfacet
facet normal 0 0 -1
outer loop
vertex 108.94784569683897 -64.72408843138521 0
vertex 87.86253899999979 -67.53793825000004 0
vertex 108.46459990000017 -64.73099829999998 0
endloop
endfacet
facet normal 0 0 -1
outer loop
vertex 108.94784569683897 -64.72408843138521 0
vertex 108.46459990000017 -64.73099829999998 0
vertex 108.70601331117012 -64.71289322987079 0
endloop
endfacet
facet normal 0 0 -1
outer loop
vertex 273.7712457267602 -89.6252366000004 0
vertex 273.81061121599487 -89.73339237322422 0
vertex 184.489211684127 -89.73339237322422 0
endloop
endfacet
facet normal 0 0 -1
outer loop
vertex 273.7712457267602 -89.6252366000004 0
vertex 184.489211684127 -89.73339237322422 0
vertex 184.59516424999964 -89.6252366000004 0
endloop
endfacet
facet normal 0 0 -1
outer loop
vertex 148.6065512000001 -89.6252442000001 0
vertex 148.71250249755468 -89.7333951801777 0
vertex 59.39109338825515 -89.7333951801777 0
endloop
endfacet
facet normal 0 0 -1
outer loop
vertex 148.6065512000001 -89.6252442000001 0
vertex 59.39109338825515 -89.7333951801777 0
vertex 59.4304571186498 -89.6252442000001 0
endloop
endfacet
facet normal 0 0 -1
outer loop
vertex 148.71250249755468 -89.7333951801777 0
vertex 148.826326575346 -89.83321918361594 0
vertex 59.35476042898095 -89.83321918361594 0
endloop
endfacet
facet normal 0 0 -1
outer loop
vertex 148.71250249755468 -89.7333951801777 0
vertex 59.35476042898095 -89.83321918361594 0
vertex 59.39109338825515 -89.7333951801777 0
endloop
endfacet
facet normal 0 0 -1
outer loop
vertex 273.81061121599487 -89.73339237322422 0
vertex 273.8469466282852 -89.83322307996929 0
vertex 184.3753808996797 -89.83322307996929 0
endloop
endfacet
facet normal 0 0 -1
outer loop
vertex 273.81061121599487 -89.73339237322422 0
vertex 184.3753808996797 -89.83322307996929 0
vertex 184.489211684127 -89.73339237322422 0
endloop
endfacet
facet normal 0 0 -1
outer loop
vertex 148.826326575346 -89.83321918361594 0
vertex 148.94737560000002 -89.92414709999998 0
vertex 59.32166538000396 -89.92414709999998 0
endloop
endfacet
facet normal 0 0 -1
outer loop
vertex 148.826326575346 -89.83321918361594 0
vertex 59.32166538000396 -89.92414709999998 0
vertex 59.35476042898095 -89.83321918361594 0
endloop
endfacet
facet normal 0 0 -1
outer loop
vertex 273.8469466282852 -89.83322307996929 0
vertex 273.88004249135844 -89.9241532000003 0
vertex 184.25432849999962 -89.9241532000003 0
endloop
endfacet
facet normal 0 0 -1
outer loop
vertex 273.8469466282852 -89.83322307996929 0
vertex 184.25432849999962 -89.9241532000003 0
vertex 184.3753808996797 -89.83322307996929 0
endloop
endfacet
facet normal 0 0 -1
outer loop
vertex 273.88004249135844 -89.9241532000003 0
vertex 281.54840116829814 -110.9927917000002 0
vertex 171.93808870000004 -110.9927917000002 0
endloop
endfacet
facet normal 0 0 -1
outer loop
vertex 273.88004249135844 -89.9241532000003 0
vertex 171.93808870000004 -110.9927917000002 0
vertex 168.8250503 -102.43977870000033 0
endloop
endfacet
facet normal 0 0 -1
outer loop
vertex 273.88004249135844 -89.9241532000003 0
vertex 168.8250503 -102.43977870000033 0
vertex 168.7385200793438 -102.12339904342873 0
endloop
endfacet
facet normal 0 0 -1
outer loop
vertex 273.88004249135844 -89.9241532000003 0
vertex 168.7385200793438 -102.12339904342873 0
vertex 168.7048650781859 -101.79713203110883 0
endloop
endfacet
facet normal 0 0 -1
outer loop
vertex 273.88004249135844 -89.9241532000003 0
vertex 168.7048650781859 -101.79713203110883 0
vertex 168.7249903275691 -101.46974963268575 0
endloop
endfacet
facet normal 0 0 -1
outer loop
vertex 273.88004249135844 -89.9241532000003 0
vertex 168.7249903275691 -101.46974963268575 0
vertex 168.79835454109926 -101.1500603579315 0
endloop
endfacet
facet normal 0 0 -1
outer loop
vertex 273.88004249135844 -89.9241532000003 0
vertex 168.79835454109926 -101.1500603579315 0
vertex 168.92298452332193 -100.8466614328329 0
endloop
endfacet
facet normal 0 0 -1
outer loop
vertex 273.88004249135844 -89.9241532000003 0
vertex 168.92298452332193 -100.8466614328329 0
vertex 169.09552824056144 -100.56771304000516 0
endloop
endfacet
facet normal 0 0 -1
outer loop
vertex 273.88004249135844 -89.9241532000003 0
vertex 169.09552824056144 -100.56771304000516 0
vertex 169.3113449768313 -100.32071884335824 0
endloop
endfacet
facet normal 0 0 -1
outer loop
vertex 273.88004249135844 -89.9241532000003 0
vertex 169.3113449768313 -100.32071884335824 0
vertex 169.5646301499994 -100.11231980000045 0
endloop
endfacet
facet normal 0 0 -1
outer loop
vertex 273.88004249135844 -89.9241532000003 0
vertex 169.5646301499994 -100.11231980000045 0
vertex 184.25432849999962 -89.9241532000003 0
endloop
endfacet
facet normal 0 0 -1
outer loop
vertex 148.94737560000002 -89.92414709999998 0
vertex 163.63708090000011 -100.11231740000008 0
vertex 163.89036562316895 -100.32071884335824 0
endloop
endfacet
facet normal 0 0 -1
outer loop
vertex 148.94737560000002 -89.92414709999998 0
vertex 163.89036562316895 -100.32071884335824 0
vertex 164.10618235943866 -100.56771304000516 0
endloop
endfacet
facet normal 0 0 -1
outer loop
vertex 148.94737560000002 -89.92414709999998 0
vertex 164.10618235943866 -100.56771304000516 0
vertex 164.27872607667797 -100.8466614328329 0
endloop
endfacet
facet normal 0 0 -1
outer loop
vertex 148.94737560000002 -89.92414709999998 0
vertex 164.27872607667797 -100.8466614328329 0
vertex 164.4033560589008 -101.1500603579315 0
endloop
endfacet
facet normal 0 0 -1
outer loop
vertex 148.94737560000002 -89.92414709999998 0
vertex 164.4033560589008 -101.1500603579315 0
vertex 164.47672027243095 -101.46974963268575 0
endloop
endfacet
facet normal 0 0 -1
outer loop
vertex 148.94737560000002 -89.92414709999998 0
vertex 164.47672027243095 -101.46974963268575 0
vertex 164.49684552181415 -101.79713093110882 0
endloop
endfacet
facet normal 0 0 -1
outer loop
vertex 148.94737560000002 -89.92414709999998 0
vertex 164.49684552181415 -101.79713093110882 0
vertex 164.46319052065633 -102.12339904342873 0
endloop
endfacet
facet normal 0 0 -1
outer loop
vertex 148.94737560000002 -89.92414709999998 0
vertex 164.46319052065633 -102.12339904342873 0
vertex 164.37666044999992 -102.43977870000033 0
endloop
endfacet
facet normal 0 0 -1
outer loop
vertex 148.94737560000002 -89.92414709999998 0
vertex 164.37666044999992 -102.43977870000033 0
vertex 161.2636149 -110.99279319999997 0
endloop
endfacet
facet normal 0 0 -1
outer loop
vertex 148.94737560000002 -89.92414709999998 0
vertex 161.2636149 -110.99279319999997 0
vertex 51.653306725291046 -110.99279319999997 0
endloop
endfacet
facet normal 0 0 -1
outer loop
vertex 148.94737560000002 -89.92414709999998 0
vertex 51.653306725291046 -110.99279319999997 0
vertex 59.32166538000396 -89.92414709999998 0
endloop
endfacet
facet normal 0 0 -1
outer loop
vertex 161.2636149 -110.99279319999997 0
vertex 161.17338732611452 -111.3295351391619 0
vertex 51.53074270521491 -111.3295351391619 0
endloop
endfacet
facet normal 0 0 -1
outer loop
vertex 161.2636149 -110.99279319999997 0
vertex 51.53074270521491 -111.3295351391619 0
vertex 51.653306725291046 -110.99279319999997 0
endloop
endfacet
facet normal 0 0 -1
outer loop
vertex 281.54840116829814 -110.9927917000002 0
vertex 281.6709657788969 -111.3295351391619 0
vertex 172.02831882388543 -111.3295351391619 0
endloop
endfacet
facet normal 0 0 -1
outer loop
vertex 281.54840116829814 -110.9927917000002 0
vertex 172.02831882388543 -111.3295351391619 0
vertex 171.93808870000004 -110.9927917000002 0
endloop
endfacet
facet normal 0 0 -1
outer loop
vertex 161.17338732611452 -111.3295351391619 0
vertex 161.1430027959019 -111.6768309776036 0
vertex 51.4043373806478 -111.6768309776036 0
endloop
endfacet
facet normal 0 0 -1
outer loop
vertex 161.17338732611452 -111.3295351391619 0
vertex 51.4043373806478 -111.6768309776036 0
vertex 51.53074270521491 -111.3295351391619 0
endloop
endfacet
facet normal 0 0 -1
outer loop
vertex 281.6709657788969 -111.3295351391619 0
vertex 281.79737114942805 -111.6768309776036 0
vertex 172.0587033540981 -111.6768309776036 0
endloop
endfacet
facet normal 0 0 -1
outer loop
vertex 281.6709657788969 -111.3295351391619 0
vertex 172.0587033540981 -111.6768309776036 0
vertex 172.02831882388543 -111.3295351391619 0
endloop
endfacet
facet normal 0 0 -1
outer loop
vertex 161.1430027959019 -111.6768309776036 0
vertex 161.1733870752268 -112.02412683799477 0
vertex 51.27793204809173 -112.02412683799477 0
endloop
endfacet
facet normal 0 0 -1
outer loop
vertex 161.1430027959019 -111.6768309776036 0
vertex 51.27793204809173 -112.02412683799477 0
vertex 51.4043373806478 -111.6768309776036 0
endloop
endfacet
facet normal 0 0 -1
outer loop
vertex 281.79737114942805 -111.6768309776036 0
vertex 281.9237765279482 -112.02412683799477 0
vertex 172.02831907477324 -112.02412683799477 0
endloop
endfacet
facet normal 0 0 -1
outer loop
vertex 281.79737114942805 -111.6768309776036 0
vertex 172.02831907477324 -112.02412683799477 0
vertex 172.0587033540981 -111.6768309776036 0
endloop
endfacet
facet normal 0 0 -1
outer loop
vertex 161.1733870752268 -112.02412683799477 0
vertex 161.2636169558475 -112.3608703423393 0
vertex 51.15536745833583 -112.3608703423393 0
endloop
endfacet
facet normal 0 0 -1
outer loop
vertex 161.1733870752268 -112.02412683799477 0
vertex 51.15536745833583 -112.3608703423393 0
vertex 51.27793204809173 -112.02412683799477 0
endloop
endfacet
facet normal 0 0 -1
outer loop
vertex 281.9237765279482 -112.02412683799477 0
vertex 282.0463411622715 -112.3608703423393 0
vertex 171.93808919415247 -112.3608703423393 0
endloop
endfacet
facet normal 0 0 -1
outer loop
vertex 281.9237765279482 -112.02412683799477 0
vertex 171.93808919415247 -112.3608703423393 0
vertex 172.02831907477324 -112.02412683799477 0
endloop
endfacet
facet normal 0 0 -1
outer loop
vertex 161.2636169558475 -112.3608703423393 0
vertex 161.41095085654914 -112.67682963969762 0
vertex 51.040367699882694 -112.67682963969762 0
endloop
endfacet
facet normal 0 0 -1
outer loop
vertex 161.2636169558475 -112.3608703423393 0
vertex 51.040367699882694 -112.67682963969762 0
vertex 51.15536745833583 -112.3608703423393 0
endloop
endfacet
facet normal 0 0 -1
outer loop
vertex 282.0463411622715 -112.3608703423393 0
vertex 282.1613409625414 -112.67682963969762 0
vertex 171.79075534008152 -112.67682963969762 0
endloop
endfacet
facet normal 0 0 -1
outer loop
vertex 282.0463411622715 -112.3608703423393 0
vertex 171.79075534008152 -112.67682963969762 0
vertex 171.93808919415247 -112.3608703423393 0
endloop
endfacet
facet normal 0 0 -1
outer loop
vertex 161.41095085654914 -112.67682963969762 0
vertex 161.61091212445666 -112.9624046918502 0
vertex 50.936426900253224 -112.9624046918502 0
endloop
endfacet
facet normal 0 0 -1
outer loop
vertex 161.41095085654914 -112.67682963969762 0
vertex 50.936426900253224 -112.9624046918502 0
vertex 51.040367699882694 -112.67682963969762 0
endloop
endfacet
facet normal 0 0 -1
outer loop
vertex 282.1613409625414 -112.67682963969762 0
vertex 282.2652817999662 -112.9624046918502 0
vertex 171.59079402585513 -112.9624046918502 0
endloop
endfacet
facet normal 0 0 -1
outer loop
vertex 282.1613409625414 -112.67682963969762 0
vertex 171.59079402585513 -112.9624046918502 0
vertex 171.79075534008152 -112.67682963969762 0
endloop
endfacet
facet normal 0 0 1
outer loop
vertex 161.61091212445666 -112.9624046918502 0
vertex 161.64129881959735 -112.99279147919364 0
vertex 161.85742505546762 -113.20891837082014 0
endloop
endfacet
facet normal 0 0 1
outer loop
vertex 161.61091212445666 -112.9624046918502 0
vertex 161.85742505546762 -113.20891837082014 0
vertex 50.84670327517252 -113.20891837082014 0
endloop
endfacet
facet normal 0 0 1
outer loop
vertex 161.61091212445666 -112.9624046918502 0
vertex 50.84670327517252 -113.20891837082014 0
vertex 50.936426900253224 -112.9624046918502 0
endloop
endfacet
facet normal 0 0 -1
outer loop
vertex 282.2652817999662 -112.9624046918502 0
vertex 282.35500545767263 -113.20891837082014 0
vertex 171.34428109496008 -113.20891837082014 0
endloop
endfacet
facet normal 0 0 -1
outer loop
vertex 282.2652817999662 -112.9624046918502 0
vertex 171.34428109496008 -113.20891837082014 0
vertex 171.56040586156013 -112.99279304803633 0
endloop
endfacet
facet normal 0 0 -1
outer loop
vertex 282.2652817999662 -112.9624046918502 0
vertex 171.56040586156013 -112.99279304803633 0
vertex 171.59079402585513 -112.9624046918502 0
endloop
endfacet
facet normal 0 0 -1
outer loop
vertex 161.85742505546762 -113.20891837082014 0
vertex 162.14299950090574 -113.40888050520498 0
vertex 50.773923023582235 -113.40888050520498 0
endloop
endfacet
facet normal 0 0 -1
outer loop
vertex 161.85742505546762 -113.20891837082014 0
vertex 50.773923023582235 -113.40888050520498 0
vertex 50.84670327517252 -113.20891837082014 0
endloop
endfacet
facet normal 0 0 -1
outer loop
vertex 282.35500545767263 -113.20891837082014 0
vertex 282.4277857357276 -113.40888050520498 0
vertex 171.05870665091336 -113.40888050520498 0
endloop
endfacet
facet normal 0 0 -1
outer loop
vertex 282.35500545767263 -113.20891837082014 0
vertex 171.05870665091336 -113.40888050520498 0
vertex 171.34428109496008 -113.20891837082014 0
endloop
endfacet
facet normal 0 0 -1
outer loop
vertex 162.14299950090574 -113.40888050520498 0
vertex 162.45895845122925 -113.55621536457507 0
vertex 50.72029753010586 -113.55621536457507 0
endloop
endfacet
facet normal 0 0 -1
outer loop
vertex 162.14299950090574 -113.40888050520498 0
vertex 50.72029753010586 -113.55621536457507 0
vertex 50.773923023582235 -113.40888050520498 0
endloop
endfacet
facet normal 0 0 -1
outer loop
vertex 282.4277857357276 -113.40888050520498 0
vertex 282.48141124870347 -113.55621536457507 0
vertex 170.74274770361737 -113.55621536457507 0
endloop
endfacet
facet normal 0 0 -1
outer loop
vertex 282.4277857357276 -113.40888050520498 0
vertex 170.74274770361737 -113.55621536457507 0
vertex 171.05870665091336 -113.40888050520498 0
endloop
endfacet
facet normal 0 0 -1
outer loop
vertex 162.45895845122925 -113.55621536457507 0
vertex 162.7957016818009 -113.64644636692657 0
vertex 50.68745613704617 -113.64644636692657 0
endloop
endfacet
facet normal 0 0 -1
outer loop
vertex 162.45895845122925 -113.55621536457507 0
vertex 50.68745613704617 -113.64644636692657 0
vertex 50.72029753010586 -113.55621536457507 0
endloop
endfacet
facet normal 0 0 -1
outer loop
vertex 282.48141124870347 -113.55621536457507 0
vertex 282.51425265370506 -113.64644636692657 0
vertex 170.4060041070677 -113.64644636692657 0
endloop
endfacet
facet normal 0 0 -1
outer loop
vertex 282.48141124870347 -113.55621536457507 0
vertex 170.4060041070677 -113.64644636692657 0
vertex 170.74274770361737 -113.55621536457507 0
endloop
endfacet
facet normal 0 0 -1
outer loop
vertex 162.7957016818009 -113.64644636692657 0
vertex 163.14299745000002 -113.67683149895534 0
vertex 50.676396855445375 -113.67683149895534 0
endloop
endfacet
facet normal 0 0 -1
outer loop
vertex 162.7957016818009 -113.64644636692657 0
vertex 50.676396855445375 -113.67683149895534 0
vertex 50.68745613704617 -113.64644636692657 0
endloop
endfacet
facet normal 0 0 -1
outer loop
vertex 162.75477777679302 -113.67683149895534 0
vertex 170.05870739999966 -113.6768334 0
vertex 162.75477777679302 -113.67683149895534 0
endloop
endfacet
facet normal 0 0 -1
outer loop
vertex 162.75477777679302 -113.67683149895534 0
vertex 162.75477777679302 -113.67683149895534 0
vertex 50.676396855445375 -113.67683149895534 0
endloop
endfacet
facet normal 0 0 -1
outer loop
vertex 282.51425265370506 -113.64644636692657 0
vertex 282.5253126312511 -113.6768334 0
vertex 170.05870739999966 -113.6768334 0
endloop
endfacet
facet normal 0 0 -1
outer loop
vertex 282.51425265370506 -113.64644636692657 0
vertex 170.05870739999966 -113.6768334 0
vertex 170.4060041070677 -113.64644636692657 0
endloop
endfacet
facet normal 0 0 1
outer loop
vertex 163.14299745000002 -113.67683149895534 0
vertex 170.05870739999966 -113.6768334 0
vertex 282.5253126312511 -113.6768334 0
endloop
endfacet
facet normal 0 0 1
outer loop
vertex 163.14299745000002 -113.67683149895534 0
vertex 282.5253126312511 -113.6768334 0
vertex 290.11810979999996 -134.53786839999995 0
endloop
endfacet
facet normal 0 0 1
outer loop
vertex 163.14299745000002 -113.67683149895534 0
vertex 290.11810979999996 -134.53786839999995 0
vertex 290.20440066013714 -134.8529709842939 0
endloop
endfacet
facet normal 0 0 1
outer loop
vertex 163.14299745000002 -113.67683149895534 0
vertex 290.20440066013714 -134.8529709842939 0
vertex 290.23823966899937 -135.17791736637764 0
endloop
endfacet
facet normal 0 0 1
outer loop
vertex 163.14299745000002 -113.67683149895534 0
vertex 290.23823966899937 -135.17791736637764 0
vertex 290.2187239729903 -135.50403753956448 0
endloop
endfacet
facet normal 0 0 1
outer loop
vertex 163.14299745000002 -113.67683149895534 0
vertex 290.2187239729903 -135.50403753956448 0
vertex 290.1463743251842 -135.82262937595198 0
endloop
endfacet
facet normal 0 0 1
outer loop
vertex 163.14299745000002 -113.67683149895534 0
vertex 290.1463743251842 -135.82262937595198 0
vertex 290.02312128965133 -136.12519163232602 0
endloop
endfacet
facet normal 0 0 1
outer loop
vertex 163.14299745000002 -113.67683149895534 0
vertex 290.02312128965133 -136.12519163232602 0
vertex 289.852253726658 -136.40365079570003 0
endloop
endfacet
facet normal 0 0 1
outer loop
vertex 163.14299745000002 -113.67683149895534 0
vertex 289.852253726658 -136.40365079570003 0
vertex 289.6383310333525 -136.65057651537907 0
endloop
endfacet
facet normal 0 0 1
outer loop
vertex 163.14299745000002 -113.67683149895534 0
vertex 289.6383310333525 -136.65057651537907 0
vertex 289.38706148168967 -136.85937987300792 0
endloop
endfacet
facet normal 0 0 1
outer loop
vertex 163.14299745000002 -113.67683149895534 0
vertex 289.38706148168967 -136.85937987300792 0
vertex 289.1051498999989 -137.02448920000057 0
endloop
endfacet
facet normal 0 0 1
outer loop
vertex 163.14299745000002 -113.67683149895534 0
vertex 289.1051498999989 -137.02448920000057 0
vertex 224.12410640000002 -168.2579761 0
endloop
endfacet
facet normal 0 0 1
outer loop
vertex 163.14299745000002 -113.67683149895534 0
vertex 224.12410640000002 -168.2579761 0
vertex 109.0775845261837 -168.2579761 0
endloop
endfacet
facet normal 0 0 1
outer loop
vertex 163.14299745000002 -113.67683149895534 0
vertex 109.0775845261837 -168.2579761 0
vertex 44.096561000000094 -137.02449370000005 0
endloop
endfacet
facet normal 0 0 1
outer loop
vertex 163.14299745000002 -113.67683149895534 0
vertex 44.096561000000094 -137.02449370000005 0
vertex 43.81464891831061 -136.85938252300815 0
endloop
endfacet
facet normal 0 0 1
outer loop
vertex 163.14299745000002 -113.67683149895534 0
vertex 43.81464891831061 -136.85938252300815 0
vertex 43.56337936664764 -136.65057916537918 0
endloop
endfacet
facet normal 0 0 1
outer loop
vertex 163.14299745000002 -113.67683149895534 0
vertex 43.56337936664764 -136.65057916537918 0
vertex 43.349456673341905 -136.40365344569986 0
endloop
endfacet
facet normal 0 0 1
outer loop
vertex 163.14299745000002 -113.67683149895534 0
vertex 43.349456673341905 -136.40365344569986 0
vertex 43.17858911034864 -136.125194282326 0
endloop
endfacet
facet normal 0 0 1
outer loop
vertex 163.14299745000002 -113.67683149895534 0
vertex 43.17858911034864 -136.125194282326 0
vertex 43.055336074815784 -135.82263202595192 0
endloop
endfacet
facet normal 0 0 1
outer loop
vertex 163.14299745000002 -113.67683149895534 0
vertex 43.055336074815784 -135.82263202595192 0
vertex 42.982986427009706 -135.5040401895647 0
endloop
endfacet
facet normal 0 0 1
outer loop
vertex 163.14299745000002 -113.67683149895534 0
vertex 42.982986427009706 -135.5040401895647 0
vertex 42.96347073100061 -135.17792001637775 0
endloop
endfacet
facet normal 0 0 1
outer loop
vertex 163.14299745000002 -113.67683149895534 0
vertex 42.96347073100061 -135.17792001637775 0
vertex 42.99730973986283 -134.85297363429385 0
endloop
endfacet
facet normal 0 0 1
outer loop
vertex 163.14299745000002 -113.67683149895534 0
vertex 42.99730973986283 -134.85297363429385 0
vertex 43.08360049999999 -134.53787185 0
endloop
endfacet
facet normal 0 0 1
outer loop
vertex 163.14299745000002 -113.67683149895534 0
vertex 43.08360049999999 -134.53787185 0
vertex 50.676396855445375 -113.67683149895534 0
endloop
endfacet
facet normal 0 0 -1
outer loop
vertex 224.12410640000002 -168.2579761 0
vertex 224.12409258282463 -168.2579838500001 0
vertex 109.07760065000018 -168.2579838500001 0
endloop
endfacet
facet normal 0 0 -1
outer loop
vertex 224.12410640000002 -168.2579761 0
vertex 109.07760065000018 -168.2579838500001 0
vertex 109.0775845261837 -168.2579761 0
endloop
endfacet
facet normal 0 0 -1
outer loop
vertex 224.12409258282463 -168.2579838500001 0
vertex 223.90404377203757 -168.38140837484823 0
vertex 109.29765032340843 -168.38140837484823 0
endloop
endfacet
facet normal 0 0 -1
outer loop
vertex 224.12409258282463 -168.2579838500001 0
vertex 109.29765032340843 -168.38140837484823 0
vertex 109.07760065000018 -168.2579838500001 0
endloop
endfacet
facet normal 0 0 -1
outer loop
vertex 223.90404377203757 -168.38140837484823 0
vertex 223.90403369954066 -168.38141583395395 0
vertex 109.29766362201161 -168.38141583395395 0
endloop
endfacet
facet normal 0 0 -1
outer loop
vertex 223.90404377203757 -168.38140837484823 0
vertex 109.29766362201161 -168.38141583395395 0
vertex 109.29765032340843 -168.38140837484823 0
endloop
endfacet
facet normal 0 0 -1
outer loop
vertex 223.90403369954066 -168.38141583395395 0
vertex 223.70127213027197 -168.53156926579896 0
vertex 109.50042950739363 -168.53156926579896 0
endloop
endfacet
facet normal 0 0 -1
outer loop
vertex 223.90403369954066 -168.38141583395395 0
vertex 109.50042950739363 -168.53156926579896 0
vertex 109.29766362201161 -168.38141583395395 0
endloop
endfacet
facet normal 0 0 -1
outer loop
vertex 223.70127213027197 -168.53156926579896 0
vertex 223.51902062018698 -168.70606527580588 0
vertex 109.68268590120189 -168.70606527580588 0
endloop
endfacet
facet normal 0 0 -1
outer loop
vertex 223.70127213027197 -168.53156926579896 0
vertex 109.68268590120189 -168.70606527580588 0
vertex 109.50042950739363 -168.53156926579896 0
endloop
endfacet
facet normal 0 0 -1
outer loop
vertex 223.51902062018698 -168.70606527580588 0
vertex 223.36019387291083 -168.9021156808514 0
vertex 109.8415172740319 -168.9021156808514 0
endloop
endfacet
facet normal 0 0 -1
outer loop
vertex 223.51902062018698 -168.70606527580588 0
vertex 109.8415172740319 -168.9021156808514 0
vertex 109.68268590120189 -168.70606527580588 0
endloop
endfacet
facet normal 0 0 -1
outer loop
vertex 223.36019387291083 -168.9021156808514 0
vertex 223.22731151441585 -169.11660769999983 0
vertex 109.97440129999991 -169.11660769999983 0
endloop
endfacet
facet normal 0 0 -1
outer loop
vertex 223.36019387291083 -168.9021156808514 0
vertex 109.97440129999991 -169.11660769999983 0
vertex 109.8415172740319 -168.9021156808514 0
endloop
endfacet
facet normal 0 0 -1
outer loop
vertex 223.22731151441585 -169.11660769999983 0
vertex 213.01293932852184 -188.1961528 0
vertex 167.08376849999996 -188.1961528 0
endloop
endfacet
facet normal 0 0 -1
outer loop
vertex 223.22731151441585 -169.11660769999983 0
vertex 167.08376849999996 -188.1961528 0
vertex 166.11793910000003 -188.1961528 0
endloop
endfacet
facet normal 0 0 -1
outer loop
vertex 223.22731151441585 -169.11660769999983 0
vertex 166.11793910000003 -188.1961528 0
vertex 120.18877246859552 -188.1961528 0
endloop
endfacet
facet normal 0 0 -1
outer loop
vertex 223.22731151441585 -169.11660769999983 0
vertex 120.18877246859552 -188.1961528 0
vertex 109.97440129999991 -169.11660769999983 0
endloop
endfacet
facet normal 0 0 -1
outer loop
vertex 166.11793910000003 -188.1961528 0
vertex 131.77838809999986 -205.69302790000006 0
vertex 131.45946264392614 -205.8223015243248 0
endloop
endfacet
facet normal 0 0 -1
outer loop
vertex 166.11793910000003 -188.1961528 0
vertex 131.45946264392614 -205.8223015243248 0
vertex 131.1230965490734 -205.8949878448922 0
endloop
endfacet
facet normal 0 0 -1
outer loop
vertex 166.11793910000003 -188.1961528 0
vertex 131.1230965490734 -205.8949878448922 0
vertex 130.7792493420613 -205.90893593412898 0
endloop
endfacet
facet normal 0 0 -1
outer loop
vertex 166.11793910000003 -188.1961528 0
vertex 130.7792493420613 -205.90893593412898 0
vertex 130.43810108802606 -205.86373283984568 0
endloop
endfacet
facet normal 0 0 -1
outer loop
vertex 166.11793910000003 -188.1961528 0
vertex 130.43810108802606 -205.86373283984568 0
vertex 130.1097519459266 -205.76071686124882 0
endloop
endfacet
facet normal 0 0 -1
outer loop
vertex 166.11793910000003 -188.1961528 0
vertex 130.1097519459266 -205.76071686124882 0
vertex 129.80392313956892 -205.60293792676873 0
endloop
endfacet
facet normal 0 0 -1
outer loop
vertex 166.11793910000003 -188.1961528 0
vertex 129.80392313956892 -205.60293792676873 0
vertex 129.52966914753094 -205.3950672967726 0
endloop
endfacet
facet normal 0 0 -1
outer loop
vertex 166.11793910000003 -188.1961528 0
vertex 129.52966914753094 -205.3950672967726 0
vertex 129.2951096329839 -205.14325926453515 0
endloop
endfacet
facet normal 0 0 -1
outer loop
vertex 166.11793910000003 -188.1961528 0
vertex 129.2951096329839 -205.14325926453515 0
vertex 129.10718905000013 -204.85496895000028 0
endloop
endfacet
facet normal 0 0 -1
outer loop
vertex 166.11793910000003 -188.1961528 0
vertex 129.10718905000013 -204.85496895000028 0
vertex 120.18877246859552 -188.1961528 0
endloop
endfacet
facet normal 0 0 -1
outer loop
vertex 213.01293932852184 -188.1961528 0
vertex 204.0945225999999 -204.85496895000028 0
vertex 203.9066007170159 -205.14325926453515 0
endloop
endfacet
facet normal 0 0 -1
outer loop
vertex 213.01293932852184 -188.1961528 0
vertex 203.9066007170159 -205.14325926453515 0
vertex 203.6720412024691 -205.3950672967726 0
endloop
endfacet
facet normal 0 0 -1
outer loop
vertex 213.01293932852184 -188.1961528 0
vertex 203.6720412024691 -205.3950672967726 0
vertex 203.39778721043083 -205.60293792676873 0
endloop
endfacet
facet normal 0 0 -1
outer loop
vertex 213.01293932852184 -188.1961528 0
vertex 203.39778721043083 -205.60293792676873 0
vertex 203.0919584040737 -205.76071686124882 0
endloop
endfacet
facet normal 0 0 -1
outer loop
vertex 213.01293932852184 -188.1961528 0
vertex 203.0919584040737 -205.76071686124882 0
vertex 202.76360926197373 -205.86373283984568 0
endloop
endfacet
facet normal 0 0 -1
outer loop
vertex 213.01293932852184 -188.1961528 0
vertex 202.76360926197373 -205.86373283984568 0
vertex 202.422461007939 -205.90893593412898 0
endloop
endfacet
facet normal 0 0 -1
outer loop
vertex 213.01293932852184 -188.1961528 0
vertex 202.422461007939 -205.90893593412898 0
vertex 202.07861380092623 -205.8949878448922 0
endloop
endfacet
facet normal 0 0 -1
outer loop
vertex 213.01293932852184 -188.1961528 0
vertex 202.07861380092623 -205.8949878448922 0
vertex 201.74224770607387 -205.8223015243248 0
endloop
endfacet
facet normal 0 0 -1
outer loop
vertex 213.01293932852184 -188.1961528 0
vertex 201.74224770607387 -205.8223015243248 0
vertex 201.42332129999988 -205.69302914999994 0
endloop
endfacet
facet normal 0 0 -1
outer loop
vertex 213.01293932852184 -188.1961528 0
vertex 201.42332129999988 -205.69302914999994 0
vertex 167.08376849999996 -188.1961528 0
endloop
endfacet
facet normal 0 0 1
outer loop
vertex 202.76360926197356 -205.86373283984565 4
vertex 203.09195840407375 -205.76071686124882 4
vertex 203.3977872104311 -205.60293792676882 4
endloop
endfacet
facet normal 0 0 1
outer loop
vertex 202.76360926197356 -205.86373283984565 4
vertex 203.3977872104311 -205.60293792676882 4
vertex 203.67204120246893 -205.3950672967725 4
endloop
endfacet
facet normal 0 0 1
outer loop
vertex 202.76360926197356 -205.86373283984565 4
vertex 203.67204120246893 -205.3950672967725 4
vertex 203.9066007170161 -205.14325926453515 4
endloop
endfacet
facet normal 0 0 1
outer loop
vertex 202.76360926197356 -205.86373283984565 4
vertex 203.9066007170161 -205.14325926453515 4
vertex 204.0945225999999 -204.85496895000014 4
endloop
endfacet
facet normal 0 0 1
outer loop
vertex 202.76360926197356 -205.86373283984565 4
vertex 204.0945225999999 -204.85496895000014 4
vertex 205.20805823751485 -202.77498198598195 4
endloop
endfacet
facet normal 0 0 1
outer loop
vertex 202.76360926197356 -205.86373283984565 4
vertex 205.20805823751485 -202.77498198598195 4
vertex 200.66916225259888 -202.77498198598195 4
endloop
endfacet
facet normal 0 0 1
outer loop
vertex 202.76360926197356 -205.86373283984565 4
vertex 200.66916225259888 -202.77498198598195 4
vertex 195.69633137006954 -202.77498198598195 4
endloop
endfacet
facet normal 0 0 1
outer loop
vertex 202.76360926197356 -205.86373283984565 4
vertex 195.69633137006954 -202.77498198598195 4
vertex 201.42332129999977 -205.6930291499999 4
endloop
endfacet
facet normal 0 0 1
outer loop
vertex 202.76360926197356 -205.86373283984565 4
vertex 201.42332129999977 -205.6930291499999 4
vertex 201.74224770607395 -205.8223015243248 4
endloop
endfacet
facet normal 0 0 1
outer loop
vertex 202.76360926197356 -205.86373283984565 4
vertex 201.74224770607395 -205.8223015243248 4
vertex 202.07861380092623 -205.89498784489217 4
endloop
endfacet
facet normal 0 0 1
outer loop
vertex 202.76360926197356 -205.86373283984565 4
vertex 202.07861380092623 -205.89498784489217 4
vertex 202.42246100793895 -205.90893593412895 4
endloop
endfacet
facet normal 0 0 1
outer loop
vertex 131.12309654907355 -205.89498784489217 4
vertex 131.4594626439261 -205.8223015243248 4
vertex 131.7783881000002 -205.6930278999999 4
endloop
endfacet
facet normal 0 0 1
outer loop
vertex 131.12309654907355 -205.89498784489217 4
vertex 131.7783881000002 -205.6930278999999 4
vertex 137.50538490988637 -202.7749772859812 4
endloop
endfacet
facet normal 0 0 1
outer loop
vertex 131.12309654907355 -205.89498784489217 4
vertex 137.50538490988637 -202.7749772859812 4
vertex 132.53254204740063 -202.7749772859812 4
endloop
endfacet
facet normal 0 0 1
outer loop
vertex 131.12309654907355 -205.89498784489217 4
vertex 132.53254204740063 -202.7749772859812 4
vertex 127.993650610141 -202.7749772859812 4
endloop
endfacet
facet normal 0 0 1
outer loop
vertex 131.12309654907355 -205.89498784489217 4
vertex 127.993650610141 -202.7749772859812 4
vertex 129.10718905000004 -204.85496895000014 4
endloop
endfacet
facet normal 0 0 1
outer loop
vertex 131.12309654907355 -205.89498784489217 4
vertex 129.10718905000004 -204.85496895000014 4
vertex 129.2951096329839 -205.14325926453515 4
endloop
endfacet
facet normal 0 0 1
outer loop
vertex 131.12309654907355 -205.89498784489217 4
vertex 129.2951096329839 -205.14325926453515 4
vertex 129.52966914753085 -205.3950672967725 4
endloop
endfacet
facet normal 0 0 1
outer loop
vertex 131.12309654907355 -205.89498784489217 4
vertex 129.52966914753085 -205.3950672967725 4
vertex 129.80392313956906 -205.60293792676882 4
endloop
endfacet
facet normal 0 0 1
outer loop
vertex 131.12309654907355 -205.89498784489217 4
vertex 129.80392313956906 -205.60293792676882 4
vertex 130.10975194592658 -205.76071686124882 4
endloop
endfacet
facet normal 0 0 1
outer loop
vertex 131.12309654907355 -205.89498784489217 4
vertex 130.10975194592658 -205.76071686124882 4
vertex 130.438101088026 -205.86373283984565 4
endloop
endfacet
facet normal 0 0 1
outer loop
vertex 131.12309654907355 -205.89498784489217 4
vertex 130.438101088026 -205.86373283984565 4
vertex 130.77924934206135 -205.90893593412895 4
endloop
endfacet
facet normal 0 0 1
outer loop
vertex 200.66916225259888 -202.77498198598195 4
vertex 200.32778135845112 -202.76009259095133 4
vertex 195.6671092874197 -202.76009259095133 4
endloop
endfacet
facet normal 0 0 1
outer loop
vertex 200.66916225259888 -202.77498198598195 4
vertex 195.6671092874197 -202.76009259095133 4
vertex 195.69633137006954 -202.77498198598195 4
endloop
endfacet
facet normal 0 0 1
outer loop
vertex 137.50538490988637 -202.7749772859812 4
vertex 137.5346069930918 -202.76008789095076 4
vertex 132.87392294154446 -202.76008789095076 4
endloop
endfacet
facet normal 0 0 1
outer loop
vertex 137.50538490988637 -202.7749772859812 4
vertex 132.87392294154446 -202.76008789095076 4
vertex 132.53254204740063 -202.7749772859812 4
endloop
endfacet
facet normal 0 0 1
outer loop
vertex 205.20805823751485 -202.77498198598195 4
vertex 205.23131445612427 -202.73154142171643 4
vertex 201.0080951756906 -202.73154142171643 4
endloop
endfacet
facet normal 0 0 1
outer loop
vertex 205.20805823751485 -202.77498198598195 4
vertex 201.0080951756906 -202.73154142171643 4
vertex 200.66916225259888 -202.77498198598195 4
endloop
endfacet
facet normal 0 0 1
outer loop
vertex 132.53254204740063 -202.7749772859812 4
vertex 132.1936091243225 -202.7315367217174 4
vertex 127.97039439282355 -202.7315367217174 4
endloop
endfacet
facet normal 0 0 1
outer loop
vertex 132.53254204740063 -202.7749772859812 4
vertex 127.97039439282355 -202.7315367217174 4
vertex 127.993650610141 -202.7749772859812 4
endloop
endfacet
facet normal 0 0 1
outer loop
vertex 200.32778135845112 -202.76009259095133 4
vertex 199.99391762419847 -202.687307867777 4
vertex 195.52426122731563 -202.687307867777 4
endloop
endfacet
facet normal 0 0 1
outer loop
vertex 200.32778135845112 -202.76009259095133 4
vertex 195.52426122731563 -202.687307867777 4
vertex 195.6671092874197 -202.76009259095133 4
endloop
endfacet
facet normal 0 0 1
outer loop
vertex 137.5346069930918 -202.76008789095076 4
vertex 137.6774550559232 -202.68730316777143 4
vertex 133.20778667582016 -202.68730316777143 4
endloop
endfacet
facet normal 0 0 1
outer loop
vertex 137.5346069930918 -202.76008789095076 4
vertex 133.20778667582016 -202.68730316777143 4
vertex 132.87392294154446 -202.76008789095076 4
endloop
endfacet
facet normal 0 0 1
outer loop
vertex 205.23131445612427 -202.73154142171643 4
vertex 205.28511917390313 -202.63103895656016 4
vertex 201.3346864546222 -202.63103895656016 4
endloop
endfacet
facet normal 0 0 1
outer loop
vertex 205.23131445612427 -202.73154142171643 4
vertex 201.3346864546222 -202.63103895656016 4
vertex 201.0080951756906 -202.73154142171643 4
endloop
endfacet
facet normal 0 0 1
outer loop
vertex 132.1936091243225 -202.7315367217174 4
vertex 131.86701784536712 -202.63103425655382 4
vertex 127.91658967802772 -202.63103425655382 4
endloop
endfacet
facet normal 0 0 1
outer loop
vertex 132.1936091243225 -202.7315367217174 4
vertex 127.91658967802772 -202.63103425655382 4
vertex 127.97039439282355 -202.7315367217174 4
endloop
endfacet
facet normal 0 0 1
outer loop
vertex 199.99391762419847 -202.687307867777 4
vertex 199.6773167500021 -202.55875244999925 4
vertex 195.2719570177985 -202.55875244999925 4
endloop
endfacet
facet normal 0 0 1
outer loop
vertex 199.99391762419847 -202.687307867777 4
vertex 195.2719570177985 -202.55875244999925 4
vertex 195.52426122731563 -202.687307867777 4
endloop
endfacet
facet normal 0 0 1
outer loop
vertex 137.6774550559232 -202.68730316777143 4
vertex 137.92976368609752 -202.55874550000192 4
vertex 133.52438509999618 -202.55874550000192 4
endloop
endfacet
facet normal 0 0 1
outer loop
vertex 137.6774550559232 -202.68730316777143 4
vertex 133.52438509999618 -202.55874550000192 4
vertex 133.20778667582016 -202.68730316777143 4
endloop
endfacet
facet normal 0 0 1
outer loop
vertex 205.28511917390313 -202.63103895656016 4
vertex 205.36790179604614 -202.47640832302218 4
vertex 201.63940267694926 -202.47640832302218 4
endloop
endfacet
facet normal 0 0 1
outer loop
vertex 205.28511917390313 -202.63103895656016 4
vertex 201.63940267694926 -202.47640832302218 4
vertex 201.3346864546222 -202.63103895656016 4
endloop
endfacet
facet normal 0 0 1
outer loop
vertex 131.86701784536712 -202.63103425655382 4
vertex 131.56230162305133 -202.47640362302153 4
vertex 127.83380706048335 -202.47640362302153 4
endloop
endfacet
facet normal 0 0 1
outer loop
vertex 131.86701784536712 -202.63103425655382 4
vertex 127.83380706048335 -202.47640362302153 4
vertex 127.91658967802772 -202.63103425655382 4
endloop
endfacet
facet normal 0 0 1
outer loop
vertex 205.36790179604614 -202.47640832302218 4
vertex 205.47724584381885 -202.27216329015184 4
vertex 201.9133489773925 -202.27216329015184 4
endloop
endfacet
facet normal 0 0 1
outer loop
vertex 205.36790179604614 -202.47640832302218 4
vertex 201.9133489773925 -202.27216329015184 4
vertex 201.63940267694926 -202.47640832302218 4
endloop
endfacet
facet normal 0 0 1
outer loop
vertex 131.56230162305133 -202.47640362302153 4
vertex 131.2883553225999 -202.27215859014512 4
vertex 127.72446301877758 -202.27215859014512 4
endloop
endfacet
facet normal 0 0 1
outer loop
vertex 131.56230162305133 -202.47640362302153 4
vertex 127.72446301877758 -202.27215859014512 4
vertex 127.83380706048335 -202.47640362302153 4
endloop
endfacet
facet normal 0 0 1
outer loop
vertex 205.47724584381885 -202.27216329015184 4
vertex 205.60995949314446 -202.02426590368225 4
vertex 202.14852868475572 -202.02426590368225 4
endloop
endfacet
facet normal 0 0 1
outer loop
vertex 205.47724584381885 -202.27216329015184 4
vertex 202.14852868475572 -202.02426590368225 4
vertex 201.9133489773925 -202.27216329015184 4
endloop
endfacet
facet normal 0 0 1
outer loop
vertex 131.2883553225999 -202.27215859014512 4
vertex 131.05317561523594 -202.02426120367474 4
vertex 127.59174937681904 -202.02426120367474 4
endloop
endfacet
facet normal 0 0 1
outer loop
vertex 131.2883553225999 -202.27215859014512 4
vertex 127.59174937681904 -202.02426120367474 4
vertex 127.72446301877758 -202.27215859014512 4
endloop
endfacet
facet normal 0 0 1
outer loop
vertex 205.60995949314446 -202.02426590368225 4
vertex 205.7621674344249 -201.7399548999907 4
vertex 202.3380735000048 -201.7399548999907 4
endloop
endfacet
facet normal 0 0 1
outer loop
vertex 205.60995949314446 -202.02426590368225 4
vertex 202.3380735000048 -201.7399548999907 4
vertex 202.14852868475572 -202.02426590368225 4
endloop
endfacet
facet normal 0 0 1
outer loop
vertex 131.05317561523594 -202.02426120367474 4
vertex 130.86362754998848 -201.73994774998562 4
vertex 127.43954013236457 -201.73994774998562 4
endloop
endfacet
facet normal 0 0 1
outer loop
vertex 131.05317561523594 -202.02426120367474 4
vertex 127.43954013236457 -201.73994774998562 4
vertex 127.59174937681904 -202.02426120367474 4
endloop
endfacet
facet normal 0 0 1
outer loop
vertex 137.92976368609752 -202.55874550000192 4
vertex 166.11793850144693 -188.1961528 4
vertex 161.71255346441063 -188.1961528 4
endloop
endfacet
facet normal 0 0 1
outer loop
vertex 137.92976368609752 -202.55874550000192 4
vertex 161.71255346441063 -188.1961528 4
vertex 133.52438509999618 -202.55874550000192 4
endloop
endfacet
facet normal 0 0 1
outer loop
vertex 199.6773167500021 -202.55875244999925 4
vertex 171.48914691165095 -188.1961528 4
vertex 167.0837685 -188.1961528 4
endloop
endfacet
facet normal 0 0 1
outer loop
vertex 199.6773167500021 -202.55875244999925 4
vertex 167.0837685 -188.1961528 4
vertex 195.2719570177985 -202.55875244999925 4
endloop
endfacet
facet normal 0 0 1
outer loop
vertex 166.11793850144693 -188.1961528 4
vertex 167.0837685 -188.1961528 4
vertex 171.48914691165095 -188.1961528 4
endloop
endfacet
facet normal 0 0 1
outer loop
vertex 166.11793850144693 -188.1961528 4
vertex 171.48914691165095 -188.1961528 4
vertex 171.09259270001456 -187.99409820000585 4
endloop
endfacet
facet normal 0 0 1
outer loop
vertex 166.11793850144693 -188.1961528 4
vertex 171.09259270001456 -187.99409820000585 4
vertex 170.8768443680331 -187.89972785921586 4
endloop
endfacet
facet normal 0 0 1
outer loop
vertex 166.11793850144693 -188.1961528 4
vertex 170.8768443680331 -187.89972785921586 4
vertex 170.6515011297435 -187.83137099609573 4
endloop
endfacet
facet normal 0 0 1
outer loop
vertex 166.11793850144693 -188.1961528 4
vertex 170.6515011297435 -187.83137099609573 4
vertex 170.41968557006487 -187.7899756215529 4
endloop
endfacet
facet normal 0 0 1
outer loop
vertex 166.11793850144693 -188.1961528 4
vertex 170.41968557006487 -187.7899756215529 4
vertex 170.18461135001317 -187.77611410000043 4
endloop
endfacet
facet normal 0 0 1
outer loop
vertex 166.11793850144693 -188.1961528 4
vertex 170.18461135001317 -187.77611410000043 4
vertex 166.9423140427429 -187.776112164502 4
endloop
endfacet
facet normal 0 0 1
outer loop
vertex 166.11793850144693 -188.1961528 4
vertex 166.9423140427429 -187.776112164502 4
vertex 163.017095900011 -187.776112164502 4
endloop
endfacet
facet normal 0 0 1
outer loop
vertex 166.11793850144693 -188.1961528 4
vertex 163.017095900011 -187.776112164502 4
vertex 162.78201872990616 -187.7899771215561 4
endloop
endfacet
facet normal 0 0 1
outer loop
vertex 166.11793850144693 -188.1961528 4
vertex 162.78201872990616 -187.7899771215561 4
vertex 162.5502031702884 -187.83137249608805 4
endloop
endfacet
facet normal 0 0 1
outer loop
vertex 166.11793850144693 -188.1961528 4
vertex 162.5502031702884 -187.83137249608805 4
vertex 162.32485993195166 -187.89972785921586 4
endloop
endfacet
facet normal 0 0 1
outer loop
vertex 166.11793850144693 -188.1961528 4
vertex 162.32485993195166 -187.89972785921586 4
vertex 162.10911295000736 -187.99409559999623 4
endloop
endfacet
facet normal 0 0 1
outer loop
vertex 166.11793850144693 -188.1961528 4
vertex 162.10911295000736 -187.99409559999623 4
vertex 161.71255346441063 -188.1961528 4
endloop
endfacet
facet normal 0 0 1
outer loop
vertex 205.7621674344249 -201.7399548999907 4
vertex 223.2273081999993 -169.11661305000112 4
vertex 220.26599301149983 -169.11661305000112 4
endloop
endfacet
facet normal 0 0 1
outer loop
vertex 205.7621674344249 -201.7399548999907 4
vertex 220.26599301149983 -169.11661305000112 4
vertex 202.3380735000048 -201.7399548999907 4
endloop
endfacet
facet normal 0 0 1
outer loop
vertex 130.86362754998848 -201.73994774998562 4
vertex 112.93570245068386 -169.11660769999995 4
vertex 109.97440129999997 -169.11660769999995 4
endloop
endfacet
facet normal 0 0 1
outer loop
vertex 130.86362754998848 -201.73994774998562 4
vertex 109.97440129999997 -169.11660769999995 4
vertex 127.43954013236457 -201.73994774998562 4
endloop
endfacet
facet normal 0 0 1
outer loop
vertex 223.2273081999993 -169.11661305000112 4
vertex 223.36018998560667 -168.9021204791979 4
vertex 220.38386583896354 -168.9021204791979 4
endloop
endfacet
facet normal 0 0 1
outer loop
vertex 223.2273081999993 -169.11661305000112 4
vertex 220.38386583896354 -168.9021204791979 4
vertex 220.26599301149983 -169.11661305000112 4
endloop
endfacet
facet normal 0 0 1
outer loop
vertex 112.93570245068386 -169.11660769999995 4
vertex 112.8178298831356 -168.9021156808515 4
vertex 109.84151727403194 -168.9021156808515 4
endloop
endfacet
facet normal 0 0 1
outer loop
vertex 112.93570245068386 -169.11660769999995 4
vertex 109.84151727403194 -168.9021156808515 4
vertex 109.97440129999997 -169.11660769999995 4
endloop
endfacet
facet normal 0 0 1
outer loop
vertex 112.8178298831356 -168.9021156808515 4
vertex 112.78727299998442 -168.846511499978 4
vertex 112.69853006904383 -168.70606527580594 4
endloop
endfacet
facet normal 0 0 1
outer loop
vertex 112.8178298831356 -168.9021156808515 4
vertex 112.69853006904383 -168.70606527580594 4
vertex 109.68268590120192 -168.70606527580594 4
endloop
endfacet
facet normal 0 0 1
outer loop
vertex 112.8178298831356 -168.9021156808515 4
vertex 109.68268590120192 -168.70606527580594 4
vertex 109.84151727403194 -168.9021156808515 4
endloop
endfacet
facet normal 0 0 1
outer loop
vertex 223.36018998560667 -168.9021204791979 4
vertex 223.51902099494188 -168.70606527580594 4
vertex 220.50317126416385 -168.70606527580594 4
endloop
endfacet
facet normal 0 0 1
outer loop
vertex 223.36018998560667 -168.9021204791979 4
vertex 220.50317126416385 -168.70606527580594 4
vertex 220.41442869999133 -168.84650540001462 4
endloop
endfacet
facet normal 0 0 1
outer loop
vertex 223.36018998560667 -168.9021204791979 4
vertex 220.41442869999133 -168.84650540001462 4
vertex 220.38386583896354 -168.9021204791979 4
endloop
endfacet
facet normal 0 0 1
outer loop
vertex 112.69853006904383 -168.70606527580594 4
vertex 112.65694556782498 -168.6402528655287 4
vertex 112.56805037069678 -168.53157293224942 4
endloop
endfacet
facet normal 0 0 1
outer loop
vertex 112.69853006904383 -168.70606527580594 4
vertex 112.56805037069678 -168.53157293224942 4
vertex 109.50043445853639 -168.53157293224942 4
endloop
endfacet
facet normal 0 0 1
outer loop
vertex 112.69853006904383 -168.70606527580594 4
vertex 109.50043445853639 -168.53157293224942 4
vertex 109.68268590120192 -168.70606527580594 4
endloop
endfacet
facet normal 0 0 1
outer loop
vertex 223.51902099494188 -168.70606527580594 4
vertex 223.7012716699508 -168.531569265799 4
vertex 220.63365770232082 -168.531569265799 4
endloop
endfacet
facet normal 0 0 1
outer loop
vertex 223.51902099494188 -168.70606527580594 4
vertex 220.63365770232082 -168.531569265799 4
vertex 220.54476116508974 -168.64024690661273 4
endloop
endfacet
facet normal 0 0 1
outer loop
vertex 223.51902099494188 -168.70606527580594 4
vertex 220.54476116508974 -168.64024690661273 4
vertex 220.50317126416385 -168.70606527580594 4
endloop
endfacet
facet normal 0 0 1
outer loop
vertex 112.56805037069678 -168.53157293224942 4
vertex 112.50246840847961 -168.4513948854219 4
vertex 112.4293016751679 -168.3814158339539 4
endloop
endfacet
facet normal 0 0 1
outer loop
vertex 112.56805037069678 -168.53157293224942 4
vertex 112.4293016751679 -168.3814158339539 4
vertex 109.29766362201157 -168.3814158339539 4
endloop
endfacet
facet normal 0 0 1
outer loop
vertex 112.56805037069678 -168.53157293224942 4
vertex 109.29766362201157 -168.3814158339539 4
vertex 109.50043445853639 -168.53157293224942 4
endloop
endfacet
facet normal -0.00007941590157425755 0.0001072405018335051 0.9999999910962946
outer loop
vertex 223.7012716699508 -168.531569265799 4
vertex 223.90403369954055 -168.38141583395364 4.000000000000002
vertex 223.9040437720375 -168.38140837484826 4
endloop
endfacet
facet normal -0.00007941590157425755 0.0001072405018335051 0.9999999910962946
outer loop
vertex 223.7012716699508 -168.531569265799 4
vertex 223.9040437720375 -168.38140837484826 4
vertex 220.77241462087244 -168.38140837484826 4
endloop
endfacet
facet normal -0.00007941590157425755 0.0001072405018335051 0.9999999910962946
outer loop
vertex 223.7012716699508 -168.531569265799 4
vertex 220.77241462087244 -168.38140837484826 4
vertex 220.69923903751362 -168.4513948854219 4
endloop
endfacet
facet normal -0.00007941590157425755 0.0001072405018335051 0.9999999910962946
outer loop
vertex 223.7012716699508 -168.531569265799 4
vertex 220.69923903751362 -168.4513948854219 4
vertex 220.63365770232082 -168.531569265799 4
endloop
endfacet
facet normal 0 0 1
outer loop
vertex 112.4293016751679 -168.3814158339539 4
vertex 112.32614404881559 -168.2827525136568 4
vertex 112.2929508627079 -168.25798384999996 4
endloop
endfacet
facet normal 0 0 1
outer loop
vertex 112.4293016751679 -168.3814158339539 4
vertex 112.2929508627079 -168.25798384999996 4
vertex 109.07760064999998 -168.25798384999996 4
endloop
endfacet
facet normal 0 0 1
outer loop
vertex 112.4293016751679 -168.3814158339539 4
vertex 109.07760064999998 -168.25798384999996 4
vertex 109.29766362201157 -168.3814158339539 4
endloop
endfacet
facet normal 0 0 1
outer loop
vertex 223.9040437720375 -168.38140837484826 4
vertex 224.12410639999996 -168.25797610000004 4
vertex 220.90877096625798 -168.25797610000004 4
endloop
endfacet
facet normal 0 0 1
outer loop
vertex 223.9040437720375 -168.38140837484826 4
vertex 220.90877096625798 -168.25797610000004 4
vertex 220.87556333442427 -168.2827549962171 4
endloop
endfacet
facet normal 0 0 1
outer loop
vertex 223.9040437720375 -168.38140837484826 4
vertex 220.87556333442427 -168.2827549962171 4
vertex 220.77241462087244 -168.38140837484826 4
endloop
endfacet
facet normal 0 0 1
outer loop
vertex 125.60040100504027 -145.52114580100746 4
vertex 126.06938378091303 -145.37888143127918 4
vertex 126.5016007825489 -145.14785663075617 4
endloop
endfacet
facet normal 0 0 1
outer loop
vertex 125.60040100504027 -145.52114580100746 4
vertex 126.5016007825489 -145.14785663075617 4
vertex 126.88044215296605 -144.836949552966 4
endloop
endfacet
facet normal 0 0 1
outer loop
vertex 125.60040100504027 -145.52114580100746 4
vertex 126.88044215296605 -144.836949552966 4
vertex 127.10019281215008 -144.56918260000083 4
endloop
endfacet
facet normal 0 0 1
outer loop
vertex 125.60040100504027 -145.52114580100746 4
vertex 127.10019281215008 -144.56918260000083 4
vertex 125.11267519999973 -144.56918260000083 4
endloop
endfacet
facet normal 0 0 1
outer loop
vertex 125.60040100504027 -145.52114580100746 4
vertex 125.11267519999973 -144.56918260000083 4
vertex 123.12515758785 -144.56918260000083 4
endloop
endfacet
facet normal 0 0 1
outer loop
vertex 125.60040100504027 -145.52114580100746 4
vertex 123.12515758785 -144.56918260000083 4
vertex 123.34490824703579 -144.836949552966 4
endloop
endfacet
facet normal 0 0 1
outer loop
vertex 125.60040100504027 -145.52114580100746 4
vertex 123.34490824703579 -144.836949552966 4
vertex 123.72374961745268 -145.14785663075617 4
endloop
endfacet
facet normal 0 0 1
outer loop
vertex 125.60040100504027 -145.52114580100746 4
vertex 123.72374961745268 -145.14785663075617 4
vertex 124.15596661908708 -145.37888143127918 4
endloop
endfacet
facet normal 0 0 1
outer loop
vertex 125.60040100504027 -145.52114580100746 4
vertex 124.15596661908708 -145.37888143127918 4
vertex 124.62494939495983 -145.52114580100746 4
endloop
endfacet
facet normal 0 0 1
outer loop
vertex 125.60040100504027 -145.52114580100746 4
vertex 124.62494939495983 -145.52114580100746 4
vertex 125.11267519999996 -145.5691826000004 4
endloop
endfacet
facet normal 0 0 1
outer loop
vertex 208.57675820504028 -145.52114580100746 4
vertex 209.04574098091345 -145.37888143127918 4
vertex 209.47795798254919 -145.14785663075617 4
endloop
endfacet
facet normal 0 0 1
outer loop
vertex 208.57675820504028 -145.52114580100746 4
vertex 209.47795798254919 -145.14785663075617 4
vertex 209.8567993529657 -144.836949552966 4
endloop
endfacet
facet normal 0 0 1
outer loop
vertex 208.57675820504028 -145.52114580100746 4
vertex 209.8567993529657 -144.836949552966 4
vertex 210.07655001215002 -144.56918260000083 4
endloop
endfacet
facet normal 0 0 1
outer loop
vertex 208.57675820504028 -145.52114580100746 4
vertex 210.07655001215002 -144.56918260000083 4
vertex 208.0890324000002 -144.56918260000083 4
endloop
endfacet
facet normal 0 0 1
outer loop
vertex 208.57675820504028 -145.52114580100746 4
vertex 208.0890324000002 -144.56918260000083 4
vertex 206.10151478785167 -144.56918260000083 4
endloop
endfacet
facet normal 0 0 1
outer loop
vertex 208.57675820504028 -145.52114580100746 4
vertex 206.10151478785167 -144.56918260000083 4
vertex 206.32126544703175 -144.836949552966 4
endloop
endfacet
facet normal 0 0 1
outer loop
vertex 208.57675820504028 -145.52114580100746 4
vertex 206.32126544703175 -144.836949552966 4
vertex 206.70010681744992 -145.14785663075617 4
endloop
endfacet
facet normal 0 0 1
outer loop
vertex 208.57675820504028 -145.52114580100746 4
vertex 206.70010681744992 -145.14785663075617 4
vertex 207.13232381908628 -145.37888143127918 4
endloop
endfacet
facet normal 0 0 1
outer loop
vertex 208.57675820504028 -145.52114580100746 4
vertex 207.13232381908628 -145.37888143127918 4
vertex 207.60130659495866 -145.52114580100746 4
endloop
endfacet
facet normal 0 0 1
outer loop
vertex 208.57675820504028 -145.52114580100746 4
vertex 207.60130659495866 -145.52114580100746 4
vertex 208.08903239999995 -145.5691826000004 4
endloop
endfacet
facet normal 0 0 1
outer loop
vertex 125.11267519999973 -144.56918260000083 4
vertex 124.82003971697617 -144.54036052060357 4
vertex 123.10150391858062 -144.54036052060357 4
endloop
endfacet
facet normal 0 0 1
outer loop
vertex 125.11267519999973 -144.56918260000083 4
vertex 123.10150391858062 -144.54036052060357 4
vertex 123.12515758785 -144.56918260000083 4
endloop
endfacet
facet normal 0 0 1
outer loop
vertex 127.10019281215008 -144.56918260000083 4
vertex 127.12384648141948 -144.54036052060357 4
vertex 125.40531068302408 -144.54036052060357 4
endloop
endfacet
facet normal 0 0 1
outer loop
vertex 127.10019281215008 -144.56918260000083 4
vertex 125.40531068302408 -144.54036052060357 4
vertex 125.11267519999973 -144.56918260000083 4
endloop
endfacet
facet normal 0 0 1
outer loop
vertex 208.0890324000002 -144.56918260000083 4
vertex 207.79639691697565 -144.54036052060357 4
vertex 206.07786111858235 -144.54036052060357 4
endloop
endfacet
facet normal 0 0 1
outer loop
vertex 208.0890324000002 -144.56918260000083 4
vertex 206.07786111858235 -144.54036052060357 4
vertex 206.10151478785167 -144.56918260000083 4
endloop
endfacet
facet normal 0 0 1
outer loop
vertex 210.07655001215002 -144.56918260000083 4
vertex 210.1002036814194 -144.54036052060357 4
vertex 208.38166788302408 -144.54036052060357 4
endloop
endfacet
facet normal 0 0 1
outer loop
vertex 210.07655001215002 -144.56918260000083 4
vertex 208.38166788302408 -144.54036052060357 4
vertex 208.0890324000002 -144.56918260000083 4
endloop
endfacet
facet normal 0 0 1
outer loop
vertex 124.82003971697617 -144.54036052060357 4
vertex 124.53865005145349 -144.45500189876492 4
vertex 123.03234082596973 -144.45500189876492 4
endloop
endfacet
facet normal 0 0 1
outer loop
vertex 124.82003971697617 -144.54036052060357 4
vertex 123.03234082596973 -144.45500189876492 4
vertex 123.03400116924293 -144.45810818254944 4
endloop
endfacet
facet normal 0 0 1
outer loop
vertex 124.82003971697617 -144.54036052060357 4
vertex 123.03400116924293 -144.45810818254944 4
vertex 123.10150391858062 -144.54036052060357 4
endloop
endfacet
facet normal 0 0 1
outer loop
vertex 127.12384648141948 -144.54036052060357 4
vertex 127.19134923075558 -144.45810818254944 4
vertex 127.19300957403028 -144.45500189876492 4
endloop
endfacet
facet normal 0 0 1
outer loop
vertex 127.12384648141948 -144.54036052060357 4
vertex 127.19300957403028 -144.45500189876492 4
vertex 125.68670034854756 -144.45500189876492 4
endloop
endfacet
facet normal 0 0 1
outer loop
vertex 127.12384648141948 -144.54036052060357 4
vertex 125.68670034854756 -144.45500189876492 4
vertex 125.40531068302408 -144.54036052060357 4
endloop
endfacet
facet normal 0 0 1
outer loop
vertex 207.79639691697565 -144.54036052060357 4
vertex 207.51500725145027 -144.45500189876492 4
vertex 206.0086980259696 -144.45500189876492 4
endloop
endfacet
facet normal 0 0 1
outer loop
vertex 207.79639691697565 -144.54036052060357 4
vertex 206.0086980259696 -144.45500189876492 4
vertex 206.01035836924274 -144.45810818254944 4
endloop
endfacet
facet normal 0 0 1
outer loop
vertex 207.79639691697565 -144.54036052060357 4
vertex 206.01035836924274 -144.45810818254944 4
vertex 206.07786111858235 -144.54036052060357 4
endloop
endfacet
facet normal 0 0 1
outer loop
vertex 210.1002036814194 -144.54036052060357 4
vertex 210.1677064307566 -144.45810818254944 4
vertex 210.16936677403018 -144.45500189876492 4
endloop
endfacet
facet normal 0 0 1
outer loop
vertex 210.1002036814194 -144.54036052060357 4
vertex 210.16936677403018 -144.45500189876492 4
vertex 208.66305754854773 -144.45500189876492 4
endloop
endfacet
facet normal 0 0 1
outer loop
vertex 210.1002036814194 -144.54036052060357 4
vertex 208.66305754854773 -144.45500189876492 4
vertex 208.38166788302408 -144.54036052060357 4
endloop
endfacet
facet normal 0 0 1
outer loop
vertex 124.53865005145349 -144.45500189876492 4
vertex 124.27931985046756 -144.31638701845753 4
vertex 122.95824962882457 -144.31638701845753 4
endloop
endfacet
facet normal 0 0 1
outer loop
vertex 124.53865005145349 -144.45500189876492 4
vertex 122.95824962882457 -144.31638701845753 4
vertex 123.03234082596973 -144.45500189876492 4
endloop
endfacet
facet normal 0 0 1
outer loop
vertex 127.19300957403028 -144.45500189876492 4
vertex 127.26710077117542 -144.31638701845753 4
vertex 125.94603054952975 -144.31638701845753 4
endloop
endfacet
facet normal 0 0 1
outer loop
vertex 127.19300957403028 -144.45500189876492 4
vertex 125.94603054952975 -144.31638701845753 4
vertex 125.68670034854756 -144.45500189876492 4
endloop
endfacet
facet normal 0 0 1
outer loop
vertex 207.51500725145027 -144.45500189876492 4
vertex 207.2556770504704 -144.31638701845753 4
vertex 205.9346068288242 -144.31638701845753 4
endloop
endfacet
facet normal 0 0 1
outer loop
vertex 207.51500725145027 -144.45500189876492 4
vertex 205.9346068288242 -144.31638701845753 4
vertex 206.0086980259696 -144.45500189876492 4
endloop
endfacet
facet normal 0 0 1
outer loop
vertex 210.16936677403018 -144.45500189876492 4
vertex 210.2434579711754 -144.31638701845753 4
vertex 208.92238774952938 -144.31638701845753 4
endloop
endfacet
facet normal 0 0 1
outer loop
vertex 210.16936677403018 -144.45500189876492 4
vertex 208.92238774952938 -144.31638701845753 4
vertex 208.66305754854773 -144.45500189876492 4
endloop
endfacet
facet normal 0 0 1
outer loop
vertex 124.27931985046756 -144.31638701845753 4
vertex 124.05201502821848 -144.12984277178128 4
vertex 122.85853965164287 -144.12984277178128 4
endloop
endfacet
facet normal 0 0 1
outer loop
vertex 124.27931985046756 -144.31638701845753 4
vertex 122.85853965164287 -144.12984277178128 4
vertex 122.95824962882457 -144.31638701845753 4
endloop
endfacet
facet normal 0 0 1
outer loop
vertex 127.26710077117542 -144.31638701845753 4
vertex 127.36681074835711 -144.12984277178128 4
vertex 126.17333537178035 -144.12984277178128 4
endloop
endfacet
facet normal 0 0 1
outer loop
vertex 127.26710077117542 -144.31638701845753 4
vertex 126.17333537178035 -144.12984277178128 4
vertex 125.94603054952975 -144.31638701845753 4
endloop
endfacet
facet normal 0 0 1
outer loop
vertex 207.2556770504704 -144.31638701845753 4
vertex 207.02837222822052 -144.12984277178128 4
vertex 205.83489685164218 -144.12984277178128 4
endloop
endfacet
facet normal 0 0 1
outer loop
vertex 207.2556770504704 -144.31638701845753 4
vertex 205.83489685164218 -144.12984277178128 4
vertex 205.9346068288242 -144.31638701845753 4
endloop
endfacet
facet normal 0 0 1
outer loop
vertex 210.2434579711754 -144.31638701845753 4
vertex 210.34316794835712 -144.12984277178128 4
vertex 209.1496925717792 -144.12984277178128 4
endloop
endfacet
facet normal 0 0 1
outer loop
vertex 210.2434579711754 -144.31638701845753 4
vertex 209.1496925717792 -144.12984277178128 4
vertex 208.92238774952938 -144.31638701845753 4
endloop
endfacet
facet normal 0 0 1
outer loop
vertex 124.05201502821848 -144.12984277178128 4
vertex 123.86547078154393 -143.9025379495306 4
vertex 122.76555757506763 -143.9025379495306 4
endloop
endfacet
facet normal 0 0 1
outer loop
vertex 124.05201502821848 -144.12984277178128 4
vertex 122.76555757506763 -143.9025379495306 4
vertex 122.80297636872184 -144.0258911809127 4
endloop
endfacet
facet normal 0 0 1
outer loop
vertex 124.05201502821848 -144.12984277178128 4
vertex 122.80297636872184 -144.0258911809127 4
vertex 122.85853965164287 -144.12984277178128 4
endloop
endfacet
facet normal 0 0 1
outer loop
vertex 127.36681074835711 -144.12984277178128 4
vertex 127.42237403127828 -144.0258911809127 4
vertex 127.4597928249324 -143.9025379495306 4
endloop
endfacet
facet normal 0 0 1
outer loop
vertex 127.36681074835711 -144.12984277178128 4
vertex 127.4597928249324 -143.9025379495306 4
vertex 126.35987961845342 -143.9025379495306 4
endloop
endfacet
facet normal 0 0 1
outer loop
vertex 127.36681074835711 -144.12984277178128 4
vertex 126.35987961845342 -143.9025379495306 4
vertex 126.17333537178035 -144.12984277178128 4
endloop
endfacet
facet normal 0 0 1
outer loop
vertex 207.02837222822052 -144.12984277178128 4
vertex 206.8418279815456 -143.9025379495306 4
vertex 205.74191477506778 -143.9025379495306 4
endloop
endfacet
facet normal 0 0 1
outer loop
vertex 207.02837222822052 -144.12984277178128 4
vertex 205.74191477506778 -143.9025379495306 4
vertex 205.77933356872055 -144.0258911809127 4
endloop
endfacet
facet normal 0 0 1
outer loop
vertex 207.02837222822052 -144.12984277178128 4
vertex 205.77933356872055 -144.0258911809127 4
vertex 205.83489685164218 -144.12984277178128 4
endloop
endfacet
facet normal 0 0 1
outer loop
vertex 210.34316794835712 -144.12984277178128 4
vertex 210.3987312312782 -144.0258911809127 4
vertex 210.43615002493243 -143.9025379495306 4
endloop
endfacet
facet normal 0 0 1
outer loop
vertex 210.34316794835712 -144.12984277178128 4
vertex 210.43615002493243 -143.9025379495306 4
vertex 209.336236818454 -143.9025379495306 4
endloop
endfacet
facet normal 0 0 1
outer loop
vertex 210.34316794835712 -144.12984277178128 4
vertex 209.336236818454 -143.9025379495306 4
vertex 209.1496925717792 -144.12984277178128 4
endloop
endfacet
facet normal 0 0 1
outer loop
vertex 123.86547078154393 -143.9025379495306 4
vertex 123.72685590123345 -143.6432077485475 4
vertex 122.68689061864538 -143.6432077485475 4
endloop
endfacet
facet normal 0 0 1
outer loop
vertex 123.86547078154393 -143.9025379495306 4
vertex 122.68689061864538 -143.6432077485475 4
vertex 122.76555757506763 -143.9025379495306 4
endloop
endfacet
facet normal 0 0 1
outer loop
vertex 127.4597928249324 -143.9025379495306 4
vertex 127.53845978135469 -143.6432077485475 4
vertex 126.49849449876771 -143.6432077485475 4
endloop
endfacet
facet normal 0 0 1
outer loop
vertex 127.4597928249324 -143.9025379495306 4
vertex 126.49849449876771 -143.6432077485475 4
vertex 126.35987961845342 -143.9025379495306 4
endloop
endfacet
facet normal 0 0 1
outer loop
vertex 206.8418279815456 -143.9025379495306 4
vertex 206.70321310123353 -143.6432077485475 4
vertex 205.66324781864571 -143.6432077485475 4
endloop
endfacet
facet normal 0 0 1
outer loop
vertex 206.8418279815456 -143.9025379495306 4
vertex 205.66324781864571 -143.6432077485475 4
vertex 205.74191477506778 -143.9025379495306 4
endloop
endfacet
facet normal 0 0 1
outer loop
vertex 210.43615002493243 -143.9025379495306 4
vertex 210.51481698135467 -143.6432077485475 4
vertex 209.4748516987672 -143.6432077485475 4
endloop
endfacet
facet normal 0 0 1
outer loop
vertex 210.43615002493243 -143.9025379495306 4
vertex 209.4748516987672 -143.6432077485475 4
vertex 209.336236818454 -143.9025379495306 4
endloop
endfacet
facet normal 0 0 1
outer loop
vertex 123.72685590123345 -143.6432077485475 4
vertex 123.6414972793945 -143.36181808302427 4
vertex 122.64149727939464 -143.36181808302427 4
endloop
endfacet
facet normal 0 0 1
outer loop
vertex 123.72685590123345 -143.6432077485475 4
vertex 122.64149727939464 -143.36181808302427 4
vertex 122.66071199899228 -143.55690840504033 4
endloop
endfacet
facet normal 0 0 1
outer loop
vertex 123.72685590123345 -143.6432077485475 4
vertex 122.66071199899228 -143.55690840504033 4
vertex 122.68689061864538 -143.6432077485475 4
endloop
endfacet
facet normal 0 0 1
outer loop
vertex 127.53845978135469 -143.6432077485475 4
vertex 127.56463840100866 -143.55690840504033 4
vertex 127.5838531206054 -143.36181808302427 4
endloop
endfacet
facet normal 0 0 1
outer loop
vertex 127.53845978135469 -143.6432077485475 4
vertex 127.5838531206054 -143.36181808302427 4
vertex 126.58385312060376 -143.36181808302427 4
endloop
endfacet
facet normal 0 0 1
outer loop
vertex 127.53845978135469 -143.6432077485475 4
vertex 126.58385312060376 -143.36181808302427 4
vertex 126.49849449876771 -143.6432077485475 4
endloop
endfacet
facet normal 0 0 1
outer loop
vertex 206.70321310123353 -143.6432077485475 4
vertex 206.61785447939752 -143.36181808302427 4
vertex 205.61785447939457 -143.36181808302427 4
endloop
endfacet
facet normal 0 0 1
outer loop
vertex 206.70321310123353 -143.6432077485475 4
vertex 205.61785447939457 -143.36181808302427 4
vertex 205.6370691989927 -143.55690840504033 4
endloop
endfacet
facet normal 0 0 1
outer loop
vertex 206.70321310123353 -143.6432077485475 4
vertex 205.6370691989927 -143.55690840504033 4
vertex 205.66324781864571 -143.6432077485475 4
endloop
endfacet
facet normal 0 0 1
outer loop
vertex 210.51481698135467 -143.6432077485475 4
vertex 210.5409956010083 -143.55690840504033 4
vertex 210.56021032060536 -143.36181808302427 4
endloop
endfacet
facet normal 0 0 1
outer loop
vertex 210.51481698135467 -143.6432077485475 4
vertex 210.56021032060536 -143.36181808302427 4
vertex 209.56021032060357 -143.36181808302427 4
endloop
endfacet
facet normal 0 0 1
outer loop
vertex 210.51481698135467 -143.6432077485475 4
vertex 209.56021032060357 -143.36181808302427 4
vertex 209.4748516987672 -143.6432077485475 4
endloop
endfacet
facet normal 0 0 1
outer loop
vertex 123.6414972793945 -143.36181808302427 4
vertex 123.61267519999899 -143.06918259999995 4
vertex 122.61267520000008 -143.06918259999995 4
endloop
endfacet
facet normal 0 0 1
outer loop
vertex 123.6414972793945 -143.36181808302427 4
vertex 122.61267520000008 -143.06918259999995 4
vertex 122.64149727939464 -143.36181808302427 4
endloop
endfacet
facet normal 0 0 1
outer loop
vertex 127.5838531206054 -143.36181808302427 4
vertex 127.61267520000058 -143.06918259999995 4
vertex 126.61267519999892 -143.06918259999995 4
endloop
endfacet
facet normal 0 0 1
outer loop
vertex 127.5838531206054 -143.36181808302427 4
vertex 126.61267519999892 -143.06918259999995 4
vertex 126.58385312060376 -143.36181808302427 4
endloop
endfacet
facet normal 0 0 1
outer loop
vertex 206.61785447939752 -143.36181808302427 4
vertex 206.58903239999873 -143.06918259999995 4
vertex 205.5890323999999 -143.06918259999995 4
endloop
endfacet
facet normal 0 0 1
outer loop
vertex 206.61785447939752 -143.36181808302427 4
vertex 205.5890323999999 -143.06918259999995 4
vertex 205.61785447939457 -143.36181808302427 4
endloop
endfacet
facet normal 0 0 1
outer loop
vertex 210.56021032060536 -143.36181808302427 4
vertex 210.5890324000002 -143.06918259999995 4
vertex 209.58903239999873 -143.06918259999995 4
endloop
endfacet
facet normal 0 0 1
outer loop
vertex 210.56021032060536 -143.36181808302427 4
vertex 209.58903239999873 -143.06918259999995 4
vertex 209.56021032060357 -143.36181808302427 4
endloop
endfacet
facet normal 0 0 1
outer loop
vertex 123.61267519999899 -143.06918259999995 4
vertex 123.64149727939368 -142.7765471169754 4
vertex 122.64149727939399 -142.7765471169754 4
endloop
endfacet
facet normal 0 0 1
outer loop
vertex 123.61267519999899 -143.06918259999995 4
vertex 122.64149727939399 -142.7765471169754 4
vertex 122.61267520000008 -143.06918259999995 4
endloop
endfacet
facet normal 0 0 1
outer loop
vertex 127.61267520000058 -143.06918259999995 4
vertex 127.58385312060604 -142.7765471169754 4
vertex 126.58385312060435 -142.7765471169754 4
endloop
endfacet
facet normal 0 0 1
outer loop
vertex 127.61267520000058 -143.06918259999995 4
vertex 126.58385312060435 -142.7765471169754 4
vertex 126.61267519999892 -143.06918259999995 4
endloop
endfacet
facet normal 0 0 1
outer loop
vertex 206.58903239999873 -143.06918259999995 4
vertex 206.61785447939585 -142.7765471169754 4
vertex 205.61785447939397 -142.7765471169754 4
endloop
endfacet
facet normal 0 0 1
outer loop
vertex 206.58903239999873 -143.06918259999995 4
vertex 205.61785447939397 -142.7765471169754 4
vertex 205.5890323999999 -143.06918259999995 4
endloop
endfacet
facet normal 0 0 1
outer loop
vertex 210.5890324000002 -143.06918259999995 4
vertex 210.560210320606 -142.7765471169754 4
vertex 209.5602103206071 -142.7765471169754 4
endloop
endfacet
facet normal 0 0 1
outer loop
vertex 210.5890324000002 -143.06918259999995 4
vertex 209.5602103206071 -142.7765471169754 4
vertex 209.58903239999873 -143.06918259999995 4
endloop
endfacet
facet normal 0 0 1
outer loop
vertex 123.64149727939368 -142.7765471169754 4
vertex 123.72685590123365 -142.49515745145268 4
vertex 122.68689061863785 -142.49515745145268 4
endloop
endfacet
facet normal 0 0 1
outer loop
vertex 123.64149727939368 -142.7765471169754 4
vertex 122.68689061863785 -142.49515745145268 4
vertex 122.66071199899305 -142.58145679496002 4
endloop
endfacet
facet normal 0 0 1
outer loop
vertex 123.64149727939368 -142.7765471169754 4
vertex 122.66071199899305 -142.58145679496002 4
vertex 122.64149727939399 -142.7765471169754 4
endloop
endfacet
facet normal 0 0 1
outer loop
vertex 127.58385312060604 -142.7765471169754 4
vertex 127.5646384010084 -142.58145679496002 4
vertex 127.53845978136215 -142.49515745145268 4
endloop
endfacet
facet normal 0 0 1
outer loop
vertex 127.58385312060604 -142.7765471169754 4
vertex 127.53845978136215 -142.49515745145268 4
vertex 126.49849449876734 -142.49515745145268 4
endloop
endfacet
facet normal 0 0 1
outer loop
vertex 127.58385312060604 -142.7765471169754 4
vertex 126.49849449876734 -142.49515745145268 4
vertex 126.58385312060435 -142.7765471169754 4
endloop
endfacet
facet normal 0 0 1
outer loop
vertex 206.61785447939585 -142.7765471169754 4
vertex 206.70321310123276 -142.49515745145268 4
vertex 205.66324781863787 -142.49515745145268 4
endloop
endfacet
facet normal 0 0 1
outer loop
vertex 206.61785447939585 -142.7765471169754 4
vertex 205.66324781863787 -142.49515745145268 4
vertex 205.63706919899272 -142.58145679496002 4
endloop
endfacet
facet normal 0 0 1
outer loop
vertex 206.61785447939585 -142.7765471169754 4
vertex 205.63706919899272 -142.58145679496002 4
vertex 205.61785447939397 -142.7765471169754 4
endloop
endfacet
facet normal 0 0 1
outer loop
vertex 210.560210320606 -142.7765471169754 4
vertex 210.54099560100875 -142.58145679496002 4
vertex 210.51481698136212 -142.49515745145268 4
endloop
endfacet
facet normal 0 0 1
outer loop
vertex 210.560210320606 -142.7765471169754 4
vertex 210.51481698136212 -142.49515745145268 4
vertex 209.47485169876677 -142.49515745145268 4
endloop
endfacet
facet normal 0 0 1
outer loop
vertex 210.560210320606 -142.7765471169754 4
vertex 209.47485169876677 -142.49515745145268 4
vertex 209.5602103206071 -142.7765471169754 4
endloop
endfacet
facet normal 0 0 1
outer loop
vertex 123.72685590123365 -142.49515745145268 4
vertex 123.86547078154571 -142.2358272504702 4
vertex 122.76555757507595 -142.2358272504702 4
endloop
endfacet
facet normal 0 0 1
outer loop
vertex 123.72685590123365 -142.49515745145268 4
vertex 122.76555757507595 -142.2358272504702 4
vertex 122.68689061863785 -142.49515745145268 4
endloop
endfacet
facet normal 0 0 1
outer loop
vertex 127.53845978136215 -142.49515745145268 4
vertex 127.45979282492405 -142.2358272504702 4
vertex 126.35987961845369 -142.2358272504702 4
endloop
endfacet
facet normal 0 0 1
outer loop
vertex 127.53845978136215 -142.49515745145268 4
vertex 126.35987961845369 -142.2358272504702 4
vertex 126.49849449876734 -142.49515745145268 4
endloop
endfacet
facet normal 0 0 1
outer loop
vertex 206.70321310123276 -142.49515745145268 4
vertex 206.84182798154657 -142.2358272504702 4
vertex 205.741914775076 -142.2358272504702 4
endloop
endfacet
facet normal 0 0 1
outer loop
vertex 206.70321310123276 -142.49515745145268 4
vertex 205.741914775076 -142.2358272504702 4
vertex 205.66324781863787 -142.49515745145268 4
endloop
endfacet
facet normal 0 0 1
outer loop
vertex 210.51481698136212 -142.49515745145268 4
vertex 210.43615002492407 -142.2358272504702 4
vertex 209.33623681845108 -142.2358272504702 4
endloop
endfacet
facet normal 0 0 1
outer loop
vertex 210.51481698136212 -142.49515745145268 4
vertex 209.33623681845108 -142.2358272504702 4
vertex 209.47485169876677 -142.49515745145268 4
endloop
endfacet
facet normal 0 0 1
outer loop
vertex 123.86547078154571 -142.2358272504702 4
vertex 124.05201502822034 -142.00852242822037 4
vertex 122.85853965162946 -142.00852242822037 4
endloop
endfacet
facet normal 0 0 1
outer loop
vertex 123.86547078154571 -142.2358272504702 4
vertex 122.85853965162946 -142.00852242822037 4
vertex 122.80297636872174 -142.11247401908724 4
endloop
endfacet
facet normal 0 0 1
outer loop
vertex 123.86547078154571 -142.2358272504702 4
vertex 122.80297636872174 -142.11247401908724 4
vertex 122.76555757507595 -142.2358272504702 4
endloop
endfacet
facet normal 0 0 1
outer loop
vertex 127.45979282492405 -142.2358272504702 4
vertex 127.42237403127828 -142.11247401908724 4
vertex 127.36681074837057 -142.00852242822037 4
endloop
endfacet
facet normal 0 0 1
outer loop
vertex 127.45979282492405 -142.2358272504702 4
vertex 127.36681074837057 -142.00852242822037 4
vertex 126.1733353717829 -142.00852242822037 4
endloop
endfacet
facet normal 0 0 1
outer loop
vertex 127.45979282492405 -142.2358272504702 4
vertex 126.1733353717829 -142.00852242822037 4
vertex 126.35987961845369 -142.2358272504702 4
endloop
endfacet
facet normal 0 0 1
outer loop
vertex 206.84182798154657 -142.2358272504702 4
vertex 207.02837222821938 -142.00852242822037 4
vertex 205.83489685162945 -142.00852242822037 4
endloop
endfacet
facet normal 0 0 1
outer loop
vertex 206.84182798154657 -142.2358272504702 4
vertex 205.83489685162945 -142.00852242822037 4
vertex 205.77933356872214 -142.11247401908724 4
endloop
endfacet
facet normal 0 0 1
outer loop
vertex 206.84182798154657 -142.2358272504702 4
vertex 205.77933356872214 -142.11247401908724 4
vertex 205.741914775076 -142.2358272504702 4
endloop
endfacet
facet normal 0 0 1
outer loop
vertex 210.43615002492407 -142.2358272504702 4
vertex 210.39873123127626 -142.11247401908724 4
vertex 210.34316794837062 -142.00852242822037 4
endloop
endfacet
facet normal 0 0 1
outer loop
vertex 210.43615002492407 -142.2358272504702 4
vertex 210.34316794837062 -142.00852242822037 4
vertex 209.14969257178143 -142.00852242822037 4
endloop
endfacet
facet normal 0 0 1
outer loop
vertex 210.43615002492407 -142.2358272504702 4
vertex 209.14969257178143 -142.00852242822037 4
vertex 209.33623681845108 -142.2358272504702 4
endloop
endfacet
facet normal 0 0 1
outer loop
vertex 124.05201502822034 -142.00852242822037 4
vertex 124.27931985047059 -141.82197818154617 4
vertex 122.95824962883827 -141.82197818154617 4
endloop
endfacet
facet normal 0 0 1
outer loop
vertex 124.05201502822034 -142.00852242822037 4
vertex 122.95824962883827 -141.82197818154617 4
vertex 122.85853965162946 -142.00852242822037 4
endloop
endfacet
facet normal 0 0 1
outer loop
vertex 127.36681074837057 -142.00852242822037 4
vertex 127.26710077116172 -141.82197818154617 4
vertex 125.94603054952661 -141.82197818154617 4
endloop
endfacet
facet normal 0 0 1
outer loop
vertex 127.36681074837057 -142.00852242822037 4
vertex 125.94603054952661 -141.82197818154617 4
vertex 126.1733353717829 -142.00852242822037 4
endloop
endfacet
facet normal 0 0 1
outer loop
vertex 207.02837222821938 -142.00852242822037 4
vertex 207.25567705047064 -141.82197818154617 4
vertex 205.93460682883838 -141.82197818154617 4
endloop
endfacet
facet normal 0 0 1
outer loop
vertex 207.02837222821938 -142.00852242822037 4
vertex 205.93460682883838 -141.82197818154617 4
vertex 205.83489685162945 -142.00852242822037 4
endloop
endfacet
facet normal 0 0 1
outer loop
vertex 210.34316794837062 -142.00852242822037 4
vertex 210.24345797116175 -141.82197818154617 4
vertex 208.9223877495273 -141.82197818154617 4
endloop
endfacet
facet normal 0 0 1
outer loop
vertex 210.34316794837062 -142.00852242822037 4
vertex 208.9223877495273 -141.82197818154617 4
vertex 209.14969257178143 -142.00852242822037 4
endloop
endfacet
facet normal 0 0 1
outer loop
vertex 124.27931985047059 -141.82197818154617 4
vertex 124.5386500514523 -141.68336330123284 4
vertex 123.03234082597078 -141.68336330123284 4
endloop
endfacet
facet normal 0 0 1
outer loop
vertex 124.27931985047059 -141.82197818154617 4
vertex 123.03234082597078 -141.68336330123284 4
vertex 122.95824962883827 -141.82197818154617 4
endloop
endfacet
facet normal 0 0 1
outer loop
vertex 127.26710077116172 -141.82197818154617 4
vertex 127.1930095740293 -141.68336330123284 4
vertex 125.68670034854703 -141.68336330123284 4
endloop
endfacet
facet normal 0 0 1
outer loop
vertex 127.26710077116172 -141.82197818154617 4
vertex 125.68670034854703 -141.68336330123284 4
vertex 125.94603054952661 -141.82197818154617 4
endloop
endfacet
facet normal 0 0 1
outer loop
vertex 207.25567705047064 -141.82197818154617 4
vertex 207.51500725145226 -141.68336330123284 4
vertex 206.00869802597092 -141.68336330123284 4
endloop
endfacet
facet normal 0 0 1
outer loop
vertex 207.25567705047064 -141.82197818154617 4
vertex 206.00869802597092 -141.68336330123284 4
vertex 205.93460682883838 -141.82197818154617 4
endloop
endfacet
facet normal 0 0 1
outer loop
vertex 210.24345797116175 -141.82197818154617 4
vertex 210.1693667740293 -141.68336330123284 4
vertex 208.66305754854855 -141.68336330123284 4
endloop
endfacet
facet normal 0 0 1
outer loop
vertex 210.24345797116175 -141.82197818154617 4
vertex 208.66305754854855 -141.68336330123284 4
vertex 208.9223877495273 -141.82197818154617 4
endloop
endfacet
facet normal 0 0 1
outer loop
vertex 124.5386500514523 -141.68336330123284 4
vertex 124.82003971697569 -141.5980046793939 4
vertex 123.10150391858028 -141.5980046793939 4
endloop
endfacet
facet normal 0 0 1
outer loop
vertex 124.5386500514523 -141.68336330123284 4
vertex 123.10150391858028 -141.5980046793939 4
vertex 123.03400116924391 -141.6802570174512 4
endloop
endfacet
facet normal 0 0 1
outer loop
vertex 124.5386500514523 -141.68336330123284 4
vertex 123.03400116924391 -141.6802570174512 4
vertex 123.03234082597078 -141.68336330123284 4
endloop
endfacet
facet normal 0 0 1
outer loop
vertex 127.1930095740293 -141.68336330123284 4
vertex 127.19134923075893 -141.6802570174512 4
vertex 127.12384648141978 -141.5980046793939 4
endloop
endfacet
facet normal 0 0 1
outer loop
vertex 127.1930095740293 -141.68336330123284 4
vertex 127.12384648141978 -141.5980046793939 4
vertex 125.40531068302397 -141.5980046793939 4
endloop
endfacet
facet normal 0 0 1
outer loop
vertex 127.1930095740293 -141.68336330123284 4
vertex 125.40531068302397 -141.5980046793939 4
vertex 125.68670034854703 -141.68336330123284 4
endloop
endfacet
facet normal 0 0 1
outer loop
vertex 207.51500725145226 -141.68336330123284 4
vertex 207.7963969169757 -141.5980046793939 4
vertex 206.07786111858118 -141.5980046793939 4
endloop
endfacet
facet normal 0 0 1
outer loop
vertex 207.51500725145226 -141.68336330123284 4
vertex 206.07786111858118 -141.5980046793939 4
vertex 206.01035836924393 -141.6802570174512 4
endloop
endfacet
facet normal 0 0 1
outer loop
vertex 207.51500725145226 -141.68336330123284 4
vertex 206.01035836924393 -141.6802570174512 4
vertex 206.00869802597092 -141.68336330123284 4
endloop
endfacet
facet normal 0 0 1
outer loop
vertex 210.1693667740293 -141.68336330123284 4
vertex 210.16770643075543 -141.6802570174512 4
vertex 210.10020368141977 -141.5980046793939 4
endloop
endfacet
facet normal 0 0 1
outer loop
vertex 210.1693667740293 -141.68336330123284 4
vertex 210.10020368141977 -141.5980046793939 4
vertex 208.381667883024 -141.5980046793939 4
endloop
endfacet
facet normal 0 0 1
outer loop
vertex 210.1693667740293 -141.68336330123284 4
vertex 208.381667883024 -141.5980046793939 4
vertex 208.66305754854855 -141.68336330123284 4
endloop
endfacet
facet normal 0 0 1
outer loop
vertex 124.82003971697569 -141.5980046793939 4
vertex 125.11267519999983 -141.56918260000182 4
vertex 123.12515758784915 -141.56918260000182 4
endloop
endfacet
facet normal 0 0 1
outer loop
vertex 124.82003971697569 -141.5980046793939 4
vertex 123.12515758784915 -141.56918260000182 4
vertex 123.10150391858028 -141.5980046793939 4
endloop
endfacet
facet normal 0 0 1
outer loop
vertex 127.12384648141978 -141.5980046793939 4
vertex 127.10019281215088 -141.56918260000182 4
vertex 125.11267519999983 -141.56918260000182 4
endloop
endfacet
facet normal 0 0 1
outer loop
vertex 127.12384648141978 -141.5980046793939 4
vertex 125.11267519999983 -141.56918260000182 4
vertex 125.40531068302397 -141.5980046793939 4
endloop
endfacet
facet normal 0 0 1
outer loop
vertex 207.7963969169757 -141.5980046793939 4
vertex 208.0890324000002 -141.56918260000182 4
vertex 206.10151478785033 -141.56918260000182 4
endloop
endfacet
facet normal 0 0 1
outer loop
vertex 207.7963969169757 -141.5980046793939 4
vertex 206.10151478785033 -141.56918260000182 4
vertex 206.07786111858118 -141.5980046793939 4
endloop
endfacet
facet normal 0 0 1
outer loop
vertex 210.10020368141977 -141.5980046793939 4
vertex 210.07655001215088 -141.56918260000182 4
vertex 208.0890324000002 -141.56918260000182 4
endloop
endfacet
facet normal 0 0 1
outer loop
vertex 210.10020368141977 -141.5980046793939 4
vertex 208.0890324000002 -141.56918260000182 4
vertex 208.381667883024 -141.5980046793939 4
endloop
endfacet
facet normal 0 0 1
outer loop
vertex 125.11267519999983 -141.56918260000182 4
vertex 127.10019281215088 -141.56918260000182 4
vertex 126.88044215297079 -141.30141564703013 4
endloop
endfacet
facet normal 0 0 1
outer loop
vertex 125.11267519999983 -141.56918260000182 4
vertex 126.88044215297079 -141.30141564703013 4
vertex 126.50160078255067 -140.99050856924165 4
endloop
endfacet
facet normal 0 0 1
outer loop
vertex 125.11267519999983 -141.56918260000182 4
vertex 126.50160078255067 -140.99050856924165 4
vertex 126.06938378091198 -140.75948376872324 4
endloop
endfacet
facet normal 0 0 1
outer loop
vertex 125.11267519999983 -141.56918260000182 4
vertex 126.06938378091198 -140.75948376872324 4
vertex 125.60040100503997 -140.6172193989931 4
endloop
endfacet
facet normal 0 0 1
outer loop
vertex 125.11267519999983 -141.56918260000182 4
vertex 125.60040100503997 -140.6172193989931 4
vertex 125.11267519999991 -140.56918260000091 4
endloop
endfacet
facet normal 0 0 1
outer loop
vertex 125.11267519999983 -141.56918260000182 4
vertex 125.11267519999991 -140.56918260000091 4
vertex 124.6249493949597 -140.6172193989931 4
endloop
endfacet
facet normal 0 0 1
outer loop
vertex 125.11267519999983 -141.56918260000182 4
vertex 124.6249493949597 -140.6172193989931 4
vertex 124.15596661908691 -140.75948376872324 4
endloop
endfacet
facet normal 0 0 1
outer loop
vertex 125.11267519999983 -141.56918260000182 4
vertex 124.15596661908691 -140.75948376872324 4
vertex 123.72374961745035 -140.99050856924165 4
endloop
endfacet
facet normal 0 0 1
outer loop
vertex 125.11267519999983 -141.56918260000182 4
vertex 123.72374961745035 -140.99050856924165 4
vertex 123.34490824703376 -141.30141564703013 4
endloop
endfacet
facet normal 0 0 1
outer loop
vertex 125.11267519999983 -141.56918260000182 4
vertex 123.34490824703376 -141.30141564703013 4
vertex 123.12515758784915 -141.56918260000182 4
endloop
endfacet
facet normal 0 0 1
outer loop
vertex 208.0890324000002 -141.56918260000182 4
vertex 210.07655001215088 -141.56918260000182 4
vertex 209.85679935296565 -141.30141564703013 4
endloop
endfacet
facet normal 0 0 1
outer loop
vertex 208.0890324000002 -141.56918260000182 4
vertex 209.85679935296565 -141.30141564703013 4
vertex 209.4779579825507 -140.99050856924165 4
endloop
endfacet
facet normal 0 0 1
outer loop
vertex 208.0890324000002 -141.56918260000182 4
vertex 209.4779579825507 -140.99050856924165 4
vertex 209.04574098091265 -140.75948376872324 4
endloop
endfacet
facet normal 0 0 1
outer loop
vertex 208.0890324000002 -141.56918260000182 4
vertex 209.04574098091265 -140.75948376872324 4
vertex 208.5767582050412 -140.6172193989931 4
endloop
endfacet
facet normal 0 0 1
outer loop
vertex 208.0890324000002 -141.56918260000182 4
vertex 208.5767582050412 -140.6172193989931 4
vertex 208.08903239999995 -140.56918260000091 4
endloop
endfacet
facet normal 0 0 1
outer loop
vertex 208.0890324000002 -141.56918260000182 4
vertex 208.08903239999995 -140.56918260000091 4
vertex 207.60130659495974 -140.6172193989931 4
endloop
endfacet
facet normal 0 0 1
outer loop
vertex 208.0890324000002 -141.56918260000182 4
vertex 207.60130659495974 -140.6172193989931 4
vertex 207.13232381908784 -140.75948376872324 4
endloop
endfacet
facet normal 0 0 1
outer loop
vertex 208.0890324000002 -141.56918260000182 4
vertex 207.13232381908784 -140.75948376872324 4
vertex 206.7001068174505 -140.99050856924165 4
endloop
endfacet
facet normal 0 0 1
outer loop
vertex 208.0890324000002 -141.56918260000182 4
vertex 206.7001068174505 -140.99050856924165 4
vertex 206.32126544703343 -141.30141564703013 4
endloop
endfacet
facet normal 0 0 1
outer loop
vertex 208.0890324000002 -141.56918260000182 4
vertex 206.32126544703343 -141.30141564703013 4
vertex 206.10151478785033 -141.56918260000182 4
endloop
endfacet
facet normal 0 0 1
outer loop
vertex 67.23253860504032 -139.22867890100798 4
vertex 67.70152138091296 -139.08641453127905 4
vertex 68.13373838254867 -138.85538973075577 4
endloop
endfacet
facet normal 0 0 1
outer loop
vertex 67.23253860504032 -139.22867890100798 4
vertex 68.13373838254867 -138.85538973075577 4
vertex 68.51257975296622 -138.54448265296622 4
endloop
endfacet
facet normal 0 0 1
outer loop
vertex 67.23253860504032 -139.22867890100798 4
vertex 68.51257975296622 -138.54448265296622 4
vertex 68.7323304121507 -138.2767157 4
endloop
endfacet
facet normal 0 0 1
outer loop
vertex 67.23253860504032 -139.22867890100798 4
vertex 68.7323304121507 -138.2767157 4
vertex 66.74481279999995 -138.2767157 4
endloop
endfacet
facet normal 0 0 1
outer loop
vertex 67.23253860504032 -139.22867890100798 4
vertex 66.74481279999995 -138.2767157 4
vertex 64.75729518784932 -138.2767157 4
endloop
endfacet
facet normal 0 0 1
outer loop
vertex 67.23253860504032 -139.22867890100798 4
vertex 64.75729518784932 -138.2767157 4
vertex 64.97704584703249 -138.54448265296622 4
endloop
endfacet
facet normal 0 0 1
outer loop
vertex 67.23253860504032 -139.22867890100798 4
vertex 64.97704584703249 -138.54448265296622 4
vertex 65.35588721745398 -138.85538973075577 4
endloop
endfacet
facet normal 0 0 1
outer loop
vertex 67.23253860504032 -139.22867890100798 4
vertex 65.35588721745398 -138.85538973075577 4
vertex 65.78810421908912 -139.08641453127905 4
endloop
endfacet
facet normal 0 0 1
outer loop
vertex 67.23253860504032 -139.22867890100798 4
vertex 65.78810421908912 -139.08641453127905 4
vertex 66.25708699495874 -139.22867890100798 4
endloop
endfacet
facet normal 0 0 1
outer loop
vertex 67.23253860504032 -139.22867890100798 4
vertex 66.25708699495874 -139.22867890100798 4
vertex 66.74481279999999 -139.2767157000004 4
endloop
endfacet
facet normal 0 0 1
outer loop
vertex 266.94462060504026 -139.22867890100798 4
vertex 267.4136033809132 -139.08641453127905 4
vertex 267.8458203825494 -138.85538973075577 4
endloop
endfacet
facet normal 0 0 1
outer loop
vertex 266.94462060504026 -139.22867890100798 4
vertex 267.8458203825494 -138.85538973075577 4
vertex 268.22466175296665 -138.54448265296622 4
endloop
endfacet
facet normal 0 0 1
outer loop
vertex 266.94462060504026 -139.22867890100798 4
vertex 268.22466175296665 -138.54448265296622 4
vertex 268.44441241215065 -138.2767157 4
endloop
endfacet
facet normal 0 0 1
outer loop
vertex 266.94462060504026 -139.22867890100798 4
vertex 268.44441241215065 -138.2767157 4
vertex 266.4568948000003 -138.2767157 4
endloop
endfacet
facet normal 0 0 1
outer loop
vertex 266.94462060504026 -139.22867890100798 4
vertex 266.4568948000003 -138.2767157 4
vertex 264.4693771878499 -138.2767157 4
endloop
endfacet
facet normal 0 0 1
outer loop
vertex 266.94462060504026 -139.22867890100798 4
vertex 264.4693771878499 -138.2767157 4
vertex 264.68912784703525 -138.54448265296622 4
endloop
endfacet
facet normal 0 0 1
outer loop
vertex 266.94462060504026 -139.22867890100798 4
vertex 264.68912784703525 -138.54448265296622 4
vertex 265.0679692174516 -138.85538973075577 4
endloop
endfacet
facet normal 0 0 1
outer loop
vertex 266.94462060504026 -139.22867890100798 4
vertex 265.0679692174516 -138.85538973075577 4
vertex 265.50018621908595 -139.08641453127905 4
endloop
endfacet
facet normal 0 0 1
outer loop
vertex 266.94462060504026 -139.22867890100798 4
vertex 265.50018621908595 -139.08641453127905 4
vertex 265.9691689949594 -139.22867890100798 4
endloop
endfacet
facet normal 0 0 1
outer loop
vertex 266.94462060504026 -139.22867890100798 4
vertex 265.9691689949594 -139.22867890100798 4
vertex 266.4568948 -139.2767157000004 4
endloop
endfacet
facet normal 0 0 1
outer loop
vertex 66.74481279999995 -138.2767157 4
vertex 66.45217731697605 -138.24789362060412 4
vertex 64.73364151858128 -138.24789362060412 4
endloop
endfacet
facet normal 0 0 1
outer loop
vertex 66.74481279999995 -138.2767157 4
vertex 64.73364151858128 -138.24789362060412 4
vertex 64.75729518784932 -138.2767157 4
endloop
endfacet
facet normal 0 0 1
outer loop
vertex 68.7323304121507 -138.2767157 4
vertex 68.75598408141876 -138.24789362060412 4
vertex 67.03744828302416 -138.24789362060412 4
endloop
endfacet
facet normal 0 0 1
outer loop
vertex 68.7323304121507 -138.2767157 4
vertex 67.03744828302416 -138.24789362060412 4
vertex 66.74481279999995 -138.2767157 4
endloop
endfacet
facet normal 0 0 1
outer loop
vertex 266.4568948000003 -138.2767157 4
vertex 266.164259316977 -138.24789362060412 4
vertex 264.4457235185819 -138.24789362060412 4
endloop
endfacet
facet normal 0 0 1
outer loop
vertex 266.4568948000003 -138.2767157 4
vertex 264.4457235185819 -138.24789362060412 4
vertex 264.4693771878499 -138.2767157 4
endloop
endfacet
facet normal 0 0 1
outer loop
vertex 268.44441241215065 -138.2767157 4
vertex 268.46806608141867 -138.24789362060412 4
vertex 266.74953028302406 -138.24789362060412 4
endloop
endfacet
facet normal 0 0 1
outer loop
vertex 268.44441241215065 -138.2767157 4
vertex 266.74953028302406 -138.24789362060412 4
vertex 266.4568948000003 -138.2767157 4
endloop
endfacet
facet normal 0 0 1
outer loop
vertex 66.45217731697605 -138.24789362060412 4
vertex 66.17078765145189 -138.16253499876794 4
vertex 64.66447842597087 -138.16253499876794 4
endloop
endfacet
facet normal 0 0 1
outer loop
vertex 66.45217731697605 -138.24789362060412 4
vertex 64.66447842597087 -138.16253499876794 4
vertex 64.66613876924362 -138.16564128254902 4
endloop
endfacet
facet normal 0 0 1
outer loop
vertex 66.45217731697605 -138.24789362060412 4
vertex 64.66613876924362 -138.16564128254902 4
vertex 64.73364151858128 -138.24789362060412 4
endloop
endfacet
facet normal 0 0 1
outer loop
vertex 68.75598408141876 -138.24789362060412 4
vertex 68.82348683075588 -138.16564128254902 4
vertex 68.82514717402917 -138.16253499876794 4
endloop
endfacet
facet normal 0 0 1
outer loop
vertex 68.75598408141876 -138.24789362060412 4
vertex 68.82514717402917 -138.16253499876794 4
vertex 67.31883794854772 -138.16253499876794 4
endloop
endfacet
facet normal 0 0 1
outer loop
vertex 68.75598408141876 -138.24789362060412 4
vertex 67.31883794854772 -138.16253499876794 4
vertex 67.03744828302416 -138.24789362060412 4
endloop
endfacet
facet normal 0 0 1
outer loop
vertex 266.164259316977 -138.24789362060412 4
vertex 265.8828696514517 -138.16253499876794 4
vertex 264.37656042597087 -138.16253499876794 4
endloop
endfacet
facet normal 0 0 1
outer loop
vertex 266.164259316977 -138.24789362060412 4
vertex 264.37656042597087 -138.16253499876794 4
vertex 264.3782207692439 -138.16564128254902 4
endloop
endfacet
facet normal 0 0 1
outer loop
vertex 266.164259316977 -138.24789362060412 4
vertex 264.3782207692439 -138.16564128254902 4
vertex 264.4457235185819 -138.24789362060412 4
endloop
endfacet
facet normal 0 0 1
outer loop
vertex 268.46806608141867 -138.24789362060412 4
vertex 268.53556883075885 -138.16564128254902 4
vertex 268.53722917402905 -138.16253499876794 4
endloop
endfacet
facet normal 0 0 1
outer loop
vertex 268.46806608141867 -138.24789362060412 4
vertex 268.53722917402905 -138.16253499876794 4
vertex 267.0309199485474 -138.16253499876794 4
endloop
endfacet
facet normal 0 0 1
outer loop
vertex 268.46806608141867 -138.24789362060412 4
vertex 267.0309199485474 -138.16253499876794 4
vertex 266.74953028302406 -138.24789362060412 4
endloop
endfacet
facet normal 0 0 1
outer loop
vertex 66.17078765145189 -138.16253499876794 4
vertex 65.9114574504717 -138.02392011845248 4
vertex 64.59038722883511 -138.02392011845248 4
endloop
endfacet
facet normal 0 0 1
outer loop
vertex 66.17078765145189 -138.16253499876794 4
vertex 64.59038722883511 -138.02392011845248 4
vertex 64.66447842597087 -138.16253499876794 4
endloop
endfacet
facet normal 0 0 1
outer loop
vertex 68.82514717402917 -138.16253499876794 4
vertex 68.89923837116488 -138.02392011845248 4
vertex 67.57816814952949 -138.02392011845248 4
endloop
endfacet
facet normal 0 0 1
outer loop
vertex 68.82514717402917 -138.16253499876794 4
vertex 67.57816814952949 -138.02392011845248 4
vertex 67.31883794854772 -138.16253499876794 4
endloop
endfacet
facet normal 0 0 1
outer loop
vertex 265.8828696514517 -138.16253499876794 4
vertex 265.62353945047363 -138.02392011845248 4
vertex 264.30246922883515 -138.02392011845248 4
endloop
endfacet
facet normal 0 0 1
outer loop
vertex 265.8828696514517 -138.16253499876794 4
vertex 264.30246922883515 -138.02392011845248 4
vertex 264.37656042597087 -138.16253499876794 4
endloop
endfacet
facet normal 0 0 1
outer loop
vertex 268.53722917402905 -138.16253499876794 4
vertex 268.6113203711648 -138.02392011845248 4
vertex 267.2902501495287 -138.02392011845248 4
endloop
endfacet
facet normal 0 0 1
outer loop
vertex 268.53722917402905 -138.16253499876794 4
vertex 267.2902501495287 -138.02392011845248 4
vertex 267.0309199485474 -138.16253499876794 4
endloop
endfacet
facet normal 0 0 1
outer loop
vertex 65.9114574504717 -138.02392011845248 4
vertex 65.68415262821848 -137.83737587178126 4
vertex 64.49067725164154 -137.83737587178126 4
endloop
endfacet
facet normal 0 0 1
outer loop
vertex 65.9114574504717 -138.02392011845248 4
vertex 64.49067725164154 -137.83737587178126 4
vertex 64.59038722883511 -138.02392011845248 4
endloop
endfacet
facet normal 0 0 1
outer loop
vertex 68.89923837116488 -138.02392011845248 4
vertex 68.99894834835841 -137.83737587178126 4
vertex 67.80547297177984 -137.83737587178126 4
endloop
endfacet
facet normal 0 0 1
outer loop
vertex 68.89923837116488 -138.02392011845248 4
vertex 67.80547297177984 -137.83737587178126 4
vertex 67.57816814952949 -138.02392011845248 4
endloop
endfacet
facet normal 0 0 1
outer loop
vertex 265.62353945047363 -138.02392011845248 4
vertex 265.3962346282219 -137.83737587178126 4
vertex 264.2027592516416 -137.83737587178126 4
endloop
endfacet
facet normal 0 0 1
outer loop
vertex 265.62353945047363 -138.02392011845248 4
vertex 264.2027592516416 -137.83737587178126 4
vertex 264.30246922883515 -138.02392011845248 4
endloop
endfacet
facet normal 0 0 1
outer loop
vertex 268.6113203711648 -138.02392011845248 4
vertex 268.71103034835846 -137.83737587178126 4
vertex 267.5175549717804 -137.83737587178126 4
endloop
endfacet
facet normal 0 0 1
outer loop
vertex 268.6113203711648 -138.02392011845248 4
vertex 267.5175549717804 -137.83737587178126 4
vertex 267.2902501495287 -138.02392011845248 4
endloop
endfacet
facet normal 0 0 1
outer loop
vertex 65.68415262821848 -137.83737587178126 4
vertex 65.49760838154684 -137.61007104952907 4
vertex 64.39769517506865 -137.61007104952907 4
endloop
endfacet
facet normal 0 0 1
outer loop
vertex 65.68415262821848 -137.83737587178126 4
vertex 64.39769517506865 -137.61007104952907 4
vertex 64.43511396871999 -137.7334242809133 4
endloop
endfacet
facet normal 0 0 1
outer loop
vertex 65.68415262821848 -137.83737587178126 4
vertex 64.43511396871999 -137.7334242809133 4
vertex 64.49067725164154 -137.83737587178126 4
endloop
endfacet
facet normal 0 0 1
outer loop
vertex 68.99894834835841 -137.83737587178126 4
vertex 69.05451163127861 -137.7334242809133 4
vertex 69.09193042493135 -137.61007104952907 4
endloop
endfacet
facet normal 0 0 1
outer loop
vertex 68.99894834835841 -137.83737587178126 4
vertex 69.09193042493135 -137.61007104952907 4
vertex 67.99201721845319 -137.61007104952907 4
endloop
endfacet
facet normal 0 0 1
outer loop
vertex 68.99894834835841 -137.83737587178126 4
vertex 67.99201721845319 -137.61007104952907 4
vertex 67.80547297177984 -137.83737587178126 4
endloop
endfacet
facet normal 0 0 1
outer loop
vertex 265.3962346282219 -137.83737587178126 4
vertex 265.2096903815486 -137.61007104952907 4
vertex 264.109777175069 -137.61007104952907 4
endloop
endfacet
facet normal 0 0 1
outer loop
vertex 265.3962346282219 -137.83737587178126 4
vertex 264.109777175069 -137.61007104952907 4
vertex 264.14719596871777 -137.7334242809133 4
endloop
endfacet
facet normal 0 0 1
outer loop
vertex 265.3962346282219 -137.83737587178126 4
vertex 264.14719596871777 -137.7334242809133 4
vertex 264.2027592516416 -137.83737587178126 4
endloop
endfacet
facet normal 0 0 1
outer loop
vertex 268.71103034835846 -137.83737587178126 4
vertex 268.76659363127806 -137.7334242809133 4
vertex 268.8040124249314 -137.61007104952907 4
endloop
endfacet
facet normal 0 0 1
outer loop
vertex 268.71103034835846 -137.83737587178126 4
vertex 268.8040124249314 -137.61007104952907 4
vertex 267.7040992184545 -137.61007104952907 4
endloop
endfacet
facet normal 0 0 1
outer loop
vertex 268.71103034835846 -137.83737587178126 4
vertex 267.7040992184545 -137.61007104952907 4
vertex 267.5175549717804 -137.83737587178126 4
endloop
endfacet
facet normal 0 0 1
outer loop
vertex 65.49760838154684 -137.61007104952907 4
vertex 65.35899350123337 -137.35074084854756 4
vertex 64.31902821864237 -137.35074084854756 4
endloop
endfacet
facet normal 0 0 1
outer loop
vertex 65.49760838154684 -137.61007104952907 4
vertex 64.31902821864237 -137.35074084854756 4
vertex 64.39769517506865 -137.61007104952907 4
endloop
endfacet
facet normal 0 0 1
outer loop
vertex 69.09193042493135 -137.61007104952907 4
vertex 69.17059738135762 -137.35074084854756 4
vertex 68.13063209876674 -137.35074084854756 4
endloop
endfacet
facet normal 0 0 1
outer loop
vertex 69.09193042493135 -137.61007104952907 4
vertex 68.13063209876674 -137.35074084854756 4
vertex 67.99201721845319 -137.61007104952907 4
endloop
endfacet
facet normal 0 0 1
outer loop
vertex 265.2096903815486 -137.61007104952907 4
vertex 265.0710755012344 -137.35074084854756 4
vertex 264.03111021864316 -137.35074084854756 4
endloop
endfacet
facet normal 0 0 1
outer loop
vertex 265.2096903815486 -137.61007104952907 4
vertex 264.03111021864316 -137.35074084854756 4
vertex 264.109777175069 -137.61007104952907 4
endloop
endfacet
facet normal 0 0 1
outer loop
vertex 268.8040124249314 -137.61007104952907 4
vertex 268.88267938135766 -137.35074084854756 4
vertex 267.8427140987668 -137.35074084854756 4
endloop
endfacet
facet normal 0 0 1
outer loop
vertex 268.8040124249314 -137.61007104952907 4
vertex 267.8427140987668 -137.35074084854756 4
vertex 267.7040992184545 -137.61007104952907 4
endloop
endfacet
facet normal 0 0 1
outer loop
vertex 65.35899350123337 -137.35074084854756 4
vertex 65.27363487939428 -137.06935118302428 4
vertex 64.27363487939458 -137.06935118302428 4
endloop
endfacet
facet normal 0 0 1
outer loop
vertex 65.35899350123337 -137.35074084854756 4
vertex 64.27363487939458 -137.06935118302428 4
vertex 64.29284959899216 -137.2644415050403 4
endloop
endfacet
facet normal 0 0 1
outer loop
vertex 65.35899350123337 -137.35074084854756 4
vertex 64.29284959899216 -137.2644415050403 4
vertex 64.31902821864237 -137.35074084854756 4
endloop
endfacet
facet normal 0 0 1
outer loop
vertex 69.17059738135762 -137.35074084854756 4
vertex 69.19677600100755 -137.2644415050403 4
vertex 69.21599072060545 -137.06935118302428 4
endloop
endfacet
facet normal 0 0 1
outer loop
vertex 69.17059738135762 -137.35074084854756 4
vertex 69.21599072060545 -137.06935118302428 4
vertex 68.21599072060577 -137.06935118302428 4
endloop
endfacet
facet normal 0 0 1
outer loop
vertex 69.17059738135762 -137.35074084854756 4
vertex 68.21599072060577 -137.06935118302428 4
vertex 68.13063209876674 -137.35074084854756 4
endloop
endfacet
facet normal 0 0 1
outer loop
vertex 265.0710755012344 -137.35074084854756 4
vertex 264.98571687939494 -137.06935118302428 4
vertex 263.98571687939454 -137.06935118302428 4
endloop
endfacet
facet normal 0 0 1
outer loop
vertex 265.0710755012344 -137.35074084854756 4
vertex 263.98571687939454 -137.06935118302428 4
vertex 264.0049315989925 -137.2644415050403 4
endloop
endfacet
facet normal 0 0 1
outer loop
vertex 265.0710755012344 -137.35074084854756 4
vertex 264.0049315989925 -137.2644415050403 4
vertex 264.03111021864316 -137.35074084854756 4
endloop
endfacet
facet normal 0 0 1
outer loop
vertex 268.88267938135766 -137.35074084854756 4
vertex 268.9088580010085 -137.2644415050403 4
vertex 268.9280727206055 -137.06935118302428 4
endloop
endfacet
facet normal 0 0 1
outer loop
vertex 268.88267938135766 -137.35074084854756 4
vertex 268.9280727206055 -137.06935118302428 4
vertex 267.9280727206035 -137.06935118302428 4
endloop
endfacet
facet normal 0 0 1
outer loop
vertex 268.88267938135766 -137.35074084854756 4
vertex 267.9280727206035 -137.06935118302428 4
vertex 267.8427140987668 -137.35074084854756 4
endloop
endfacet
facet normal 0 0 1
outer loop
vertex 65.27363487939428 -137.06935118302428 4
vertex 65.24481280000082 -136.7767157000001 4
vertex 64.24481279999958 -136.7767157000001 4
endloop
endfacet
facet normal 0 0 1
outer loop
vertex 65.27363487939428 -137.06935118302428 4
vertex 64.24481279999958 -136.7767157000001 4
vertex 64.27363487939458 -137.06935118302428 4
endloop
endfacet
facet normal 0 0 1
outer loop
vertex 69.21599072060545 -137.06935118302428 4
vertex 69.24481279999948 -136.7767157000001 4
vertex 68.24481280000093 -136.7767157000001 4
endloop
endfacet
facet normal 0 0 1
outer loop
vertex 69.21599072060545 -137.06935118302428 4
vertex 68.24481280000093 -136.7767157000001 4
vertex 68.21599072060577 -137.06935118302428 4
endloop
endfacet
facet normal 0 0 1
outer loop
vertex 264.98571687939494 -137.06935118302428 4
vertex 264.95689479999794 -136.7767157000001 4
vertex 263.9568948000001 -136.7767157000001 4
endloop
endfacet
facet normal 0 0 1
outer loop
vertex 264.98571687939494 -137.06935118302428 4
vertex 263.9568948000001 -136.7767157000001 4
vertex 263.98571687939454 -137.06935118302428 4
endloop
endfacet
facet normal 0 0 1
outer loop
vertex 268.9280727206055 -137.06935118302428 4
vertex 268.95689480000044 -136.7767157000001 4
vertex 267.9568947999986 -136.7767157000001 4
endloop
endfacet
facet normal 0 0 1
outer loop
vertex 268.9280727206055 -137.06935118302428 4
vertex 267.9568947999986 -136.7767157000001 4
vertex 267.9280727206035 -137.06935118302428 4
endloop
endfacet
facet normal 0 0 1
outer loop
vertex 65.24481280000082 -136.7767157000001 4
vertex 65.27363487939493 -136.48408021697577 4
vertex 64.27363487939664 -136.48408021697577 4
endloop
endfacet
facet normal 0 0 1
outer loop
vertex 65.24481280000082 -136.7767157000001 4
vertex 64.27363487939664 -136.48408021697577 4
vertex 64.24481279999958 -136.7767157000001 4
endloop
endfacet
facet normal 0 0 1
outer loop
vertex 69.24481279999948 -136.7767157000001 4
vertex 69.21599072060339 -136.48408021697577 4
vertex 68.21599072060638 -136.48408021697577 4
endloop
endfacet
facet normal 0 0 1
outer loop
vertex 69.24481279999948 -136.7767157000001 4
vertex 68.21599072060638 -136.48408021697577 4
vertex 68.24481280000093 -136.7767157000001 4
endloop
endfacet
facet normal 0 0 1
outer loop
vertex 264.95689479999794 -136.7767157000001 4
vertex 264.98571687939597 -136.48408021697577 4
vertex 263.9857168793968 -136.48408021697577 4
endloop
endfacet
facet normal 0 0 1
outer loop
vertex 264.95689479999794 -136.7767157000001 4
vertex 263.9857168793968 -136.48408021697577 4
vertex 263.9568948000001 -136.7767157000001 4
endloop
endfacet
facet normal 0 0 1
outer loop
vertex 268.95689480000044 -136.7767157000001 4
vertex 268.9280727206034 -136.48408021697577 4
vertex 267.9280727206027 -136.48408021697577 4
endloop
endfacet
facet normal 0 0 1
outer loop
vertex 268.95689480000044 -136.7767157000001 4
vertex 267.9280727206027 -136.48408021697577 4
vertex 267.9568947999986 -136.7767157000001 4
endloop
endfacet
facet normal 0 0 1
outer loop
vertex 65.27363487939493 -136.48408021697577 4
vertex 65.35899350123286 -136.2026905514523 4
vertex 64.31902821864993 -136.2026905514523 4
endloop
endfacet
facet normal 0 0 1
outer loop
vertex 65.27363487939493 -136.48408021697577 4
vertex 64.31902821864993 -136.2026905514523 4
vertex 64.2928495989922 -136.2889898949598 4
endloop
endfacet
facet normal 0 0 1
outer loop
vertex 65.27363487939493 -136.48408021697577 4
vertex 64.2928495989922 -136.2889898949598 4
vertex 64.27363487939664 -136.48408021697577 4
endloop
endfacet
facet normal 0 0 1
outer loop
vertex 69.21599072060339 -136.48408021697577 4
vertex 69.19677600100857 -136.2889898949598 4
vertex 69.17059738135008 -136.2026905514523 4
endloop
endfacet
facet normal 0 0 1
outer loop
vertex 69.21599072060339 -136.48408021697577 4
vertex 69.17059738135008 -136.2026905514523 4
vertex 68.13063209876807 -136.2026905514523 4
endloop
endfacet
facet normal 0 0 1
outer loop
vertex 69.21599072060339 -136.48408021697577 4
vertex 68.13063209876807 -136.2026905514523 4
vertex 68.21599072060638 -136.48408021697577 4
endloop
endfacet
facet normal 0 0 1
outer loop
vertex 264.98571687939597 -136.48408021697577 4
vertex 265.07107550123305 -136.2026905514523 4
vertex 264.0311102186501 -136.2026905514523 4
endloop
endfacet
facet normal 0 0 1
outer loop
vertex 264.98571687939597 -136.48408021697577 4
vertex 264.0311102186501 -136.2026905514523 4
vertex 264.00493159899304 -136.2889898949598 4
endloop
endfacet
facet normal 0 0 1
outer loop
vertex 264.98571687939597 -136.48408021697577 4
vertex 264.00493159899304 -136.2889898949598 4
vertex 263.9857168793968 -136.48408021697577 4
endloop
endfacet
facet normal 0 0 1
outer loop
vertex 268.9280727206034 -136.48408021697577 4
vertex 268.90885800100733 -136.2889898949598 4
vertex 268.8826793813501 -136.2026905514523 4
endloop
endfacet
facet normal 0 0 1
outer loop
vertex 268.9280727206034 -136.48408021697577 4
vertex 268.8826793813501 -136.2026905514523 4
vertex 267.8427140987677 -136.2026905514523 4
endloop
endfacet
facet normal 0 0 1
outer loop
vertex 268.9280727206034 -136.48408021697577 4
vertex 267.8427140987677 -136.2026905514523 4
vertex 267.9280727206027 -136.48408021697577 4
endloop
endfacet
facet normal 0 0 1
outer loop
vertex 65.35899350123286 -136.2026905514523 4
vertex 65.49760838154624 -135.94336035047064 4
vertex 64.39769517505955 -135.94336035047064 4
endloop
endfacet
facet normal 0 0 1
outer loop
vertex 65.35899350123286 -136.2026905514523 4
vertex 64.39769517505955 -135.94336035047064 4
vertex 64.31902821864993 -136.2026905514523 4
endloop
endfacet
facet normal 0 0 1
outer loop
vertex 69.17059738135008 -136.2026905514523 4
vertex 69.09193042494044 -135.94336035047064 4
vertex 67.99201721845267 -135.94336035047064 4
endloop
endfacet
facet normal 0 0 1
outer loop
vertex 69.17059738135008 -136.2026905514523 4
vertex 67.99201721845267 -135.94336035047064 4
vertex 68.13063209876807 -136.2026905514523 4
endloop
endfacet
facet normal 0 0 1
outer loop
vertex 265.07107550123305 -136.2026905514523 4
vertex 265.2096903815484 -135.94336035047064 4
vertex 264.10977717506023 -135.94336035047064 4
endloop
endfacet
facet normal 0 0 1
outer loop
vertex 265.07107550123305 -136.2026905514523 4
vertex 264.10977717506023 -135.94336035047064 4
vertex 264.0311102186501 -136.2026905514523 4
endloop
endfacet
facet normal 0 0 1
outer loop
vertex 268.8826793813501 -136.2026905514523 4
vertex 268.80401242494054 -135.94336035047064 4
vertex 267.70409921845896 -135.94336035047064 4
endloop
endfacet
facet normal 0 0 1
outer loop
vertex 268.8826793813501 -136.2026905514523 4
vertex 267.70409921845896 -135.94336035047064 4
vertex 267.8427140987677 -136.2026905514523 4
endloop
endfacet
facet normal 0 0 1
outer loop
vertex 224.12410639999996 -168.25797610000004 4
vertex 289.1051498999994 -137.02448920000032 4
vertex 289.38706148168956 -136.859379873008 4
endloop
endfacet
facet normal 0 0 1
outer loop
vertex 224.12410639999996 -168.25797610000004 4
vertex 289.38706148168956 -136.859379873008 4
vertex 289.6383310333525 -136.65057651537904 4
endloop
endfacet
facet normal 0 0 1
outer loop
vertex 224.12410639999996 -168.25797610000004 4
vertex 289.6383310333525 -136.65057651537904 4
vertex 289.85225372665803 -136.40365079569992 4
endloop
endfacet
facet normal 0 0 1
outer loop
vertex 224.12410639999996 -168.25797610000004 4
vertex 289.85225372665803 -136.40365079569992 4
vertex 290.02312128965133 -136.12519163232602 4
endloop
endfacet
facet normal 0 0 1
outer loop
vertex 224.12410639999996 -168.25797610000004 4
vertex 290.02312128965133 -136.12519163232602 4
vertex 290.140377221663 -135.83735109996655 4
endloop
endfacet
facet normal 0 0 1
outer loop
vertex 224.12410639999996 -168.25797610000004 4
vertex 290.140377221663 -135.83735109996655 4
vertex 286.5656820000603 -135.83735109996655 4
endloop
endfacet
facet normal 0 0 1
outer loop
vertex 224.12410639999996 -168.25797610000004 4
vertex 286.5656820000603 -135.83735109996655 4
vertex 221.2829674000324 -168.0158207999829 4
endloop
endfacet
facet normal 0 0 1
outer loop
vertex 224.12410639999996 -168.25797610000004 4
vertex 221.2829674000324 -168.0158207999829 4
vertex 221.07110994835858 -168.1368418736993 4
endloop
endfacet
facet normal 0 0 1
outer loop
vertex 224.12410639999996 -168.25797610000004 4
vertex 221.07110994835858 -168.1368418736993 4
vertex 220.90877096625798 -168.25797610000004 4
endloop
endfacet
facet normal 0 0 1
outer loop
vertex 112.2929508627079 -168.25798384999996 4
vertex 112.13059665932822 -168.13683559253118 4
vertex 111.91873649998092 -168.01581574999256 4
endloop
endfacet
facet normal 0 0 1
outer loop
vertex 112.2929508627079 -168.25798384999996 4
vertex 111.91873649998092 -168.01581574999256 4
vertex 46.63603160000275 -135.8373455000013 4
endloop
endfacet
facet normal 0 0 1
outer loop
vertex 112.2929508627079 -168.25798384999996 4
vertex 46.63603160000275 -135.8373455000013 4
vertex 43.06132981759637 -135.8373455000013 4
endloop
endfacet
facet normal 0 0 1
outer loop
vertex 112.2929508627079 -168.25798384999996 4
vertex 43.06132981759637 -135.8373455000013 4
vertex 43.17858911034861 -136.12519428232594 4
endloop
endfacet
facet normal 0 0 1
outer loop
vertex 112.2929508627079 -168.25798384999996 4
vertex 43.17858911034861 -136.12519428232594 4
vertex 43.349456673341905 -136.40365344569983 4
endloop
endfacet
facet normal 0 0 1
outer loop
vertex 112.2929508627079 -168.25798384999996 4
vertex 43.349456673341905 -136.40365344569983 4
vertex 43.56337936664764 -136.65057916537916 4
endloop
endfacet
facet normal 0 0 1
outer loop
vertex 112.2929508627079 -168.25798384999996 4
vertex 43.56337936664764 -136.65057916537916 4
vertex 43.814648918310795 -136.85938252300826 4
endloop
endfacet
facet normal 0 0 1
outer loop
vertex 112.2929508627079 -168.25798384999996 4
vertex 43.814648918310795 -136.85938252300826 4
vertex 44.09656099999984 -137.02449369999988 4
endloop
endfacet
facet normal 0 0 1
outer loop
vertex 112.2929508627079 -168.25798384999996 4
vertex 44.09656099999984 -137.02449369999988 4
vertex 109.07760064999998 -168.25798384999996 4
endloop
endfacet
facet normal 0 0 1
outer loop
vertex 65.49760838154624 -135.94336035047064 4
vertex 65.68415262821922 -135.71605552821902 4
vertex 64.49067725164942 -135.71605552821902 4
endloop
endfacet
facet normal 0 0 1
outer loop
vertex 65.49760838154624 -135.94336035047064 4
vertex 64.49067725164942 -135.71605552821902 4
vertex 64.43511396872186 -135.82000711908734 4
endloop
endfacet
facet normal 0 0 1
outer loop
vertex 65.49760838154624 -135.94336035047064 4
vertex 64.43511396872186 -135.82000711908734 4
vertex 64.39769517505955 -135.94336035047064 4
endloop
endfacet
facet normal 0 0 1
outer loop
vertex 69.09193042494044 -135.94336035047064 4
vertex 69.05451163127641 -135.82000711908734 4
vertex 68.9989483483506 -135.71605552821902 4
endloop
endfacet
facet normal 0 0 1
outer loop
vertex 69.09193042494044 -135.94336035047064 4
vertex 68.9989483483506 -135.71605552821902 4
vertex 67.8054729717798 -135.71605552821902 4
endloop
endfacet
facet normal 0 0 1
outer loop
vertex 69.09193042494044 -135.94336035047064 4
vertex 67.8054729717798 -135.71605552821902 4
vertex 67.99201721845267 -135.94336035047064 4
endloop
endfacet
facet normal 0 0 1
outer loop
vertex 265.2096903815484 -135.94336035047064 4
vertex 265.3962346282186 -135.71605552821902 4
vertex 264.20275925164964 -135.71605552821902 4
endloop
endfacet
facet normal 0 0 1
outer loop
vertex 265.2096903815484 -135.94336035047064 4
vertex 264.20275925164964 -135.71605552821902 4
vertex 264.14719596872175 -135.82000711908734 4
endloop
endfacet
facet normal 0 0 1
outer loop
vertex 265.2096903815484 -135.94336035047064 4
vertex 264.14719596872175 -135.82000711908734 4
vertex 264.10977717506023 -135.94336035047064 4
endloop
endfacet
facet normal 0 0 1
outer loop
vertex 268.80401242494054 -135.94336035047064 4
vertex 268.7665936312748 -135.82000711908734 4
vertex 268.71103034835073 -135.71605552821902 4
endloop
endfacet
facet normal 0 0 1
outer loop
vertex 268.80401242494054 -135.94336035047064 4
vertex 268.71103034835073 -135.71605552821902 4
vertex 267.5175549717782 -135.71605552821902 4
endloop
endfacet
facet normal 0 0 1
outer loop
vertex 268.80401242494054 -135.94336035047064 4
vertex 267.5175549717782 -135.71605552821902 4
vertex 267.70409921845896 -135.94336035047064 4
endloop
endfacet
facet normal 0 0 1
outer loop
vertex 290.140377221663 -135.83735109996655 4
vertex 290.1463743251842 -135.82262937595198 4
vertex 290.1808678533205 -135.6707370474381 4
endloop
endfacet
facet normal 0 0 1
outer loop
vertex 290.140377221663 -135.83735109996655 4
vertex 290.1808678533205 -135.6707370474381 4
vertex 286.8441545712727 -135.6707370474381 4
endloop
endfacet
facet normal 0 0 1
outer loop
vertex 290.140377221663 -135.83735109996655 4
vertex 286.8441545712727 -135.6707370474381 4
vertex 286.5656820000603 -135.83735109996655 4
endloop
endfacet
facet normal 0 0 1
outer loop
vertex 46.63603160000275 -135.8373455000013 4
vertex 46.357560748739246 -135.67073568318813 4
vertex 43.020841635075556 -135.67073568318813 4
endloop
endfacet
facet normal 0 0 1
outer loop
vertex 46.63603160000275 -135.8373455000013 4
vertex 43.020841635075556 -135.67073568318813 4
vertex 43.05533607481581 -135.82263202595198 4
endloop
endfacet
facet normal 0 0 1
outer loop
vertex 46.63603160000275 -135.8373455000013 4
vertex 43.05533607481581 -135.82263202595198 4
vertex 43.06132981759637 -135.8373455000013 4
endloop
endfacet
facet normal 0 0 1
outer loop
vertex 65.68415262821922 -135.71605552821902 4
vertex 65.91145745047149 -135.52951128154785 4
vertex 64.59038722883655 -135.52951128154785 4
endloop
endfacet
facet normal 0 0 1
outer loop
vertex 65.68415262821922 -135.71605552821902 4
vertex 64.59038722883655 -135.52951128154785 4
vertex 64.49067725164942 -135.71605552821902 4
endloop
endfacet
facet normal 0 0 1
outer loop
vertex 68.9989483483506 -135.71605552821902 4
vertex 68.89923837116342 -135.52951128154785 4
vertex 67.57816814952994 -135.52951128154785 4
endloop
endfacet
facet normal 0 0 1
outer loop
vertex 68.9989483483506 -135.71605552821902 4
vertex 67.57816814952994 -135.52951128154785 4
vertex 67.8054729717798 -135.71605552821902 4
endloop
endfacet
facet normal 0 0 1
outer loop
vertex 265.3962346282186 -135.71605552821902 4
vertex 265.6235394504707 -135.52951128154785 4
vertex 264.3024692288372 -135.52951128154785 4
endloop
endfacet
facet normal 0 0 1
outer loop
vertex 265.3962346282186 -135.71605552821902 4
vertex 264.3024692288372 -135.52951128154785 4
vertex 264.20275925164964 -135.71605552821902 4
endloop
endfacet
facet normal 0 0 1
outer loop
vertex 268.71103034835073 -135.71605552821902 4
vertex 268.6113203711635 -135.52951128154785 4
vertex 267.2902501495311 -135.52951128154785 4
endloop
endfacet
facet normal 0 0 1
outer loop
vertex 268.71103034835073 -135.71605552821902 4
vertex 267.2902501495311 -135.52951128154785 4
vertex 267.5175549717782 -135.71605552821902 4
endloop
endfacet
facet normal 0 0 1
outer loop
vertex 46.357560748739246 -135.67073568318813 4
vertex 46.109696084156184 -135.46128147180644 4
vertex 42.98042765816891 -135.46128147180644 4
endloop
endfacet
facet normal 0 0 1
outer loop
vertex 46.357560748739246 -135.67073568318813 4
vertex 42.98042765816891 -135.46128147180644 4
vertex 42.982986427009706 -135.5040401895647 4
endloop
endfacet
facet normal 0 0 1
outer loop
vertex 46.357560748739246 -135.67073568318813 4
vertex 42.982986427009706 -135.5040401895647 4
vertex 43.020841635075556 -135.67073568318813 4
endloop
endfacet
facet normal 0 0 1
outer loop
vertex 290.1808678533205 -135.6707370474381 4
vertex 290.2187239729903 -135.50403753956465 4
vertex 290.22128258324966 -135.46128147180644 4
endloop
endfacet
facet normal 0 0 1
outer loop
vertex 290.1808678533205 -135.6707370474381 4
vertex 290.22128258324966 -135.46128147180644 4
vertex 287.0920165837879 -135.46128147180644 4
endloop
endfacet
facet normal 0 0 1
outer loop
vertex 290.1808678533205 -135.6707370474381 4
vertex 287.0920165837879 -135.46128147180644 4
vertex 286.8441545712727 -135.6707370474381 4
endloop
endfacet
facet normal 0 0 1
outer loop
vertex 65.91145745047149 -135.52951128154785 4
vertex 66.17078765145247 -135.3908964012334 4
vertex 64.66447842597051 -135.3908964012334 4
endloop
endfacet
facet normal 0 0 1
outer loop
vertex 65.91145745047149 -135.52951128154785 4
vertex 64.66447842597051 -135.3908964012334 4
vertex 64.59038722883655 -135.52951128154785 4
endloop
endfacet
facet normal 0 0 1
outer loop
vertex 68.89923837116342 -135.52951128154785 4
vertex 68.82514717402951 -135.3908964012334 4
vertex 67.3188379485484 -135.3908964012334 4
endloop
endfacet
facet normal 0 0 1
outer loop
vertex 68.89923837116342 -135.52951128154785 4
vertex 67.3188379485484 -135.3908964012334 4
vertex 67.57816814952994 -135.52951128154785 4
endloop
endfacet
facet normal 0 0 1
outer loop
vertex 265.6235394504707 -135.52951128154785 4
vertex 265.8828696514518 -135.3908964012334 4
vertex 264.37656042597035 -135.3908964012334 4
endloop
endfacet
facet normal 0 0 1
outer loop
vertex 265.6235394504707 -135.52951128154785 4
vertex 264.37656042597035 -135.3908964012334 4
vertex 264.3024692288372 -135.52951128154785 4
endloop
endfacet
facet normal 0 0 1
outer loop
vertex 268.6113203711635 -135.52951128154785 4
vertex 268.53722917402956 -135.3908964012334 4
vertex 267.03091994854776 -135.3908964012334 4
endloop
endfacet
facet normal 0 0 1
outer loop
vertex 268.6113203711635 -135.52951128154785 4
vertex 267.03091994854776 -135.3908964012334 4
vertex 267.2902501495311 -135.52951128154785 4
endloop
endfacet
facet normal 0 0 1
outer loop
vertex 66.17078765145247 -135.3908964012334 4
vertex 66.4521773169757 -135.30553777939414 4
vertex 64.73364151858014 -135.30553777939414 4
endloop
endfacet
facet normal 0 0 1
outer loop
vertex 66.17078765145247 -135.3908964012334 4
vertex 64.73364151858014 -135.30553777939414 4
vertex 64.66613876924318 -135.3877901174506 4
endloop
endfacet
facet normal 0 0 1
outer loop
vertex 66.17078765145247 -135.3908964012334 4
vertex 64.66613876924318 -135.3877901174506 4
vertex 64.66447842597051 -135.3908964012334 4
endloop
endfacet
facet normal 0 0 1
outer loop
vertex 68.82514717402951 -135.3908964012334 4
vertex 68.82348683075374 -135.3877901174506 4
vertex 68.75598408141984 -135.30553777939414 4
endloop
endfacet
facet normal 0 0 1
outer loop
vertex 68.82514717402951 -135.3908964012334 4
vertex 68.75598408141984 -135.30553777939414 4
vertex 67.03744828302445 -135.30553777939414 4
endloop
endfacet
facet normal 0 0 1
outer loop
vertex 68.82514717402951 -135.3908964012334 4
vertex 67.03744828302445 -135.30553777939414 4
vertex 67.3188379485484 -135.3908964012334 4
endloop
endfacet
facet normal 0 0 1
outer loop
vertex 265.8828696514518 -135.3908964012334 4
vertex 266.1642593169756 -135.30553777939414 4
vertex 264.4457235185808 -135.30553777939414 4
endloop
endfacet
facet normal 0 0 1
outer loop
vertex 265.8828696514518 -135.3908964012334 4
vertex 264.4457235185808 -135.30553777939414 4
vertex 264.3782207692434 -135.3877901174506 4
endloop
endfacet
facet normal 0 0 1
outer loop
vertex 265.8828696514518 -135.3908964012334 4
vertex 264.3782207692434 -135.3877901174506 4
vertex 264.37656042597035 -135.3908964012334 4
endloop
endfacet
facet normal 0 0 1
outer loop
vertex 268.53722917402956 -135.3908964012334 4
vertex 268.5355688307615 -135.3877901174506 4
vertex 268.46806608141986 -135.30553777939414 4
endloop
endfacet
facet normal 0 0 1
outer loop
vertex 268.53722917402956 -135.3908964012334 4
vertex 268.46806608141986 -135.30553777939414 4
vertex 266.74953028302315 -135.30553777939414 4
endloop
endfacet
facet normal 0 0 1
outer loop
vertex 268.53722917402956 -135.3908964012334 4
vertex 266.74953028302315 -135.30553777939414 4
vertex 267.03091994854776 -135.3908964012334 4
endloop
endfacet
facet normal 0 0 1
outer loop
vertex 66.4521773169757 -135.30553777939414 4
vertex 66.74481279999989 -135.27671570000138 4
vertex 64.75729518784921 -135.27671570000138 4
endloop
endfacet
facet normal 0 0 1
outer loop
vertex 66.4521773169757 -135.30553777939414 4
vertex 64.75729518784921 -135.27671570000138 4
vertex 64.73364151858014 -135.30553777939414 4
endloop
endfacet
facet normal 0 0 1
outer loop
vertex 68.75598408141984 -135.30553777939414 4
vertex 68.73233041215077 -135.27671570000138 4
vertex 66.74481279999989 -135.27671570000138 4
endloop
endfacet
facet normal 0 0 1
outer loop
vertex 68.75598408141984 -135.30553777939414 4
vertex 66.74481279999989 -135.27671570000138 4
vertex 67.03744828302445 -135.30553777939414 4
endloop
endfacet
facet normal 0 0 1
outer loop
vertex 266.1642593169756 -135.30553777939414 4
vertex 266.45689480000027 -135.27671570000138 4
vertex 264.46937718785017 -135.27671570000138 4
endloop
endfacet
facet normal 0 0 1
outer loop
vertex 266.1642593169756 -135.30553777939414 4
vertex 264.46937718785017 -135.27671570000138 4
vertex 264.4457235185808 -135.30553777939414 4
endloop
endfacet
facet normal 0 0 1
outer loop
vertex 268.46806608141986 -135.30553777939414 4
vertex 268.4444124121508 -135.27671570000138 4
vertex 266.45689480000027 -135.27671570000138 4
endloop
endfacet
facet normal 0 0 1
outer loop
vertex 268.46806608141986 -135.30553777939414 4
vertex 266.45689480000027 -135.27671570000138 4
vertex 266.74953028302315 -135.30553777939414 4
endloop
endfacet
facet normal 0 0 1
outer loop
vertex 46.109696084156184 -135.46128147180644 4
vertex 45.89896733526521 -135.21449866882617 4
vertex 42.96565967213428 -135.21449866882617 4
endloop
endfacet
facet normal 0 0 1
outer loop
vertex 46.109696084156184 -135.46128147180644 4
vertex 42.96565967213428 -135.21449866882617 4
vertex 42.98042765816891 -135.46128147180644 4
endloop
endfacet
facet normal 0 0 1
outer loop
vertex 290.22128258324966 -135.46128147180644 4
vertex 290.2360505692843 -135.21449866882617 4
vertex 287.3027426231093 -135.21449866882617 4
endloop
endfacet
facet normal 0 0 1
outer loop
vertex 290.22128258324966 -135.46128147180644 4
vertex 287.3027426231093 -135.21449866882617 4
vertex 287.0920165837879 -135.46128147180644 4
endloop
endfacet
facet normal 0 0 1
outer loop
vertex 45.89896733526521 -135.21449866882617 4
vertex 45.73092235444919 -134.9368868664353 4
vertex 42.98857125018375 -134.9368868664353 4
endloop
endfacet
facet normal 0 0 1
outer loop
vertex 45.89896733526521 -135.21449866882617 4
vertex 42.98857125018375 -134.9368868664353 4
vertex 42.96347073100061 -135.17792001637778 4
endloop
endfacet
facet normal 0 0 1
outer loop
vertex 45.89896733526521 -135.21449866882617 4
vertex 42.96347073100061 -135.17792001637778 4
vertex 42.96565967213428 -135.21449866882617 4
endloop
endfacet
facet normal 0 0 1
outer loop
vertex 290.2360505692843 -135.21449866882617 4
vertex 290.23823966899937 -135.17791736637776 4
vertex 290.21313942577984 -134.9368868664353 4
endloop
endfacet
facet normal 0 0 1
outer loop
vertex 290.2360505692843 -135.21449866882617 4
vertex 290.21313942577984 -134.9368868664353 4
vertex 287.4707842042816 -134.9368868664353 4
endloop
endfacet
facet normal 0 0 1
outer loop
vertex 290.2360505692843 -135.21449866882617 4
vertex 287.4707842042816 -134.9368868664353 4
vertex 287.3027426231093 -135.21449866882617 4
endloop
endfacet
facet normal 0 0 1
outer loop
vertex 45.73092235444919 -134.9368868664353 4
vertex 45.60998525909483 -134.6357520893097 4
vertex 43.056795954061386 -134.6357520893097 4
endloop
endfacet
facet normal 0 0 1
outer loop
vertex 45.73092235444919 -134.9368868664353 4
vertex 43.056795954061386 -134.6357520893097 4
vertex 42.99730973986283 -134.85297363429382 4
endloop
endfacet
facet normal 0 0 1
outer loop
vertex 45.73092235444919 -134.9368868664353 4
vertex 42.99730973986283 -134.85297363429382 4
vertex 42.98857125018375 -134.9368868664353 4
endloop
endfacet
facet normal 0 0 1
outer loop
vertex 290.21313942577984 -134.9368868664353 4
vertex 290.20440066013714 -134.8529709842938 4
vertex 290.1449152537314 -134.6357520893097 4
endloop
endfacet
facet normal 0 0 1
outer loop
vertex 290.21313942577984 -134.9368868664353 4
vertex 290.1449152537314 -134.6357520893097 4
vertex 287.5917195420612 -134.6357520893097 4
endloop
endfacet
facet normal 0 0 1
outer loop
vertex 290.21313942577984 -134.9368868664353 4
vertex 287.5917195420612 -134.6357520893097 4
vertex 287.4707842042816 -134.9368868664353 4
endloop
endfacet
facet normal 0 0 1
outer loop
vertex 45.60998525909483 -134.6357520893097 4
vertex 45.53933995822686 -134.31902322033866 4
vertex 43.16325487244377 -134.31902322033866 4
endloop
endfacet
facet normal 0 0 1
outer loop
vertex 45.60998525909483 -134.6357520893097 4
vertex 43.16325487244377 -134.31902322033866 4
vertex 43.08360050000002 -134.53787184999993 4
endloop
endfacet
facet normal 0 0 1
outer loop
vertex 45.60998525909483 -134.6357520893097 4
vertex 43.08360050000002 -134.53787184999993 4
vertex 43.056795954061386 -134.6357520893097 4
endloop
endfacet
facet normal 0 0 1
outer loop
vertex 290.1449152537314 -134.6357520893097 4
vertex 290.1181098000002 -134.53786840000058 4
vertex 290.03845665428946 -134.31902322033866 4
endloop
endfacet
facet normal 0 0 1
outer loop
vertex 290.1449152537314 -134.6357520893097 4
vertex 290.03845665428946 -134.31902322033866 4
vertex 287.66236266686866 -134.31902322033866 4
endloop
endfacet
facet normal 0 0 1
outer loop
vertex 290.1449152537314 -134.6357520893097 4
vertex 287.66236266686866 -134.31902322033866 4
vertex 287.5917195420612 -134.6357520893097 4
endloop
endfacet
facet normal 0 0 1
outer loop
vertex 66.74481279999989 -135.27671570000138 4
vertex 68.73233041215077 -135.27671570000138 4
vertex 68.51257975296843 -135.00894874703198 4
endloop
endfacet
facet normal 0 0 1
outer loop
vertex 66.74481279999989 -135.27671570000138 4
vertex 68.51257975296843 -135.00894874703198 4
vertex 68.13373838254832 -134.69804166924456 4
endloop
endfacet
facet normal 0 0 1
outer loop
vertex 66.74481279999989 -135.27671570000138 4
vertex 68.13373838254832 -134.69804166924456 4
vertex 67.70152138091285 -134.4670168687216 4
endloop
endfacet
facet normal 0 0 1
outer loop
vertex 66.74481279999989 -135.27671570000138 4
vertex 67.70152138091285 -134.4670168687216 4
vertex 67.23253860504033 -134.32475249899204 4
endloop
endfacet
facet normal 0 0 1
outer loop
vertex 66.74481279999989 -135.27671570000138 4
vertex 67.23253860504033 -134.32475249899204 4
vertex 66.74481279999995 -134.2767157000008 4
endloop
endfacet
facet normal 0 0 1
outer loop
vertex 66.74481279999989 -135.27671570000138 4
vertex 66.74481279999995 -134.2767157000008 4
vertex 66.25708699495962 -134.32475249899204 4
endloop
endfacet
facet normal 0 0 1
outer loop
vertex 66.74481279999989 -135.27671570000138 4
vertex 66.25708699495962 -134.32475249899204 4
vertex 65.78810421908736 -134.4670168687216 4
endloop
endfacet
facet normal 0 0 1
outer loop
vertex 66.74481279999989 -135.27671570000138 4
vertex 65.78810421908736 -134.4670168687216 4
vertex 65.35588721745101 -134.69804166924456 4
endloop
endfacet
facet normal 0 0 1
outer loop
vertex 66.74481279999989 -135.27671570000138 4
vertex 65.35588721745101 -134.69804166924456 4
vertex 64.9770458470335 -135.00894874703198 4
endloop
endfacet
facet normal 0 0 1
outer loop
vertex 66.74481279999989 -135.27671570000138 4
vertex 64.9770458470335 -135.00894874703198 4
vertex 64.75729518784921 -135.27671570000138 4
endloop
endfacet
facet normal 0 0 1
outer loop
vertex 266.45689480000027 -135.27671570000138 4
vertex 268.4444124121508 -135.27671570000138 4
vertex 268.22466175296137 -135.00894874703198 4
endloop
endfacet
facet normal 0 0 1
outer loop
vertex 266.45689480000027 -135.27671570000138 4
vertex 268.22466175296137 -135.00894874703198 4
vertex 267.8458203825502 -134.69804166924456 4
endloop
endfacet
facet normal 0 0 1
outer loop
vertex 266.45689480000027 -135.27671570000138 4
vertex 267.8458203825502 -134.69804166924456 4
vertex 267.41360338091386 -134.4670168687216 4
endloop
endfacet
facet normal 0 0 1
outer loop
vertex 266.45689480000027 -135.27671570000138 4
vertex 267.41360338091386 -134.4670168687216 4
vertex 266.94462060504065 -134.32475249899204 4
endloop
endfacet
facet normal 0 0 1
outer loop
vertex 266.45689480000027 -135.27671570000138 4
vertex 266.94462060504065 -134.32475249899204 4
vertex 266.4568948 -134.2767157000008 4
endloop
endfacet
facet normal 0 0 1
outer loop
vertex 266.45689480000027 -135.27671570000138 4
vertex 266.4568948 -134.2767157000008 4
vertex 265.9691689949597 -134.32475249899204 4
endloop
endfacet
facet normal 0 0 1
outer loop
vertex 266.45689480000027 -135.27671570000138 4
vertex 265.9691689949597 -134.32475249899204 4
vertex 265.500186219088 -134.4670168687216 4
endloop
endfacet
facet normal 0 0 1
outer loop
vertex 266.45689480000027 -135.27671570000138 4
vertex 265.500186219088 -134.4670168687216 4
vertex 265.0679692174524 -134.69804166924456 4
endloop
endfacet
facet normal 0 0 1
outer loop
vertex 266.45689480000027 -135.27671570000138 4
vertex 265.0679692174524 -134.69804166924456 4
vertex 264.68912784703275 -135.00894874703198 4
endloop
endfacet
facet normal 0 0 1
outer loop
vertex 266.45689480000027 -135.27671570000138 4
vertex 264.68912784703275 -135.00894874703198 4
vertex 264.46937718785017 -135.27671570000138 4
endloop
endfacet
facet normal 0 0 1
outer loop
vertex 45.53933995822686 -134.31902322033866 4
vertex 45.520846329503 -133.99503877523776 4
vertex 43.28117554526679 -133.99503877523776 4
endloop
endfacet
facet normal 0 0 1
outer loop
vertex 45.53933995822686 -134.31902322033866 4
vertex 43.28117554526679 -133.99503877523776 4
vertex 43.16325487244377 -134.31902322033866 4
endloop
endfacet
facet normal 0 0 1
outer loop
vertex 290.03845665428946 -134.31902322033866 4
vertex 289.92053593858765 -133.99503877523776 4
vertex 287.68085429483284 -133.99503877523776 4
endloop
endfacet
facet normal 0 0 1
outer loop
vertex 290.03845665428946 -134.31902322033866 4
vertex 287.68085429483284 -133.99503877523776 4
vertex 287.66236266686866 -134.31902322033866 4
endloop
endfacet
facet normal 0 0 1
outer loop
vertex 289.92053593858765 -133.99503877523776 4
vertex 289.8030795878805 -133.6723301622435 4
vertex 287.64670777084183 -133.6723301622435 4
endloop
endfacet
facet normal 0 0 1
outer loop
vertex 289.92053593858765 -133.99503877523776 4
vertex 287.64670777084183 -133.6723301622435 4
vertex 287.68085429483284 -133.99503877523776 4
endloop
endfacet
facet normal 0 0 1
outer loop
vertex 45.520846329503 -133.99503877523776 4
vertex 45.554991254390075 -133.6723282871722 4
vertex 43.39863253573397 -133.6723282871722 4
endloop
endfacet
facet normal 0 0 1
outer loop
vertex 45.520846329503 -133.99503877523776 4
vertex 43.39863253573397 -133.6723282871722 4
vertex 43.28117554526679 -133.99503877523776 4
endloop
endfacet
facet normal 0 0 1
outer loop
vertex 289.8030795878805 -133.6723301622435 4
vertex 289.68917946387324 -133.359392200039 4
vertex 287.5608240000102 -133.359392200039 4
endloop
endfacet
facet normal 0 0 1
outer loop
vertex 289.8030795878805 -133.6723301622435 4
vertex 287.5608240000102 -133.359392200039 4
vertex 287.64670777084183 -133.6723301622435 4
endloop
endfacet
facet normal 0 0 1
outer loop
vertex 45.554991254390075 -133.6723282871722 4
vertex 45.640875799997076 -133.35938775000713 4
vertex 43.51253355553325 -133.35938775000713 4
endloop
endfacet
facet normal 0 0 1
outer loop
vertex 45.554991254390075 -133.6723282871722 4
vertex 43.51253355553325 -133.35938775000713 4
vertex 43.39863253573397 -133.6723282871722 4
endloop
endfacet
facet normal 0 0 1
outer loop
vertex 161.6412988487902 -112.99279145000081 4
vertex 161.6109121815543 -112.96240469185007 4
vertex 160.91630876340716 -112.96240469185007 4
endloop
endfacet
facet normal 0 0 1
outer loop
vertex 161.6412988487902 -112.99279145000081 4
vertex 160.91630876340716 -112.96240469185007 4
vertex 161.26360985001227 -112.99279145000081 4
endloop
endfacet
facet normal 0 0 1
outer loop
vertex 171.93809269997925 -112.992793054452 4
vertex 172.2853921182107 -112.96240611692828 4
vertex 171.5907940255434 -112.96240469185007 4
endloop
endfacet
facet normal 0 0 1
outer loop
vertex 171.93809269997925 -112.992793054452 4
vertex 171.5907940255434 -112.96240469185007 4
vertex 171.56040586797582 -112.992793054452 4
endloop
endfacet
facet normal 0 0 1
outer loop
vertex 161.6109121815543 -112.96240469185007 4
vertex 161.4109508565491 -112.67682963969757 4
vertex 160.19504575213017 -112.67682963969757 4
endloop
endfacet
facet normal 0 0 1
outer loop
vertex 161.6109121815543 -112.96240469185007 4
vertex 160.19504575213017 -112.67682963969757 4
vertex 160.2636119009179 -112.72484035521208 4
endloop
endfacet
facet normal 0 0 1
outer loop
vertex 161.6109121815543 -112.96240469185007 4
vertex 160.2636119009179 -112.72484035521208 4
vertex 160.57957085120083 -112.87217521456324 4
endloop
endfacet
facet normal 0 0 1
outer loop
vertex 161.6109121815543 -112.96240469185007 4
vertex 160.57957085120083 -112.87217521456324 4
vertex 160.91630876340716 -112.96240469185007 4
endloop
endfacet
facet normal 4.09921043372592e-9 -1.5298358260645187e-8 0.9999999999999998
outer loop
vertex 172.2853921182107 -112.96240611692828 4
vertex 172.62212876149604 -112.87217719575547 4
vertex 172.6221353487706 -112.87217531457443 4.000000000000002
endloop
endfacet
facet normal 4.09921043372592e-9 -1.5298358260645187e-8 0.9999999999999998
outer loop
vertex 172.2853921182107 -112.96240611692828 4
vertex 172.6221353487706 -112.87217531457443 4.000000000000002
vertex 172.9380942991005 -112.72484035521208 4
endloop
endfacet
facet normal 4.09921043372592e-9 -1.5298358260645187e-8 0.9999999999999998
outer loop
vertex 172.2853921182107 -112.96240611692828 4
vertex 172.9380942991005 -112.72484035521208 4
vertex 173.00666044788554 -112.67682963969757 4
endloop
endfacet
facet normal 4.09921043372592e-9 -1.5298358260645187e-8 0.9999999999999998
outer loop
vertex 172.2853921182107 -112.96240611692828 4
vertex 173.00666044788554 -112.67682963969757 4
vertex 171.79075529345081 -112.67682963969757 4
endloop
endfacet
facet normal 4.09921043372592e-9 -1.5298358260645187e-8 0.9999999999999998
outer loop
vertex 172.2853921182107 -112.96240611692828 4
vertex 171.79075529345081 -112.67682963969757 4
vertex 171.5907940255434 -112.96240469185007 4
endloop
endfacet
facet normal 0 0 1
outer loop
vertex 161.4109508565491 -112.67682963969757 4
vertex 161.26361695584748 -112.36087024233919 4
vertex 159.81402997461487 -112.36087024233919 4
endloop
endfacet
facet normal 0 0 1
outer loop
vertex 161.4109508565491 -112.67682963969757 4
vertex 159.81402997461487 -112.36087024233919 4
vertex 159.97803745547532 -112.52487822082414 4
endloop
endfacet
facet normal 0 0 1
outer loop
vertex 161.4109508565491 -112.67682963969757 4
vertex 159.97803745547532 -112.52487822082414 4
vertex 160.19504575213017 -112.67682963969757 4
endloop
endfacet
facet normal 0 0 1
outer loop
vertex 173.00666044788554 -112.67682963969757 4
vertex 173.22366874453186 -112.52487822082414 4
vertex 173.3876762253768 -112.36087024233919 4
endloop
endfacet
facet normal 0 0 1
outer loop
vertex 173.00666044788554 -112.67682963969757 4
vertex 173.3876762253768 -112.36087024233919 4
vertex 171.93808919415244 -112.36087024233919 4
endloop
endfacet
facet normal 0 0 1
outer loop
vertex 173.00666044788554 -112.67682963969757 4
vertex 171.93808919415244 -112.36087024233919 4
vertex 171.79075529345081 -112.67682963969757 4
endloop
endfacet
facet normal 0 0 1
outer loop
vertex 161.26361695584748 -112.36087024233919 4
vertex 161.1733870752268 -112.0241267379949 4
vertex 159.55350577517783 -112.0241267379949 4
endloop
endfacet
facet normal 0 0 1
outer loop
vertex 161.26361695584748 -112.36087024233919 4
vertex 159.55350577517783 -112.0241267379949 4
vertex 159.73152452444197 -112.27836454183176 4
endloop
endfacet
facet normal 0 0 1
outer loop
vertex 161.26361695584748 -112.36087024233919 4
vertex 159.73152452444197 -112.27836454183176 4
vertex 159.81402997461487 -112.36087024233919 4
endloop
endfacet
facet normal 0 0 1
outer loop
vertex 173.3876762253768 -112.36087024233919 4
vertex 173.4701816755419 -112.27836454183176 4
vertex 173.64820042483015 -112.0241267379949 4
endloop
endfacet
facet normal 0 0 1
outer loop
vertex 173.3876762253768 -112.36087024233919 4
vertex 173.64820042483015 -112.0241267379949 4
vertex 172.02831907477324 -112.0241267379949 4
endloop
endfacet
facet normal 0 0 1
outer loop
vertex 173.3876762253768 -112.36087024233919 4
vertex 172.02831907477324 -112.0241267379949 4
vertex 171.93808919415244 -112.36087024233919 4
endloop
endfacet
facet normal 0 0 1
outer loop
vertex 161.1733870752268 -112.0241267379949 4
vertex 161.14329665237076 -111.68018969135329 4
vertex 159.38579595849436 -111.68018969135329 4
endloop
endfacet
facet normal 0 0 1
outer loop
vertex 161.1733870752268 -112.0241267379949 4
vertex 159.38579595849436 -111.68018969135329 4
vertex 159.53156325655917 -111.99278948971451 4
endloop
endfacet
facet normal 0 0 1
outer loop
vertex 161.1733870752268 -112.0241267379949 4
vertex 159.53156325655917 -111.99278948971451 4
vertex 159.55350577517783 -112.0241267379949 4
endloop
endfacet
facet normal 0 0 1
outer loop
vertex 161.14329665237076 -111.68018969135329 4
vertex 161.1430027959019 -111.67683087760324 4
vertex 159.38422935584393 -111.67683087760324 4
endloop
endfacet
facet normal 0 0 1
outer loop
vertex 161.14329665237076 -111.68018969135329 4
vertex 159.38422935584393 -111.67683087760324 4
vertex 159.38579595849436 -111.68018969135329 4
endloop
endfacet
facet normal 0 0 1
outer loop
vertex 173.64820042483015 -112.0241267379949 4
vertex 173.67014294345176 -111.99278948971451 4
vertex 173.81747684414995 -111.67683087760324 4
endloop
endfacet
facet normal 0 0 1
outer loop
vertex 173.64820042483015 -112.0241267379949 4
vertex 173.81747684414995 -111.67683087760324 4
vertex 172.0587033540981 -111.67683087760324 4
endloop
endfacet
facet normal 0 0 1
outer loop
vertex 173.64820042483015 -112.0241267379949 4
vertex 172.0587033540981 -111.67683087760324 4
vertex 172.02831907477324 -112.0241267379949 4
endloop
endfacet
facet normal 0 0 1
outer loop
vertex 161.1430027959019 -111.67683087760324 4
vertex 161.17338732611452 -111.3295350391622 4
vertex 159.2930763395256 -111.3295350391622 4
endloop
endfacet
facet normal 0 0 1
outer loop
vertex 161.1430027959019 -111.67683087760324 4
vertex 159.2930763395256 -111.3295350391622 4
vertex 159.29399947522455 -111.34008658798773 4
endloop
endfacet
facet normal 0 0 1
outer loop
vertex 161.1430027959019 -111.67683087760324 4
vertex 159.29399947522455 -111.34008658798773 4
vertex 159.38422935584393 -111.67683087760324 4
endloop
endfacet
facet normal 0 0 1
outer loop
vertex 173.81747684414995 -111.67683087760324 4
vertex 173.90770672477535 -111.34008658798773 4
vertex 173.9086298604743 -111.3295350391622 4
endloop
endfacet
facet normal 0 0 1
outer loop
vertex 173.81747684414995 -111.67683087760324 4
vertex 173.9086298604743 -111.3295350391622 4
vertex 172.02831882388543 -111.3295350391622 4
endloop
endfacet
facet normal 0 0 1
outer loop
vertex 173.81747684414995 -111.67683087760324 4
vertex 172.02831882388543 -111.3295350391622 4
vertex 172.0587033540981 -111.67683087760324 4
endloop
endfacet
facet normal 0 0 1
outer loop
vertex 161.17338732611452 -111.3295350391622 4
vertex 161.26361490000005 -110.99279319999984 4
vertex 159.26361541220575 -110.99279319999984 4
endloop
endfacet
facet normal 0 0 1
outer loop
vertex 161.17338732611452 -111.3295350391622 4
vertex 159.26361541220575 -110.99279319999984 4
vertex 159.2930763395256 -111.3295350391622 4
endloop
endfacet
facet normal 0 0 1
outer loop
vertex 173.9086298604743 -111.3295350391622 4
vertex 173.9380910040981 -110.9927907276141 4
vertex 171.93808870000004 -110.9927907276141 4
endloop
endfacet
facet normal 0 0 1
outer loop
vertex 173.9086298604743 -111.3295350391622 4
vertex 171.93808870000004 -110.9927907276141 4
vertex 172.02831882388543 -111.3295350391622 4
endloop
endfacet
facet normal 0 0 1
outer loop
vertex 138.27224730504028 -110.70553420100745 4
vertex 138.7412300809131 -110.56326983127936 4
vertex 139.17344708254848 -110.33224503075536 4
endloop
endfacet
facet normal 0 0 1
outer loop
vertex 138.27224730504028 -110.70553420100745 4
vertex 139.17344708254848 -110.33224503075536 4
vertex 139.5522884529666 -110.02133795296662 4
endloop
endfacet
facet normal 0 0 1
outer loop
vertex 138.27224730504028 -110.70553420100745 4
vertex 139.5522884529666 -110.02133795296662 4
vertex 139.77203911215094 -109.7535709999997 4
endloop
endfacet
facet normal 0 0 1
outer loop
vertex 138.27224730504028 -110.70553420100745 4
vertex 139.77203911215094 -109.7535709999997 4
vertex 137.78452150000015 -109.7535709999997 4
endloop
endfacet
facet normal 0 0 1
outer loop
vertex 138.27224730504028 -110.70553420100745 4
vertex 137.78452150000015 -109.7535709999997 4
vertex 135.79700388784912 -109.7535709999997 4
endloop
endfacet
facet normal 0 0 1
outer loop
vertex 138.27224730504028 -110.70553420100745 4
vertex 135.79700388784912 -109.7535709999997 4
vertex 136.01675454703616 -110.02133795296662 4
endloop
endfacet
facet normal 0 0 1
outer loop
vertex 138.27224730504028 -110.70553420100745 4
vertex 136.01675454703616 -110.02133795296662 4
vertex 136.39559591745223 -110.33224503075536 4
endloop
endfacet
facet normal 0 0 1
outer loop
vertex 138.27224730504028 -110.70553420100745 4
vertex 136.39559591745223 -110.33224503075536 4
vertex 136.82781291908705 -110.56326983127936 4
endloop
endfacet
facet normal 0 0 1
outer loop
vertex 138.27224730504028 -110.70553420100745 4
vertex 136.82781291908705 -110.56326983127936 4
vertex 137.29679569495957 -110.70553420100745 4
endloop
endfacet
facet normal 0 0 1
outer loop
vertex 138.27224730504028 -110.70553420100745 4
vertex 137.29679569495957 -110.70553420100745 4
vertex 137.78452149999998 -110.75357100000036 4
endloop
endfacet
facet normal 0 0 1
outer loop
vertex 195.9049119050403 -110.70553420100745 4
vertex 196.37389468091334 -110.56326983127936 4
vertex 196.80611168254939 -110.33224503075536 4
endloop
endfacet
facet normal 0 0 1
outer loop
vertex 195.9049119050403 -110.70553420100745 4
vertex 196.80611168254939 -110.33224503075536 4
vertex 197.18495305296685 -110.02133795296662 4
endloop
endfacet
facet normal 0 0 1
outer loop
vertex 195.9049119050403 -110.70553420100745 4
vertex 197.18495305296685 -110.02133795296662 4
vertex 197.40470371215093 -109.7535709999997 4
endloop
endfacet
facet normal 0 0 1
outer loop
vertex 195.9049119050403 -110.70553420100745 4
vertex 197.40470371215093 -109.7535709999997 4
vertex 195.41718610000012 -109.7535709999997 4
endloop
endfacet
facet normal 0 0 1
outer loop
vertex 195.9049119050403 -110.70553420100745 4
vertex 195.41718610000012 -109.7535709999997 4
vertex 193.4296684878493 -109.7535709999997 4
endloop
endfacet
facet normal 0 0 1
outer loop
vertex 195.9049119050403 -110.70553420100745 4
vertex 193.4296684878493 -109.7535709999997 4
vertex 193.6494191470357 -110.02133795296662 4
endloop
endfacet
facet normal 0 0 1
outer loop
vertex 195.9049119050403 -110.70553420100745 4
vertex 193.6494191470357 -110.02133795296662 4
vertex 194.02826051744933 -110.33224503075536 4
endloop
endfacet
facet normal 0 0 1
outer loop
vertex 195.9049119050403 -110.70553420100745 4
vertex 194.02826051744933 -110.33224503075536 4
vertex 194.4604775190882 -110.56326983127936 4
endloop
endfacet
facet normal 0 0 1
outer loop
vertex 195.9049119050403 -110.70553420100745 4
vertex 194.4604775190882 -110.56326983127936 4
vertex 194.9294602949597 -110.70553420100745 4
endloop
endfacet
facet normal 0 0 1
outer loop
vertex 195.9049119050403 -110.70553420100745 4
vertex 194.9294602949597 -110.70553420100745 4
vertex 195.41718609999992 -110.75357100000036 4
endloop
endfacet
facet normal 0 0 1
outer loop
vertex 137.78452150000015 -109.7535709999997 4
vertex 137.4918860169757 -109.72474892060526 4
vertex 135.7733502185803 -109.72474892060526 4
endloop
endfacet
facet normal 0 0 1
outer loop
vertex 137.78452150000015 -109.7535709999997 4
vertex 135.7733502185803 -109.72474892060526 4
vertex 135.79700388784912 -109.7535709999997 4
endloop
endfacet
facet normal 0 0 1
outer loop
vertex 139.77203911215094 -109.7535709999997 4
vertex 139.79569278141972 -109.72474892060526 4
vertex 138.07715698302428 -109.72474892060526 4
endloop
endfacet
facet normal 0 0 1
outer loop
vertex 139.77203911215094 -109.7535709999997 4
vertex 138.07715698302428 -109.72474892060526 4
vertex 137.78452150000015 -109.7535709999997 4
endloop
endfacet
facet normal 0 0 1
outer loop
vertex 195.41718610000012 -109.7535709999997 4
vertex 195.12455061697568 -109.72474892060526 4
vertex 193.40601481858053 -109.72474892060526 4
endloop
endfacet
facet normal 0 0 1
outer loop
vertex 195.41718610000012 -109.7535709999997 4
vertex 193.40601481858053 -109.72474892060526 4
vertex 193.4296684878493 -109.7535709999997 4
endloop
endfacet
facet normal 0 0 1
outer loop
vertex 197.40470371215093 -109.7535709999997 4
vertex 197.4283573814197 -109.72474892060526 4
vertex 195.70982158302434 -109.72474892060526 4
endloop
endfacet
facet normal 0 0 1
outer loop
vertex 197.40470371215093 -109.7535709999997 4
vertex 195.70982158302434 -109.72474892060526 4
vertex 195.41718610000012 -109.7535709999997 4
endloop
endfacet
facet normal 0 0 1
outer loop
vertex 137.4918860169757 -109.72474892060526 4
vertex 137.21049635145187 -109.6393902987679 4
vertex 135.70418712597032 -109.6393902987679 4
endloop
endfacet
facet normal 0 0 1
outer loop
vertex 137.4918860169757 -109.72474892060526 4
vertex 135.70418712597032 -109.6393902987679 4
vertex 135.70584746924249 -109.64249658254964 4
endloop
endfacet
facet normal 0 0 1
outer loop
vertex 137.4918860169757 -109.72474892060526 4
vertex 135.70584746924249 -109.64249658254964 4
vertex 135.7733502185803 -109.72474892060526 4
endloop
endfacet
facet normal 0 0 1
outer loop
vertex 139.79569278141972 -109.72474892060526 4
vertex 139.86319553075646 -109.64249658254964 4
vertex 139.86485587402964 -109.6393902987679 4
endloop
endfacet
facet normal 0 0 1
outer loop
vertex 139.79569278141972 -109.72474892060526 4
vertex 139.86485587402964 -109.6393902987679 4
vertex 138.35854664854756 -109.6393902987679 4
endloop
endfacet
facet normal 0 0 1
outer loop
vertex 139.79569278141972 -109.72474892060526 4
vertex 138.35854664854756 -109.6393902987679 4
vertex 138.07715698302428 -109.72474892060526 4
endloop
endfacet
facet normal 0 0 1
outer loop
vertex 195.12455061697568 -109.72474892060526 4
vertex 194.84316095145414 -109.6393902987679 4
vertex 193.33685172597026 -109.6393902987679 4
endloop
endfacet
facet normal 0 0 1
outer loop
vertex 195.12455061697568 -109.72474892060526 4
vertex 193.33685172597026 -109.6393902987679 4
vertex 193.33851206924533 -109.64249658254964 4
endloop
endfacet
facet normal 0 0 1
outer loop
vertex 195.12455061697568 -109.72474892060526 4
vertex 193.33851206924533 -109.64249658254964 4
vertex 193.40601481858053 -109.72474892060526 4
endloop
endfacet
facet normal 0 0 1
outer loop
vertex 197.4283573814197 -109.72474892060526 4
vertex 197.49586013075614 -109.64249658254964 4
vertex 197.49752047402959 -109.6393902987679 4
endloop
endfacet
facet normal 0 0 1
outer loop
vertex 197.4283573814197 -109.72474892060526 4
vertex 197.49752047402959 -109.6393902987679 4
vertex 195.99121124854756 -109.6393902987679 4
endloop
endfacet
facet normal 0 0 1
outer loop
vertex 197.4283573814197 -109.72474892060526 4
vertex 195.99121124854756 -109.6393902987679 4
vertex 195.70982158302434 -109.72474892060526 4
endloop
endfacet
facet normal 0 0 1
outer loop
vertex 137.21049635145187 -109.6393902987679 4
vertex 136.9511661504699 -109.50077541845471 4
vertex 135.6300959288353 -109.50077541845471 4
endloop
endfacet
facet normal 0 0 1
outer loop
vertex 137.21049635145187 -109.6393902987679 4
vertex 135.6300959288353 -109.50077541845471 4
vertex 135.70418712597032 -109.6393902987679 4
endloop
endfacet
facet normal 0 0 1
outer loop
vertex 139.86485587402964 -109.6393902987679 4
vertex 139.9389470711647 -109.50077541845471 4
vertex 138.6178768495297 -109.50077541845471 4
endloop
endfacet
facet normal 0 0 1
outer loop
vertex 139.86485587402964 -109.6393902987679 4
vertex 138.6178768495297 -109.50077541845471 4
vertex 138.35854664854756 -109.6393902987679 4
endloop
endfacet
facet normal 0 0 1
outer loop
vertex 194.84316095145414 -109.6393902987679 4
vertex 194.58383075047203 -109.50077541845471 4
vertex 193.26276052883514 -109.50077541845471 4
endloop
endfacet
facet normal 0 0 1
outer loop
vertex 194.84316095145414 -109.6393902987679 4
vertex 193.26276052883514 -109.50077541845471 4
vertex 193.33685172597026 -109.6393902987679 4
endloop
endfacet
facet normal 0 0 1
outer loop
vertex 197.49752047402959 -109.6393902987679 4
vertex 197.57161167116467 -109.50077541845471 4
vertex 196.25054144953054 -109.50077541845471 4
endloop
endfacet
facet normal 0 0 1
outer loop
vertex 197.49752047402959 -109.6393902987679 4
vertex 196.25054144953054 -109.50077541845471 4
vertex 195.99121124854756 -109.6393902987679 4
endloop
endfacet
facet normal 0 0 1
outer loop
vertex 136.9511661504699 -109.50077541845471 4
vertex 136.72386132821794 -109.31423117178166 4
vertex 135.53038595163738 -109.31423117178166 4
endloop
endfacet
facet normal 0 0 1
outer loop
vertex 136.9511661504699 -109.50077541845471 4
vertex 135.53038595163738 -109.31423117178166 4
vertex 135.6300959288353 -109.50077541845471 4
endloop
endfacet
facet normal 0 0 1
outer loop
vertex 139.9389470711647 -109.50077541845471 4
vertex 140.03865704836267 -109.31423117178166 4
vertex 138.8451816717793 -109.31423117178166 4
endloop
endfacet
facet normal 0 0 1
outer loop
vertex 139.9389470711647 -109.50077541845471 4
vertex 138.8451816717793 -109.31423117178166 4
vertex 138.6178768495297 -109.50077541845471 4
endloop
endfacet
facet normal 0 0 1
outer loop
vertex 194.58383075047203 -109.50077541845471 4
vertex 194.35652592821634 -109.31423117178166 4
vertex 193.16305055163713 -109.31423117178166 4
endloop
endfacet
facet normal 0 0 1
outer loop
vertex 194.58383075047203 -109.50077541845471 4
vertex 193.16305055163713 -109.31423117178166 4
vertex 193.26276052883514 -109.50077541845471 4
endloop
endfacet
facet normal 0 0 1
outer loop
vertex 197.57161167116467 -109.50077541845471 4
vertex 197.6713216483627 -109.31423117178166 4
vertex 196.47784627177896 -109.31423117178166 4
endloop
endfacet
facet normal 0 0 1
outer loop
vertex 197.57161167116467 -109.50077541845471 4
vertex 196.47784627177896 -109.31423117178166 4
vertex 196.25054144953054 -109.50077541845471 4
endloop
endfacet
facet normal 0 0 1
outer loop
vertex 136.72386132821794 -109.31423117178166 4
vertex 136.53731708154635 -109.08692634952932 4
vertex 135.43740387507358 -109.08692634952932 4
endloop
endfacet
facet normal 0 0 1
outer loop
vertex 136.72386132821794 -109.31423117178166 4
vertex 135.43740387507358 -109.08692634952932 4
vertex 135.47482266871998 -109.21027958091328 4
endloop
endfacet
facet normal 0 0 1
outer loop
vertex 136.72386132821794 -109.31423117178166 4
vertex 135.47482266871998 -109.21027958091328 4
vertex 135.53038595163738 -109.31423117178166 4
endloop
endfacet
facet normal 0 0 1
outer loop
vertex 140.03865704836267 -109.31423117178166 4
vertex 140.09422033127825 -109.21027958091328 4
vertex 140.13163912492638 -109.08692634952932 4
endloop
endfacet
facet normal 0 0 1
outer loop
vertex 140.03865704836267 -109.31423117178166 4
vertex 140.13163912492638 -109.08692634952932 4
vertex 139.03172591845373 -109.08692634952932 4
endloop
endfacet
facet normal 0 0 1
outer loop
vertex 140.03865704836267 -109.31423117178166 4
vertex 139.03172591845373 -109.08692634952932 4
vertex 138.8451816717793 -109.31423117178166 4
endloop
endfacet
facet normal 0 0 1
outer loop
vertex 194.35652592821634 -109.31423117178166 4
vertex 194.1699816815477 -109.08692634952932 4
vertex 193.07006847507364 -109.08692634952932 4
endloop
endfacet
facet normal 0 0 1
outer loop
vertex 194.35652592821634 -109.31423117178166 4
vertex 193.07006847507364 -109.08692634952932 4
vertex 193.1074872687221 -109.21027958091328 4
endloop
endfacet
facet normal 0 0 1
outer loop
vertex 194.35652592821634 -109.31423117178166 4
vertex 193.1074872687221 -109.21027958091328 4
vertex 193.16305055163713 -109.31423117178166 4
endloop
endfacet
facet normal 0 0 1
outer loop
vertex 197.6713216483627 -109.31423117178166 4
vertex 197.72688493127808 -109.21027958091328 4
vertex 197.7643037249264 -109.08692634952932 4
endloop
endfacet
facet normal 0 0 1
outer loop
vertex 197.6713216483627 -109.31423117178166 4
vertex 197.7643037249264 -109.08692634952932 4
vertex 196.66439051845387 -109.08692634952932 4
endloop
endfacet
facet normal 0 0 1
outer loop
vertex 197.6713216483627 -109.31423117178166 4
vertex 196.66439051845387 -109.08692634952932 4
vertex 196.47784627177896 -109.31423117178166 4
endloop
endfacet
facet normal 0 0 1
outer loop
vertex 136.53731708154635 -109.08692634952932 4
vertex 136.39870220123387 -108.82759614854737 4
vertex 135.35873691864325 -108.82759614854737 4
endloop
endfacet
facet normal 0 0 1
outer loop
vertex 136.53731708154635 -109.08692634952932 4
vertex 135.35873691864325 -108.82759614854737 4
vertex 135.43740387507358 -109.08692634952932 4
endloop
endfacet
facet normal 0 0 1
outer loop
vertex 140.13163912492638 -109.08692634952932 4
vertex 140.21030608135675 -108.82759614854737 4
vertex 139.17034079876683 -108.82759614854737 4
endloop
endfacet
facet normal 0 0 1
outer loop
vertex 140.13163912492638 -109.08692634952932 4
vertex 139.17034079876683 -108.82759614854737 4
vertex 139.03172591845373 -109.08692634952932 4
endloop
endfacet
facet normal 0 0 1
outer loop
vertex 194.1699816815477 -109.08692634952932 4
vertex 194.0313668012314 -108.82759614854737 4
vertex 192.99140151864333 -108.82759614854737 4
endloop
endfacet
facet normal 0 0 1
outer loop
vertex 194.1699816815477 -109.08692634952932 4
vertex 192.99140151864333 -108.82759614854737 4
vertex 193.07006847507364 -109.08692634952932 4
endloop
endfacet
facet normal 0 0 1
outer loop
vertex 197.7643037249264 -109.08692634952932 4
vertex 197.84297068135675 -108.82759614854737 4
vertex 196.80300539876708 -108.82759614854737 4
endloop
endfacet
facet normal 0 0 1
outer loop
vertex 197.7643037249264 -109.08692634952932 4
vertex 196.80300539876708 -108.82759614854737 4
vertex 196.66439051845387 -109.08692634952932 4
endloop
endfacet
facet normal 0 0 1
outer loop
vertex 136.39870220123387 -108.82759614854737 4
vertex 136.31334357939545 -108.54620648302419 4
vertex 135.31334357939485 -108.54620648302419 4
endloop
endfacet
facet normal 0 0 1
outer loop
vertex 136.39870220123387 -108.82759614854737 4
vertex 135.31334357939485 -108.54620648302419 4
vertex 135.3325582989922 -108.7412968050403 4
endloop
endfacet
facet normal 0 0 1
outer loop
vertex 136.39870220123387 -108.82759614854737 4
vertex 135.3325582989922 -108.7412968050403 4
vertex 135.35873691864325 -108.82759614854737 4
endloop
endfacet
facet normal 0 0 1
outer loop
vertex 140.21030608135675 -108.82759614854737 4
vertex 140.23648470100764 -108.7412968050403 4
vertex 140.25569942060517 -108.54620648302419 4
endloop
endfacet
facet normal 0 0 1
outer loop
vertex 140.21030608135675 -108.82759614854737 4
vertex 140.25569942060517 -108.54620648302419 4
vertex 139.2556994206039 -108.54620648302419 4
endloop
endfacet
facet normal 0 0 1
outer loop
vertex 140.21030608135675 -108.82759614854737 4
vertex 139.2556994206039 -108.54620648302419 4
vertex 139.17034079876683 -108.82759614854737 4
endloop
endfacet
facet normal 0 0 1
outer loop
vertex 194.0313668012314 -108.82759614854737 4
vertex 193.94600817939715 -108.54620648302419 4
vertex 192.9460081793947 -108.54620648302419 4
endloop
endfacet
facet normal 0 0 1
outer loop
vertex 194.0313668012314 -108.82759614854737 4
vertex 192.9460081793947 -108.54620648302419 4
vertex 192.9652228989926 -108.7412968050403 4
endloop
endfacet
facet normal 0 0 1
outer loop
vertex 194.0313668012314 -108.82759614854737 4
vertex 192.9652228989926 -108.7412968050403 4
vertex 192.99140151864333 -108.82759614854737 4
endloop
endfacet
facet normal 0 0 1
outer loop
vertex 197.84297068135675 -108.82759614854737 4
vertex 197.86914930100826 -108.7412968050403 4
vertex 197.88836402060514 -108.54620648302419 4
endloop
endfacet
facet normal 0 0 1
outer loop
vertex 197.84297068135675 -108.82759614854737 4
vertex 197.88836402060514 -108.54620648302419 4
vertex 196.88836402060372 -108.54620648302419 4
endloop
endfacet
facet normal 0 0 1
outer loop
vertex 197.84297068135675 -108.82759614854737 4
vertex 196.88836402060372 -108.54620648302419 4
vertex 196.80300539876708 -108.82759614854737 4
endloop
endfacet
facet normal 0 0 1
outer loop
vertex 136.31334357939545 -108.54620648302419 4
vertex 136.28452149999868 -108.25357099999987 4
vertex 135.28452149999967 -108.25357099999987 4
endloop
endfacet
facet normal 0 0 1
outer loop
vertex 136.31334357939545 -108.54620648302419 4
vertex 135.28452149999967 -108.25357099999987 4
vertex 135.31334357939485 -108.54620648302419 4
endloop
endfacet
facet normal 0 0 1
outer loop
vertex 140.25569942060517 -108.54620648302419 4
vertex 140.28452149999956 -108.25357099999987 4
vertex 139.28452149999904 -108.25357099999987 4
endloop
endfacet
facet normal 0 0 1
outer loop
vertex 140.25569942060517 -108.54620648302419 4
vertex 139.28452149999904 -108.25357099999987 4
vertex 139.2556994206039 -108.54620648302419 4
endloop
endfacet
facet normal 0 0 1
outer loop
vertex 193.94600817939715 -108.54620648302419 4
vertex 193.91718609999924 -108.25357099999987 4
vertex 192.9171861000002 -108.25357099999987 4
endloop
endfacet
facet normal 0 0 1
outer loop
vertex 193.94600817939715 -108.54620648302419 4
vertex 192.9171861000002 -108.25357099999987 4
vertex 192.9460081793947 -108.54620648302419 4
endloop
endfacet
facet normal 0 0 1
outer loop
vertex 197.88836402060514 -108.54620648302419 4
vertex 197.91718610000018 -108.25357099999987 4
vertex 196.91718609999887 -108.25357099999987 4
endloop
endfacet
facet normal 0 0 1
outer loop
vertex 197.88836402060514 -108.54620648302419 4
vertex 196.91718609999887 -108.25357099999987 4
vertex 196.88836402060372 -108.54620648302419 4
endloop
endfacet
facet normal 0 0 1
outer loop
vertex 136.28452149999868 -108.25357099999987 4
vertex 136.31334357939588 -107.96093551697604 4
vertex 135.3133435793958 -107.96093551697604 4
endloop
endfacet
facet normal 0 0 1
outer loop
vertex 136.28452149999868 -108.25357099999987 4
vertex 135.3133435793958 -107.96093551697604 4
vertex 135.28452149999967 -108.25357099999987 4
endloop
endfacet
facet normal 0 0 1
outer loop
vertex 140.28452149999956 -108.25357099999987 4
vertex 140.25569942060423 -107.96093551697604 4
vertex 139.25569942060497 -107.96093551697604 4
endloop
endfacet
facet normal 0 0 1
outer loop
vertex 140.28452149999956 -108.25357099999987 4
vertex 139.25569942060497 -107.96093551697604 4
vertex 139.28452149999904 -108.25357099999987 4
endloop
endfacet
facet normal 0 0 1
outer loop
vertex 193.91718609999924 -108.25357099999987 4
vertex 193.9460081793962 -107.96093551697604 4
vertex 192.9460081793957 -107.96093551697604 4
endloop
endfacet
facet normal 0 0 1
outer loop
vertex 193.91718609999924 -108.25357099999987 4
vertex 192.9460081793957 -107.96093551697604 4
vertex 192.9171861000002 -108.25357099999987 4
endloop
endfacet
facet normal 0 0 1
outer loop
vertex 197.91718610000018 -108.25357099999987 4
vertex 197.8883640206042 -107.96093551697604 4
vertex 196.8883640206068 -107.96093551697604 4
endloop
endfacet
facet normal 0 0 1
outer loop
vertex 197.91718610000018 -108.25357099999987 4
vertex 196.8883640206068 -107.96093551697604 4
vertex 196.91718609999887 -108.25357099999987 4
endloop
endfacet
facet normal 0 0 1
outer loop
vertex 136.31334357939588 -107.96093551697604 4
vertex 136.398702201233 -107.67954585145232 4
vertex 135.35873691863742 -107.67954585145232 4
endloop
endfacet
facet normal 0 0 1
outer loop
vertex 136.31334357939588 -107.96093551697604 4
vertex 135.35873691863742 -107.67954585145232 4
vertex 135.33255829899107 -107.76584519495941 4
endloop
endfacet
facet normal 0 0 1
outer loop
vertex 136.31334357939588 -107.96093551697604 4
vertex 135.33255829899107 -107.76584519495941 4
vertex 135.3133435793958 -107.96093551697604 4
endloop
endfacet
facet normal 0 0 1
outer loop
vertex 140.25569942060423 -107.96093551697604 4
vertex 140.23648470100818 -107.76584519495941 4
vertex 140.2103060813626 -107.67954585145232 4
endloop
endfacet
facet normal 0 0 1
outer loop
vertex 140.25569942060423 -107.96093551697604 4
vertex 140.2103060813626 -107.67954585145232 4
vertex 139.17034079876822 -107.67954585145232 4
endloop
endfacet
facet normal 0 0 1
outer loop
vertex 140.25569942060423 -107.96093551697604 4
vertex 139.17034079876822 -107.67954585145232 4
vertex 139.25569942060497 -107.96093551697604 4
endloop
endfacet
facet normal 0 0 1
outer loop
vertex 193.9460081793962 -107.96093551697604 4
vertex 194.0313668012326 -107.67954585145232 4
vertex 192.99140151863742 -107.67954585145232 4
endloop
endfacet
facet normal 0 0 1
outer loop
vertex 193.9460081793962 -107.96093551697604 4
vertex 192.99140151863742 -107.67954585145232 4
vertex 192.9652228989915 -107.76584519495941 4
endloop
endfacet
facet normal 0 0 1
outer loop
vertex 193.9460081793962 -107.96093551697604 4
vertex 192.9652228989915 -107.76584519495941 4
vertex 192.9460081793957 -107.96093551697604 4
endloop
endfacet
facet normal 0 0 1
outer loop
vertex 197.8883640206042 -107.96093551697604 4
vertex 197.86914930100895 -107.76584519495941 4
vertex 197.84297068136257 -107.67954585145232 4
endloop
endfacet
facet normal 0 0 1
outer loop
vertex 197.8883640206042 -107.96093551697604 4
vertex 197.84297068136257 -107.67954585145232 4
vertex 196.8030053987652 -107.67954585145232 4
endloop
endfacet
facet normal 0 0 1
outer loop
vertex 197.8883640206042 -107.96093551697604 4
vertex 196.8030053987652 -107.67954585145232 4
vertex 196.8883640206068 -107.96093551697604 4
endloop
endfacet
facet normal 0 0 1
outer loop
vertex 136.398702201233 -107.67954585145232 4
vertex 136.53731708154612 -107.42021565047052 4
vertex 135.43740387506713 -107.42021565047052 4
endloop
endfacet
facet normal 0 0 1
outer loop
vertex 136.398702201233 -107.67954585145232 4
vertex 135.43740387506713 -107.42021565047052 4
vertex 135.35873691863742 -107.67954585145232 4
endloop
endfacet
facet normal 0 0 1
outer loop
vertex 140.2103060813626 -107.67954585145232 4
vertex 140.13163912493286 -107.42021565047052 4
vertex 139.03172591845194 -107.42021565047052 4
endloop
endfacet
facet normal 0 0 1
outer loop
vertex 140.2103060813626 -107.67954585145232 4
vertex 139.03172591845194 -107.42021565047052 4
vertex 139.17034079876822 -107.67954585145232 4
endloop
endfacet
facet normal 0 0 1
outer loop
vertex 194.0313668012326 -107.67954585145232 4
vertex 194.16998168154626 -107.42021565047052 4
vertex 193.07006847506722 -107.42021565047052 4
endloop
endfacet
facet normal 0 0 1
outer loop
vertex 194.0313668012326 -107.67954585145232 4
vertex 193.07006847506722 -107.42021565047052 4
vertex 192.99140151863742 -107.67954585145232 4
endloop
endfacet
facet normal 0 0 1
outer loop
vertex 197.84297068136257 -107.67954585145232 4
vertex 197.76430372493283 -107.42021565047052 4
vertex 196.6643905184541 -107.42021565047052 4
endloop
endfacet
facet normal 0 0 1
outer loop
vertex 197.84297068136257 -107.67954585145232 4
vertex 196.6643905184541 -107.42021565047052 4
vertex 196.8030053987652 -107.67954585145232 4
endloop
endfacet
facet normal 0 0 1
outer loop
vertex 136.53731708154612 -107.42021565047052 4
vertex 136.72386132822012 -107.19291082822009 4
vertex 135.53038595164017 -107.19291082822009 4
endloop
endfacet
facet normal 0 0 1
outer loop
vertex 136.53731708154612 -107.42021565047052 4
vertex 135.53038595164017 -107.19291082822009 4
vertex 135.47482266872154 -107.29686241908715 4
endloop
endfacet
facet normal 0 0 1
outer loop
vertex 136.53731708154612 -107.42021565047052 4
vertex 135.47482266872154 -107.29686241908715 4
vertex 135.43740387506713 -107.42021565047052 4
endloop
endfacet
facet normal 0 0 1
outer loop
vertex 140.13163912493286 -107.42021565047052 4
vertex 140.09422033127873 -107.29686241908715 4
vertex 140.03865704835982 -107.19291082822009 4
endloop
endfacet
facet normal 0 0 1
outer loop
vertex 140.13163912493286 -107.42021565047052 4
vertex 140.03865704835982 -107.19291082822009 4
vertex 138.84518167177714 -107.19291082822009 4
endloop
endfacet
facet normal 0 0 1
outer loop
vertex 140.13163912493286 -107.42021565047052 4
vertex 138.84518167177714 -107.19291082822009 4
vertex 139.03172591845194 -107.42021565047052 4
endloop
endfacet
facet normal 0 0 1
outer loop
vertex 194.16998168154626 -107.42021565047052 4
vertex 194.35652592821873 -107.19291082822009 4
vertex 193.16305055164014 -107.19291082822009 4
endloop
endfacet
facet normal 0 0 1
outer loop
vertex 194.16998168154626 -107.42021565047052 4
vertex 193.16305055164014 -107.19291082822009 4
vertex 193.10748726872177 -107.29686241908715 4
endloop
endfacet
facet normal 0 0 1
outer loop
vertex 194.16998168154626 -107.42021565047052 4
vertex 193.10748726872177 -107.29686241908715 4
vertex 193.07006847506722 -107.42021565047052 4
endloop
endfacet
facet normal 0 0 1
outer loop
vertex 197.76430372493283 -107.42021565047052 4
vertex 197.72688493127907 -107.29686241908715 4
vertex 197.6713216483598 -107.19291082822009 4
endloop
endfacet
facet normal 0 0 1
outer loop
vertex 197.76430372493283 -107.42021565047052 4
vertex 197.6713216483598 -107.19291082822009 4
vertex 196.4778462717751 -107.19291082822009 4
endloop
endfacet
facet normal 0 0 1
outer loop
vertex 197.76430372493283 -107.42021565047052 4
vertex 196.4778462717751 -107.19291082822009 4
vertex 196.6643905184541 -107.42021565047052 4
endloop
endfacet
facet normal 0 0 1
outer loop
vertex 136.72386132822012 -107.19291082822009 4
vertex 136.95116615047036 -107.0063665815457 4
vertex 135.63009592884413 -107.0063665815457 4
endloop
endfacet
facet normal 0 0 1
outer loop
vertex 136.72386132822012 -107.19291082822009 4
vertex 135.63009592884413 -107.0063665815457 4
vertex 135.53038595164017 -107.19291082822009 4
endloop
endfacet
facet normal 0 0 1
outer loop
vertex 140.03865704835982 -107.19291082822009 4
vertex 139.9389470711559 -107.0063665815457 4
vertex 138.61787684952762 -107.0063665815457 4
endloop
endfacet
facet normal 0 0 1
outer loop
vertex 140.03865704835982 -107.19291082822009 4
vertex 138.61787684952762 -107.0063665815457 4
vertex 138.84518167177714 -107.19291082822009 4
endloop
endfacet
facet normal 0 0 1
outer loop
vertex 194.35652592821873 -107.19291082822009 4
vertex 194.58383075047078 -107.0063665815457 4
vertex 193.2627605288439 -107.0063665815457 4
endloop
endfacet
facet normal 0 0 1
outer loop
vertex 194.35652592821873 -107.19291082822009 4
vertex 193.2627605288439 -107.0063665815457 4
vertex 193.16305055164014 -107.19291082822009 4
endloop
endfacet
facet normal 0 0 1
outer loop
vertex 197.6713216483598 -107.19291082822009 4
vertex 197.57161167115584 -107.0063665815457 4
vertex 196.25054144953094 -107.0063665815457 4
endloop
endfacet
facet normal 0 0 1
outer loop
vertex 197.6713216483598 -107.19291082822009 4
vertex 196.25054144953094 -107.0063665815457 4
vertex 196.4778462717751 -107.19291082822009 4
endloop
endfacet
facet normal 0 0 1
outer loop
vertex 136.95116615047036 -107.0063665815457 4
vertex 137.21049635145232 -106.8677517012328 4
vertex 135.7041871259677 -106.8677517012328 4
endloop
endfacet
facet normal 0 0 1
outer loop
vertex 136.95116615047036 -107.0063665815457 4
vertex 135.7041871259677 -106.8677517012328 4
vertex 135.63009592884413 -107.0063665815457 4
endloop
endfacet
facet normal 0 0 1
outer loop
vertex 139.9389470711559 -107.0063665815457 4
vertex 139.8648558740324 -106.8677517012328 4
vertex 138.35854664854918 -106.8677517012328 4
endloop
endfacet
facet normal 0 0 1
outer loop
vertex 139.9389470711559 -107.0063665815457 4
vertex 138.35854664854918 -106.8677517012328 4
vertex 138.61787684952762 -107.0063665815457 4
endloop
endfacet
facet normal 0 0 1
outer loop
vertex 194.58383075047078 -107.0063665815457 4
vertex 194.84316095145226 -106.8677517012328 4
vertex 193.33685172596756 -106.8677517012328 4
endloop
endfacet
facet normal 0 0 1
outer loop
vertex 194.58383075047078 -107.0063665815457 4
vertex 193.33685172596756 -106.8677517012328 4
vertex 193.2627605288439 -107.0063665815457 4
endloop
endfacet
facet normal 0 0 1
outer loop
vertex 197.57161167115584 -107.0063665815457 4
vertex 197.49752047403234 -106.8677517012328 4
vertex 195.99121124854946 -106.8677517012328 4
endloop
endfacet
facet normal 0 0 1
outer loop
vertex 197.57161167115584 -107.0063665815457 4
vertex 195.99121124854946 -106.8677517012328 4
vertex 196.25054144953094 -107.0063665815457 4
endloop
endfacet
facet normal 0 0 1
outer loop
vertex 137.21049635145232 -106.8677517012328 4
vertex 137.4918860169759 -106.78239307939589 4
vertex 135.77335021858346 -106.78239307939589 4
endloop
endfacet
facet normal 0 0 1
outer loop
vertex 137.21049635145232 -106.8677517012328 4
vertex 135.77335021858346 -106.78239307939589 4
vertex 135.70584746924368 -106.86464541745097 4
endloop
endfacet
facet normal 0 0 1
outer loop
vertex 137.21049635145232 -106.8677517012328 4
vertex 135.70584746924368 -106.86464541745097 4
vertex 135.7041871259677 -106.8677517012328 4
endloop
endfacet
facet normal 0 0 1
outer loop
vertex 139.8648558740324 -106.8677517012328 4
vertex 139.86319553075515 -106.86464541745097 4
vertex 139.79569278141662 -106.78239307939589 4
endloop
endfacet
facet normal 0 0 1
outer loop
vertex 139.8648558740324 -106.8677517012328 4
vertex 139.79569278141662 -106.78239307939589 4
vertex 138.07715698302408 -106.78239307939589 4
endloop
endfacet
facet normal 0 0 1
outer loop
vertex 139.8648558740324 -106.8677517012328 4
vertex 138.07715698302408 -106.78239307939589 4
vertex 138.35854664854918 -106.8677517012328 4
endloop
endfacet
facet normal 0 0 1
outer loop
vertex 194.84316095145226 -106.8677517012328 4
vertex 195.12455061697597 -106.78239307939589 4
vertex 193.40601481858346 -106.78239307939589 4
endloop
endfacet
facet normal 0 0 1
outer loop
vertex 194.84316095145226 -106.8677517012328 4
vertex 193.40601481858346 -106.78239307939589 4
vertex 193.3385120692434 -106.86464541745097 4
endloop
endfacet
facet normal 0 0 1
outer loop
vertex 194.84316095145226 -106.8677517012328 4
vertex 193.3385120692434 -106.86464541745097 4
vertex 193.33685172596756 -106.8677517012328 4
endloop
endfacet
facet normal 0 0 1
outer loop
vertex 197.49752047403234 -106.8677517012328 4
vertex 197.4958601307547 -106.86464541745097 4
vertex 197.42835738141656 -106.78239307939589 4
endloop
endfacet
facet normal 0 0 1
outer loop
vertex 197.49752047403234 -106.8677517012328 4
vertex 197.42835738141656 -106.78239307939589 4
vertex 195.70982158302405 -106.78239307939589 4
endloop
endfacet
facet normal 0 0 1
outer loop
vertex 197.49752047403234 -106.8677517012328 4
vertex 195.70982158302405 -106.78239307939589 4
vertex 195.99121124854946 -106.8677517012328 4
endloop
endfacet
facet normal 0 0 1
outer loop
vertex 137.4918860169759 -106.78239307939589 4
vertex 137.7845215000001 -106.7535709999991 4
vertex 135.79700388784943 -106.7535709999991 4
endloop
endfacet
facet normal 0 0 1
outer loop
vertex 137.4918860169759 -106.78239307939589 4
vertex 135.79700388784943 -106.7535709999991 4
vertex 135.77335021858346 -106.78239307939589 4
endloop
endfacet
facet normal 0 0 1
outer loop
vertex 139.79569278141662 -106.78239307939589 4
vertex 139.77203911215065 -106.7535709999991 4
vertex 137.7845215000001 -106.7535709999991 4
endloop
endfacet
facet normal 0 0 1
outer loop
vertex 139.79569278141662 -106.78239307939589 4
vertex 137.7845215000001 -106.7535709999991 4
vertex 138.07715698302408 -106.78239307939589 4
endloop
endfacet
facet normal 0 0 1
outer loop
vertex 195.12455061697597 -106.78239307939589 4
vertex 195.4171861000001 -106.7535709999991 4
vertex 193.42966848784945 -106.7535709999991 4
endloop
endfacet
facet normal 0 0 1
outer loop
vertex 195.12455061697597 -106.78239307939589 4
vertex 193.42966848784945 -106.7535709999991 4
vertex 193.40601481858346 -106.78239307939589 4
endloop
endfacet
facet normal 0 0 1
outer loop
vertex 197.42835738141656 -106.78239307939589 4
vertex 197.4047037121506 -106.7535709999991 4
vertex 195.4171861000001 -106.7535709999991 4
endloop
endfacet
facet normal 0 0 1
outer loop
vertex 197.42835738141656 -106.78239307939589 4
vertex 195.4171861000001 -106.7535709999991 4
vertex 195.70982158302405 -106.78239307939589 4
endloop
endfacet
facet normal 0 0 1
outer loop
vertex 137.7845215000001 -106.7535709999991 4
vertex 139.77203911215065 -106.7535709999991 4
vertex 139.55228845297037 -106.4858040470304 4
endloop
endfacet
facet normal 0 0 1
outer loop
vertex 137.7845215000001 -106.7535709999991 4
vertex 139.55228845297037 -106.4858040470304 4
vertex 139.17344708254987 -106.17489696924268 4
endloop
endfacet
facet normal 0 0 1
outer loop
vertex 137.7845215000001 -106.7535709999991 4
vertex 139.17344708254987 -106.17489696924268 4
vertex 138.7412300809135 -105.94387216872042 4
endloop
endfacet
facet normal 0 0 1
outer loop
vertex 137.7845215000001 -106.7535709999991 4
vertex 138.7412300809135 -105.94387216872042 4
vertex 138.27224730504022 -105.8016077989923 4
endloop
endfacet
facet normal 0 0 1
outer loop
vertex 137.7845215000001 -106.7535709999991 4
vertex 138.27224730504022 -105.8016077989923 4
vertex 137.7845215 -105.75357100000019 4
endloop
endfacet
facet normal 0 0 1
outer loop
vertex 137.7845215000001 -106.7535709999991 4
vertex 137.7845215 -105.75357100000019 4
vertex 137.29679569495963 -105.8016077989923 4
endloop
endfacet
facet normal 0 0 1
outer loop
vertex 137.7845215000001 -106.7535709999991 4
vertex 137.29679569495963 -105.8016077989923 4
vertex 136.82781291908765 -105.94387216872042 4
endloop
endfacet
facet normal 0 0 1
outer loop
vertex 137.7845215000001 -106.7535709999991 4
vertex 136.82781291908765 -105.94387216872042 4
vertex 136.3955959174508 -106.17489696924268 4
endloop
endfacet
facet normal 0 0 1
outer loop
vertex 137.7845215000001 -106.7535709999991 4
vertex 136.3955959174508 -106.17489696924268 4
vertex 136.01675454703388 -106.4858040470304 4
endloop
endfacet
facet normal 0 0 1
outer loop
vertex 137.7845215000001 -106.7535709999991 4
vertex 136.01675454703388 -106.4858040470304 4
vertex 135.79700388784943 -106.7535709999991 4
endloop
endfacet
facet normal 0 0 1
outer loop
vertex 195.4171861000001 -106.7535709999991 4
vertex 197.4047037121506 -106.7535709999991 4
vertex 197.18495305296568 -106.4858040470304 4
endloop
endfacet
facet normal 0 0 1
outer loop
vertex 195.4171861000001 -106.7535709999991 4
vertex 197.18495305296568 -106.4858040470304 4
vertex 196.80611168254265 -106.17489696924268 4
endloop
endfacet
facet normal 0 0 1
outer loop
vertex 195.4171861000001 -106.7535709999991 4
vertex 196.80611168254265 -106.17489696924268 4
vertex 196.3738946809123 -105.94387216872042 4
endloop
endfacet
facet normal 0 0 1
outer loop
vertex 195.4171861000001 -106.7535709999991 4
vertex 196.3738946809123 -105.94387216872042 4
vertex 195.90491190503977 -105.8016077989923 4
endloop
endfacet
facet normal 0 0 1
outer loop
vertex 195.4171861000001 -106.7535709999991 4
vertex 195.90491190503977 -105.8016077989923 4
vertex 195.41718609999998 -105.75357100000019 4
endloop
endfacet
facet normal 0 0 1
outer loop
vertex 195.4171861000001 -106.7535709999991 4
vertex 195.41718609999998 -105.75357100000019 4
vertex 194.92946029495965 -105.8016077989923 4
endloop
endfacet
facet normal 0 0 1
outer loop
vertex 195.4171861000001 -106.7535709999991 4
vertex 194.92946029495965 -105.8016077989923 4
vertex 194.46047751908785 -105.94387216872042 4
endloop
endfacet
facet normal 0 0 1
outer loop
vertex 195.4171861000001 -106.7535709999991 4
vertex 194.46047751908785 -105.94387216872042 4
vertex 194.0282605174512 -106.17489696924268 4
endloop
endfacet
facet normal 0 0 1
outer loop
vertex 195.4171861000001 -106.7535709999991 4
vertex 194.0282605174512 -106.17489696924268 4
vertex 193.6494191470345 -106.4858040470304 4
endloop
endfacet
facet normal 0 0 1
outer loop
vertex 195.4171861000001 -106.7535709999991 4
vertex 193.6494191470345 -106.4858040470304 4
vertex 193.42966848784945 -106.7535709999991 4
endloop
endfacet
facet normal 0 0 1
outer loop
vertex 173.9380910040981 -110.9927907276141 4
vertex 173.90770647388388 -110.64549488916325 4
vertex 173.81747634999175 -110.30875289999989 4
endloop
endfacet
facet normal 0 0 1
outer loop
vertex 173.9380910040981 -110.9927907276141 4
vertex 173.81747634999175 -110.30875289999989 4
vertex 171.3884757999874 -103.6351244999582 4
endloop
endfacet
facet normal 0 0 1
outer loop
vertex 173.9380910040981 -110.9927907276141 4
vertex 171.3884757999874 -103.6351244999582 4
vertex 169.26011978561593 -103.6351244999582 4
endloop
endfacet
facet normal 0 0 1
outer loop
vertex 173.9380910040981 -110.9927907276141 4
vertex 169.26011978561593 -103.6351244999582 4
vertex 171.93808870000004 -110.9927907276141 4
endloop
endfacet
facet normal 0 0 1
outer loop
vertex 161.26361490000005 -110.99279319999984 4
vertex 163.94159102772457 -103.63512115001319 4
vertex 161.81323264999577 -103.63512115001319 4
endloop
endfacet
facet normal 0 0 1
outer loop
vertex 161.26361490000005 -110.99279319999984 4
vertex 161.81323264999577 -103.63512115001319 4
vertex 159.38422970000053 -110.30875289999989 4
endloop
endfacet
facet normal 0 0 1
outer loop
vertex 161.26361490000005 -110.99279319999984 4
vertex 159.38422970000053 -110.30875289999989 4
vertex 159.29399972611472 -110.64549488916325 4
endloop
endfacet
facet normal 0 0 1
outer loop
vertex 161.26361490000005 -110.99279319999984 4
vertex 159.29399972611472 -110.64549488916325 4
vertex 159.26361541220575 -110.99279319999984 4
endloop
endfacet
facet normal 0 0 1
outer loop
vertex 163.94159102772457 -103.63512115001319 4
vertex 164.05674398497754 -103.31874149342553 4
vertex 161.89976272065655 -103.31874149342553 4
endloop
endfacet
facet normal 0 0 1
outer loop
vertex 163.94159102772457 -103.63512115001319 4
vertex 161.89976272065655 -103.31874149342553 4
vertex 161.81323264999577 -103.63512115001319 4
endloop
endfacet
facet normal 0 0 1
outer loop
vertex 171.3884757999874 -103.6351244999582 4
vertex 171.30194282934517 -103.31874149342553 4
vertex 169.14496591503465 -103.31874149342553 4
endloop
endfacet
facet normal 0 0 1
outer loop
vertex 171.3884757999874 -103.6351244999582 4
vertex 169.14496591503465 -103.31874149342553 4
vertex 169.26011978561593 -103.6351244999582 4
endloop
endfacet
facet normal 0 0 1
outer loop
vertex 164.05674398497754 -103.31874149342553 4
vertex 164.17549605138927 -102.9924733811105 4
vertex 161.9334177218139 -102.9924733811105 4
endloop
endfacet
facet normal 0 0 1
outer loop
vertex 164.05674398497754 -103.31874149342553 4
vertex 161.9334177218139 -102.9924733811105 4
vertex 161.89976272065655 -103.31874149342553 4
endloop
endfacet
facet normal 0 0 1
outer loop
vertex 171.30194282934517 -103.31874149342553 4
vertex 171.26828782818626 -102.9924733811105 4
vertex 169.026214164136 -102.9924733811105 4
endloop
endfacet
facet normal 0 0 1
outer loop
vertex 171.30194282934517 -103.31874149342553 4
vertex 169.026214164136 -102.9924733811105 4
vertex 169.14496591503465 -103.31874149342553 4
endloop
endfacet
facet normal 0 0 1
outer loop
vertex 164.17549605138927 -102.9924733811105 4
vertex 164.2946532850423 -102.66509208268434 4
vertex 161.9132924724305 -102.66509208268434 4
endloop
endfacet
facet normal 0 0 1
outer loop
vertex 164.17549605138927 -102.9924733811105 4
vertex 161.9132924724305 -102.66509208268434 4
vertex 161.9334177218139 -102.9924733811105 4
endloop
endfacet
facet normal 0 0 1
outer loop
vertex 171.26828782818626 -102.9924733811105 4
vertex 171.28841307756946 -102.66509208268434 4
vertex 168.90705724707252 -102.66509208268434 4
endloop
endfacet
facet normal 0 0 1
outer loop
vertex 171.26828782818626 -102.9924733811105 4
vertex 168.90705724707252 -102.66509208268434 4
vertex 169.026214164136 -102.9924733811105 4
endloop
endfacet
facet normal 0 0 1
outer loop
vertex 80.22930410504019 -103.52035930100672 4
vertex 80.69828688091272 -103.3780949312781 4
vertex 81.13050388254892 -103.14707013075618 4
endloop
endfacet
facet normal 0 0 1
outer loop
vertex 80.22930410504019 -103.52035930100672 4
vertex 81.13050388254892 -103.14707013075618 4
vertex 81.50934525296606 -102.836163052966 4
endloop
endfacet
facet normal 0 0 1
outer loop
vertex 80.22930410504019 -103.52035930100672 4
vertex 81.50934525296606 -102.836163052966 4
vertex 81.72909591215087 -102.56839609999979 4
endloop
endfacet
facet normal 0 0 1
outer loop
vertex 80.22930410504019 -103.52035930100672 4
vertex 81.72909591215087 -102.56839609999979 4
vertex 79.74157830000001 -102.56839609999979 4
endloop
endfacet
facet normal 0 0 1
outer loop
vertex 80.22930410504019 -103.52035930100672 4
vertex 79.74157830000001 -102.56839609999979 4
vertex 77.75406068784916 -102.56839609999979 4
endloop
endfacet
facet normal 0 0 1
outer loop
vertex 80.22930410504019 -103.52035930100672 4
vertex 77.75406068784916 -102.56839609999979 4
vertex 77.9738113470352 -102.836163052966 4
endloop
endfacet
facet normal 0 0 1
outer loop
vertex 80.22930410504019 -103.52035930100672 4
vertex 77.9738113470352 -102.836163052966 4
vertex 78.3526527174503 -103.14707013075618 4
endloop
endfacet
facet normal 0 0 1
outer loop
vertex 80.22930410504019 -103.52035930100672 4
vertex 78.3526527174503 -103.14707013075618 4
vertex 78.78486971908764 -103.3780949312781 4
endloop
endfacet
facet normal 0 0 1
outer loop
vertex 80.22930410504019 -103.52035930100672 4
vertex 78.78486971908764 -103.3780949312781 4
vertex 79.25385249495992 -103.52035930100672 4
endloop
endfacet
facet normal 0 0 1
outer loop
vertex 80.22930410504019 -103.52035930100672 4
vertex 79.25385249495992 -103.52035930100672 4
vertex 79.7415783 -103.56839610000016 4
endloop
endfacet
facet normal 0 0 1
outer loop
vertex 253.94785510504033 -103.52035930100672 4
vertex 254.41683788091348 -103.3780949312781 4
vertex 254.84905488254947 -103.14707013075618 4
endloop
endfacet
facet normal 0 0 1
outer loop
vertex 253.94785510504033 -103.52035930100672 4
vertex 254.84905488254947 -103.14707013075618 4
vertex 255.22789625296707 -102.836163052966 4
endloop
endfacet
facet normal 0 0 1
outer loop
vertex 253.94785510504033 -103.52035930100672 4
vertex 255.22789625296707 -102.836163052966 4
vertex 255.44764691215087 -102.56839609999979 4
endloop
endfacet
facet normal 0 0 1
outer loop
vertex 253.94785510504033 -103.52035930100672 4
vertex 255.44764691215087 -102.56839609999979 4
vertex 253.46012930000006 -102.56839609999979 4
endloop
endfacet
facet normal 0 0 1
outer loop
vertex 253.94785510504033 -103.52035930100672 4
vertex 253.46012930000006 -102.56839609999979 4
vertex 251.47261168784928 -102.56839609999979 4
endloop
endfacet
facet normal 0 0 1
outer loop
vertex 253.94785510504033 -103.52035930100672 4
vertex 251.47261168784928 -102.56839609999979 4
vertex 251.69236234703237 -102.836163052966 4
endloop
endfacet
facet normal 0 0 1
outer loop
vertex 253.94785510504033 -103.52035930100672 4
vertex 251.69236234703237 -102.836163052966 4
vertex 252.07120371744867 -103.14707013075618 4
endloop
endfacet
facet normal 0 0 1
outer loop
vertex 253.94785510504033 -103.52035930100672 4
vertex 252.07120371744867 -103.14707013075618 4
vertex 252.50342071908614 -103.3780949312781 4
endloop
endfacet
facet normal 0 0 1
outer loop
vertex 253.94785510504033 -103.52035930100672 4
vertex 252.50342071908614 -103.3780949312781 4
vertex 252.97240349495857 -103.52035930100672 4
endloop
endfacet
facet normal 0 0 1
outer loop
vertex 253.94785510504033 -103.52035930100672 4
vertex 252.97240349495857 -103.52035930100672 4
vertex 253.4601293 -103.56839610000016 4
endloop
endfacet
facet normal 0 0 1
outer loop
vertex 79.74157830000001 -102.56839609999979 4
vertex 79.448942816976 -102.53957402060423 4
vertex 77.73040701858227 -102.53957402060423 4
endloop
endfacet
facet normal 0 0 1
outer loop
vertex 79.74157830000001 -102.56839609999979 4
vertex 77.73040701858227 -102.53957402060423 4
vertex 77.75406068784916 -102.56839609999979 4
endloop
endfacet
facet normal 0 0 1
outer loop
vertex 81.72909591215087 -102.56839609999979 4
vertex 81.75274958141776 -102.53957402060423 4
vertex 80.03421378302417 -102.53957402060423 4
endloop
endfacet
facet normal 0 0 1
outer loop
vertex 81.72909591215087 -102.56839609999979 4
vertex 80.03421378302417 -102.53957402060423 4
vertex 79.74157830000001 -102.56839609999979 4
endloop
endfacet
facet normal 0 0 1
outer loop
vertex 253.46012930000006 -102.56839609999979 4
vertex 253.16749381697565 -102.53957402060423 4
vertex 251.4489580185824 -102.53957402060423 4
endloop
endfacet
facet normal 0 0 1
outer loop
vertex 253.46012930000006 -102.56839609999979 4
vertex 251.4489580185824 -102.53957402060423 4
vertex 251.47261168784928 -102.56839609999979 4
endloop
endfacet
facet normal 0 0 1
outer loop
vertex 255.44764691215087 -102.56839609999979 4
vertex 255.47130058141778 -102.53957402060423 4
vertex 253.75276478302433 -102.53957402060423 4
endloop
endfacet
facet normal 0 0 1
outer loop
vertex 255.44764691215087 -102.56839609999979 4
vertex 253.75276478302433 -102.53957402060423 4
vertex 253.46012930000006 -102.56839609999979 4
endloop
endfacet
facet normal 0 0 1
outer loop
vertex 79.448942816976 -102.53957402060423 4
vertex 79.16755315145072 -102.45421539877003 4
vertex 77.66124392596709 -102.45421539877003 4
endloop
endfacet
facet normal 0 0 1
outer loop
vertex 79.448942816976 -102.53957402060423 4
vertex 77.66124392596709 -102.45421539877003 4
vertex 77.6629042692414 -102.45732168255022 4
endloop
endfacet
facet normal 0 0 1
outer loop
vertex 79.448942816976 -102.53957402060423 4
vertex 77.6629042692414 -102.45732168255022 4
vertex 77.73040701858227 -102.53957402060423 4
endloop
endfacet
facet normal 0 0 1
outer loop
vertex 81.75274958141776 -102.53957402060423 4
vertex 81.82025233075665 -102.45732168255022 4
vertex 81.82191267403289 -102.45421539877003 4
endloop
endfacet
facet normal 0 0 1
outer loop
vertex 81.75274958141776 -102.53957402060423 4
vertex 81.82191267403289 -102.45421539877003 4
vertex 80.3156034485479 -102.45421539877003 4
endloop
endfacet
facet normal 0 0 1
outer loop
vertex 81.75274958141776 -102.53957402060423 4
vertex 80.3156034485479 -102.45421539877003 4
vertex 80.03421378302417 -102.53957402060423 4
endloop
endfacet
facet normal 0 0 1
outer loop
vertex 253.16749381697565 -102.53957402060423 4
vertex 252.88610415144964 -102.45421539877003 4
vertex 251.37979492596713 -102.45421539877003 4
endloop
endfacet
facet normal 0 0 1
outer loop
vertex 253.16749381697565 -102.53957402060423 4
vertex 251.37979492596713 -102.45421539877003 4
vertex 251.3814552692431 -102.45732168255022 4
endloop
endfacet
facet normal 0 0 1
outer loop
vertex 253.16749381697565 -102.53957402060423 4
vertex 251.3814552692431 -102.45732168255022 4
vertex 251.4489580185824 -102.53957402060423 4
endloop
endfacet
facet normal 0 0 1
outer loop
vertex 255.47130058141778 -102.53957402060423 4
vertex 255.53880333075597 -102.45732168255022 4
vertex 255.54046367403294 -102.45421539877003 4
endloop
endfacet
facet normal 0 0 1
outer loop
vertex 255.47130058141778 -102.53957402060423 4
vertex 255.54046367403294 -102.45421539877003 4
vertex 254.0341544485475 -102.45421539877003 4
endloop
endfacet
facet normal 0 0 1
outer loop
vertex 255.47130058141778 -102.53957402060423 4
vertex 254.0341544485475 -102.45421539877003 4
vertex 253.75276478302433 -102.53957402060423 4
endloop
endfacet
facet normal 0 0 1
outer loop
vertex 164.2946532850423 -102.66509208268434 4
vertex 164.37666045000012 -102.43977960000025 4
vertex 164.40247228807544 -102.3454039079264 4
endloop
endfacet
facet normal 0 0 1
outer loop
vertex 164.2946532850423 -102.66509208268434 4
vertex 164.40247228807544 -102.3454039079264 4
vertex 161.8399285113341 -102.3454039079264 4
endloop
endfacet
facet normal 0 0 1
outer loop
vertex 164.2946532850423 -102.66509208268434 4
vertex 161.8399285113341 -102.3454039079264 4
vertex 161.9132924724305 -102.66509208268434 4
endloop
endfacet
facet normal 0 0 1
outer loop
vertex 171.28841307756946 -102.66509208268434 4
vertex 171.3617772911007 -102.3454039079264 4
vertex 168.79923841717982 -102.3454039079264 4
endloop
endfacet
facet normal 0 0 1
outer loop
vertex 171.28841307756946 -102.66509208268434 4
vertex 168.79923841717982 -102.3454039079264 4
vertex 168.82505030000004 -102.43977960000025 4
endloop
endfacet
facet normal 0 0 1
outer loop
vertex 171.28841307756946 -102.66509208268434 4
vertex 168.82505030000004 -102.43977960000025 4
vertex 168.90705724707252 -102.66509208268434 4
endloop
endfacet
facet normal 0 0 1
outer loop
vertex 79.16755315145072 -102.45421539877003 4
vertex 78.90822295047174 -102.31560051845247 4
vertex 77.58715272884321 -102.31560051845247 4
endloop
endfacet
facet normal 0 0 1
outer loop
vertex 79.16755315145072 -102.45421539877003 4
vertex 77.58715272884321 -102.31560051845247 4
vertex 77.66124392596709 -102.45421539877003 4
endloop
endfacet
facet normal 0 0 1
outer loop
vertex 81.82191267403289 -102.45421539877003 4
vertex 81.8960038711568 -102.31560051845247 4
vertex 80.57493364952971 -102.31560051845247 4
endloop
endfacet
facet normal 0 0 1
outer loop
vertex 81.82191267403289 -102.45421539877003 4
vertex 80.57493364952971 -102.31560051845247 4
vertex 80.3156034485479 -102.45421539877003 4
endloop
endfacet
facet normal 0 0 1
outer loop
vertex 252.88610415144964 -102.45421539877003 4
vertex 252.62677395046833 -102.31560051845247 4
vertex 251.30570372884338 -102.31560051845247 4
endloop
endfacet
facet normal 0 0 1
outer loop
vertex 252.88610415144964 -102.45421539877003 4
vertex 251.30570372884338 -102.31560051845247 4
vertex 251.37979492596713 -102.45421539877003 4
endloop
endfacet
facet normal 0 0 1
outer loop
vertex 255.54046367403294 -102.45421539877003 4
vertex 255.6145548711568 -102.31560051845247 4
vertex 254.2934846495308 -102.31560051845247 4
endloop
endfacet
facet normal 0 0 1
outer loop
vertex 255.54046367403294 -102.45421539877003 4
vertex 254.2934846495308 -102.31560051845247 4
vertex 254.0341544485475 -102.45421539877003 4
endloop
endfacet
facet normal 0 0 1
outer loop
vertex 78.90822295047174 -102.31560051845247 4
vertex 78.68091812822205 -102.12905627177828 4
vertex 77.48744275164051 -102.12905627177828 4
endloop
endfacet
facet normal 0 0 1
outer loop
vertex 78.90822295047174 -102.31560051845247 4
vertex 77.48744275164051 -102.12905627177828 4
vertex 77.58715272884321 -102.31560051845247 4
endloop
endfacet
facet normal 0 0 1
outer loop
vertex 81.8960038711568 -102.31560051845247 4
vertex 81.9957138483595 -102.12905627177828 4
vertex 80.80223847177942 -102.12905627177828 4
endloop
endfacet
facet normal 0 0 1
outer loop
vertex 81.8960038711568 -102.31560051845247 4
vertex 80.80223847177942 -102.12905627177828 4
vertex 80.57493364952971 -102.31560051845247 4
endloop
endfacet
facet normal 0 0 1
outer loop
vertex 252.62677395046833 -102.31560051845247 4
vertex 252.39946912822023 -102.12905627177828 4
vertex 251.20599375164085 -102.12905627177828 4
endloop
endfacet
facet normal 0 0 1
outer loop
vertex 252.62677395046833 -102.31560051845247 4
vertex 251.20599375164085 -102.12905627177828 4
vertex 251.30570372884338 -102.31560051845247 4
endloop
endfacet
facet normal 0 0 1
outer loop
vertex 255.6145548711568 -102.31560051845247 4
vertex 255.71426484835948 -102.12905627177828 4
vertex 254.52078947177836 -102.12905627177828 4
endloop
endfacet
facet normal 0 0 1
outer loop
vertex 255.6145548711568 -102.31560051845247 4
vertex 254.52078947177836 -102.12905627177828 4
vertex 254.2934846495308 -102.31560051845247 4
endloop
endfacet
facet normal 0 0 1
outer loop
vertex 164.40247228807544 -102.3454039079264 4
vertex 164.46319052065627 -102.12340014342898 4
vertex 164.47158651427316 -102.04200498283517 4
endloop
endfacet
facet normal 0 0 1
outer loop
vertex 164.40247228807544 -102.3454039079264 4
vertex 164.47158651427316 -102.04200498283517 4
vertex 161.71529872853623 -102.04200498283517 4
endloop
endfacet
facet normal 0 0 1
outer loop
vertex 164.40247228807544 -102.3454039079264 4
vertex 161.71529872853623 -102.04200498283517 4
vertex 161.8399285113341 -102.3454039079264 4
endloop
endfacet
facet normal 0 0 1
outer loop
vertex 171.3617772911007 -102.3454039079264 4
vertex 171.4864072733205 -102.04200498283517 4
vertex 168.7301240574201 -102.04200498283517 4
endloop
endfacet
facet normal 0 0 1
outer loop
vertex 171.3617772911007 -102.3454039079264 4
vertex 168.7301240574201 -102.04200498283517 4
vertex 168.73852007934377 -102.12340014342898 4
endloop
endfacet
facet normal 0 0 1
outer loop
vertex 171.3617772911007 -102.3454039079264 4
vertex 168.73852007934377 -102.12340014342898 4
vertex 168.79923841717982 -102.3454039079264 4
endloop
endfacet
facet normal 0 0 1
outer loop
vertex 78.68091812822205 -102.12905627177828 4
vertex 78.49437388154641 -101.90175144952931 4
vertex 77.39446067506641 -101.90175144952931 4
endloop
endfacet
facet normal 0 0 1
outer loop
vertex 78.68091812822205 -102.12905627177828 4
vertex 77.39446067506641 -101.90175144952931 4
vertex 77.43187946872187 -102.02510468091273 4
endloop
endfacet
facet normal 0 0 1
outer loop
vertex 78.68091812822205 -102.12905627177828 4
vertex 77.43187946872187 -102.02510468091273 4
vertex 77.48744275164051 -102.12905627177828 4
endloop
endfacet
facet normal 0 0 1
outer loop
vertex 81.9957138483595 -102.12905627177828 4
vertex 82.0512771312783 -102.02510468091273 4
vertex 82.08869592493362 -101.90175144952931 4
endloop
endfacet
facet normal 0 0 1
outer loop
vertex 81.9957138483595 -102.12905627177828 4
vertex 82.08869592493362 -101.90175144952931 4
vertex 80.98878271845379 -101.90175144952931 4
endloop
endfacet
facet normal 0 0 1
outer loop
vertex 81.9957138483595 -102.12905627177828 4
vertex 80.98878271845379 -101.90175144952931 4
vertex 80.80223847177942 -102.12905627177828 4
endloop
endfacet
facet normal 0 0 1
outer loop
vertex 252.39946912822023 -102.12905627177828 4
vertex 252.21292488154717 -101.90175144952931 4
vertex 251.1130116750663 -101.90175144952931 4
endloop
endfacet
facet normal 0 0 1
outer loop
vertex 252.39946912822023 -102.12905627177828 4
vertex 251.1130116750663 -101.90175144952931 4
vertex 251.15043046872432 -102.02510468091273 4
endloop
endfacet
facet normal 0 0 1
outer loop
vertex 252.39946912822023 -102.12905627177828 4
vertex 251.15043046872432 -102.02510468091273 4
vertex 251.20599375164085 -102.12905627177828 4
endloop
endfacet
facet normal 0 0 1
outer loop
vertex 255.71426484835948 -102.12905627177828 4
vertex 255.76982813127805 -102.02510468091273 4
vertex 255.80724692493357 -101.90175144952931 4
endloop
endfacet
facet normal 0 0 1
outer loop
vertex 255.71426484835948 -102.12905627177828 4
vertex 255.80724692493357 -101.90175144952931 4
vertex 254.70733371845387 -101.90175144952931 4
endloop
endfacet
facet normal 0 0 1
outer loop
vertex 255.71426484835948 -102.12905627177828 4
vertex 254.70733371845387 -101.90175144952931 4
vertex 254.52078947177836 -102.12905627177828 4
endloop
endfacet
facet normal 0 0 1
outer loop
vertex 164.47158651427316 -102.04200498283517 4
vertex 164.49684552181415 -101.7971309311087 4
vertex 164.4947508483563 -101.76305659000555 4
endloop
endfacet
facet normal 0 0 1
outer loop
vertex 164.47158651427316 -102.04200498283517 4
vertex 164.4947508483563 -101.76305659000555 4
vertex 161.54275463204598 -101.76305659000555 4
endloop
endfacet
facet normal 0 0 1
outer loop
vertex 164.47158651427316 -102.04200498283517 4
vertex 161.54275463204598 -101.76305659000555 4
vertex 161.71529872853623 -102.04200498283517 4
endloop
endfacet
facet normal 0 0 1
outer loop
vertex 171.4864072733205 -102.04200498283517 4
vertex 171.658950990561 -101.76305659000555 4
vertex 168.70695981222642 -101.76305659000555 4
endloop
endfacet
facet normal 0 0 1
outer loop
vertex 171.4864072733205 -102.04200498283517 4
vertex 168.70695981222642 -101.76305659000555 4
vertex 168.70486507818586 -101.79713203110877 4
endloop
endfacet
facet normal 0 0 1
outer loop
vertex 171.4864072733205 -102.04200498283517 4
vertex 168.70486507818586 -101.79713203110877 4
vertex 168.7301240574201 -102.04200498283517 4
endloop
endfacet
facet normal 0 0 1
outer loop
vertex 78.49437388154641 -101.90175144952931 4
vertex 78.35575900123166 -101.64242124854806 4
vertex 77.31579371863995 -101.64242124854806 4
endloop
endfacet
facet normal 0 0 1
outer loop
vertex 78.49437388154641 -101.90175144952931 4
vertex 77.31579371863995 -101.64242124854806 4
vertex 77.39446067506641 -101.90175144952931 4
endloop
endfacet
facet normal 0 0 1
outer loop
vertex 82.08869592493362 -101.90175144952931 4
vertex 82.16736288136005 -101.64242124854806 4
vertex 81.12739759876663 -101.64242124854806 4
endloop
endfacet
facet normal 0 0 1
outer loop
vertex 82.08869592493362 -101.90175144952931 4
vertex 81.12739759876663 -101.64242124854806 4
vertex 80.98878271845379 -101.90175144952931 4
endloop
endfacet
facet normal 0 0 1
outer loop
vertex 252.21292488154717 -101.90175144952931 4
vertex 252.0743100012313 -101.64242124854806 4
vertex 251.03434471863955 -101.64242124854806 4
endloop
endfacet
facet normal 0 0 1
outer loop
vertex 252.21292488154717 -101.90175144952931 4
vertex 251.03434471863955 -101.64242124854806 4
vertex 251.1130116750663 -101.90175144952931 4
endloop
endfacet
facet normal 0 0 1
outer loop
vertex 255.80724692493357 -101.90175144952931 4
vertex 255.88591388136004 -101.64242124854806 4
vertex 254.8459485987671 -101.64242124854806 4
endloop
endfacet
facet normal 0 0 1
outer loop
vertex 255.80724692493357 -101.90175144952931 4
vertex 254.8459485987671 -101.64242124854806 4
vertex 254.70733371845387 -101.90175144952931 4
endloop
endfacet
facet normal 0 0 1
outer loop
vertex 164.4947508483563 -101.76305659000555 4
vertex 164.47956715073047 -101.51606129335694 4
vertex 161.3269379359756 -101.51606129335694 4
endloop
endfacet
facet normal 0 0 1
outer loop
vertex 164.4947508483563 -101.76305659000555 4
vertex 161.3269379359756 -101.51606129335694 4
vertex 161.54275463204598 -101.76305659000555 4
endloop
endfacet
facet normal 0 0 1
outer loop
vertex 171.658950990561 -101.76305659000555 4
vertex 171.87476772683243 -101.51606129335694 4
vertex 168.72214345883503 -101.51606129335694 4
endloop
endfacet
facet normal 0 0 1
outer loop
vertex 171.658950990561 -101.76305659000555 4
vertex 168.72214345883503 -101.51606129335694 4
vertex 168.70695981222642 -101.76305659000555 4
endloop
endfacet
facet normal 0 0 1
outer loop
vertex 78.35575900123166 -101.64242124854806 4
vertex 78.27040037939541 -101.36103158302417 4
vertex 77.27040037939601 -101.36103158302417 4
endloop
endfacet
facet normal 0 0 1
outer loop
vertex 78.35575900123166 -101.64242124854806 4
vertex 77.27040037939601 -101.36103158302417 4
vertex 77.28961509899212 -101.55612190504033 4
endloop
endfacet
facet normal 0 0 1
outer loop
vertex 78.35575900123166 -101.64242124854806 4
vertex 77.28961509899212 -101.55612190504033 4
vertex 77.31579371863995 -101.64242124854806 4
endloop
endfacet
facet normal 0 0 1
outer loop
vertex 82.16736288136005 -101.64242124854806 4
vertex 82.19354150100777 -101.55612190504033 4
vertex 82.21275622060396 -101.36103158302417 4
endloop
endfacet
facet normal 0 0 1
outer loop
vertex 82.16736288136005 -101.64242124854806 4
vertex 82.21275622060396 -101.36103158302417 4
vertex 81.21275622060486 -101.36103158302417 4
endloop
endfacet
facet normal 0 0 1
outer loop
vertex 82.16736288136005 -101.64242124854806 4
vertex 81.21275622060486 -101.36103158302417 4
vertex 81.12739759876663 -101.64242124854806 4
endloop
endfacet
facet normal 0 0 1
outer loop
vertex 252.0743100012313 -101.64242124854806 4
vertex 251.9889513793968 -101.36103158302417 4
vertex 250.98895137939598 -101.36103158302417 4
endloop
endfacet
facet normal 0 0 1
outer loop
vertex 252.0743100012313 -101.64242124854806 4
vertex 250.98895137939598 -101.36103158302417 4
vertex 251.0081660989928 -101.55612190504033 4
endloop
endfacet
facet normal 0 0 1
outer loop
vertex 252.0743100012313 -101.64242124854806 4
vertex 251.0081660989928 -101.55612190504033 4
vertex 251.03434471863955 -101.64242124854806 4
endloop
endfacet
facet normal 0 0 1
outer loop
vertex 255.88591388136004 -101.64242124854806 4
vertex 255.91209250100812 -101.55612190504033 4
vertex 255.93130722060397 -101.36103158302417 4
endloop
endfacet
facet normal 0 0 1
outer loop
vertex 255.88591388136004 -101.64242124854806 4
vertex 255.93130722060397 -101.36103158302417 4
vertex 254.93130722060636 -101.36103158302417 4
endloop
endfacet
facet normal 0 0 1
outer loop
vertex 255.88591388136004 -101.64242124854806 4
vertex 254.93130722060636 -101.36103158302417 4
vertex 254.8459485987671 -101.64242124854806 4
endloop
endfacet
facet normal 0 0 1
outer loop
vertex 164.47956715073047 -101.51606129335694 4
vertex 164.47672027243095 -101.46975073268577 4
vertex 164.43952323457643 -101.30766224999745 4
endloop
endfacet
facet normal 0 0 1
outer loop
vertex 164.47956715073047 -101.51606129335694 4
vertex 164.43952323457643 -101.30766224999745 4
vertex 161.07365407224322 -101.30766224999745 4
endloop
endfacet
facet normal 0 0 1
outer loop
vertex 164.47956715073047 -101.51606129335694 4
vertex 161.07365407224322 -101.30766224999745 4
vertex 161.3269379359756 -101.51606129335694 4
endloop
endfacet
facet normal 0 0 1
outer loop
vertex 171.87476772683243 -101.51606129335694 4
vertex 172.1280529000026 -101.30766224999745 4
vertex 168.76218736542359 -101.30766224999745 4
endloop
endfacet
facet normal 0 0 1
outer loop
vertex 171.87476772683243 -101.51606129335694 4
vertex 168.76218736542359 -101.30766224999745 4
vertex 168.72499032756906 -101.46975073268577 4
endloop
endfacet
facet normal 0 0 1
outer loop
vertex 171.87476772683243 -101.51606129335694 4
vertex 168.72499032756906 -101.46975073268577 4
vertex 168.72214345883503 -101.51606129335694 4
endloop
endfacet
facet normal 0 0 1
outer loop
vertex 78.27040037939541 -101.36103158302417 4
vertex 78.24157830000013 -101.06839610000002 4
vertex 77.24157829999996 -101.06839610000002 4
endloop
endfacet
facet normal 0 0 1
outer loop
vertex 78.27040037939541 -101.36103158302417 4
vertex 77.24157829999996 -101.06839610000002 4
vertex 77.27040037939601 -101.36103158302417 4
endloop
endfacet
facet normal 0 0 1
outer loop
vertex 82.21275622060396 -101.36103158302417 4
vertex 82.2415782999997 -101.06839610000002 4
vertex 81.24157830000001 -101.06839610000002 4
endloop
endfacet
facet normal 0 0 1
outer loop
vertex 82.21275622060396 -101.36103158302417 4
vertex 81.24157830000001 -101.06839610000002 4
vertex 81.21275622060486 -101.36103158302417 4
endloop
endfacet
facet normal 0 0 1
outer loop
vertex 251.9889513793968 -101.36103158302417 4
vertex 251.9601293000016 -101.06839610000002 4
vertex 250.96012930000026 -101.06839610000002 4
endloop
endfacet
facet normal 0 0 1
outer loop
vertex 251.9889513793968 -101.36103158302417 4
vertex 250.96012930000026 -101.06839610000002 4
vertex 250.98895137939598 -101.36103158302417 4
endloop
endfacet
facet normal 0 0 1
outer loop
vertex 255.93130722060397 -101.36103158302417 4
vertex 255.96012930000003 -101.06839610000002 4
vertex 254.9601293000015 -101.06839610000002 4
endloop
endfacet
facet normal 0 0 1
outer loop
vertex 255.93130722060397 -101.36103158302417 4
vertex 254.9601293000015 -101.06839610000002 4
vertex 254.93130722060636 -101.36103158302417 4
endloop
endfacet
facet normal 0 0 1
outer loop
vertex 78.24157830000013 -101.06839610000002 4
vertex 78.27040037939491 -100.77576061697573 4
vertex 77.27040037939696 -100.77576061697573 4
endloop
endfacet
facet normal 0 0 1
outer loop
vertex 78.24157830000013 -101.06839610000002 4
vertex 77.27040037939696 -100.77576061697573 4
vertex 77.24157829999996 -101.06839610000002 4
endloop
endfacet
facet normal 0 0 1
outer loop
vertex 82.2415782999997 -101.06839610000002 4
vertex 82.21275622060305 -100.77576061697573 4
vertex 81.21275622060467 -100.77576061697573 4
endloop
endfacet
facet normal 0 0 1
outer loop
vertex 82.2415782999997 -101.06839610000002 4
vertex 81.21275622060467 -100.77576061697573 4
vertex 81.24157830000001 -101.06839610000002 4
endloop
endfacet
facet normal 0 0 1
outer loop
vertex 251.9601293000016 -101.06839610000002 4
vertex 251.9889513793951 -100.77576061697573 4
vertex 250.98895137939675 -100.77576061697573 4
endloop
endfacet
facet normal 0 0 1
outer loop
vertex 251.9601293000016 -101.06839610000002 4
vertex 250.98895137939675 -100.77576061697573 4
vertex 250.96012930000026 -101.06839610000002 4
endloop
endfacet
facet normal 0 0 1
outer loop
vertex 255.96012930000003 -101.06839610000002 4
vertex 255.93130722060306 -100.77576061697573 4
vertex 254.93130722060624 -100.77576061697573 4
endloop
endfacet
facet normal 0 0 1
outer loop
vertex 255.96012930000003 -101.06839610000002 4
vertex 254.93130722060624 -100.77576061697573 4
vertex 254.9601293000015 -101.06839610000002 4
endloop
endfacet
facet normal 0 0 1
outer loop
vertex 78.27040037939491 -100.77576061697573 4
vertex 78.35575900123256 -100.49437095145208 4
vertex 77.31579371863442 -100.49437095145208 4
endloop
endfacet
facet normal 0 0 1
outer loop
vertex 78.27040037939491 -100.77576061697573 4
vertex 77.31579371863442 -100.49437095145208 4
vertex 77.28961509899234 -100.58067029495979 4
endloop
endfacet
facet normal 0 0 1
outer loop
vertex 78.27040037939491 -100.77576061697573 4
vertex 77.28961509899234 -100.58067029495979 4
vertex 77.27040037939696 -100.77576061697573 4
endloop
endfacet
facet normal 0 0 1
outer loop
vertex 82.21275622060305 -100.77576061697573 4
vertex 82.1935415010082 -100.58067029495979 4
vertex 82.16736288136558 -100.49437095145208 4
endloop
endfacet
facet normal 0 0 1
outer loop
vertex 82.21275622060305 -100.77576061697573 4
vertex 82.16736288136558 -100.49437095145208 4
vertex 81.1273975987702 -100.49437095145208 4
endloop
endfacet
facet normal 0 0 1
outer loop
vertex 82.21275622060305 -100.77576061697573 4
vertex 81.1273975987702 -100.49437095145208 4
vertex 81.21275622060467 -100.77576061697573 4
endloop
endfacet
facet normal 0 0 1
outer loop
vertex 251.9889513793951 -100.77576061697573 4
vertex 252.07431000123321 -100.49437095145208 4
vertex 251.0343447186346 -100.49437095145208 4
endloop
endfacet
facet normal 0 0 1
outer loop
vertex 251.9889513793951 -100.77576061697573 4
vertex 251.0343447186346 -100.49437095145208 4
vertex 251.0081660989919 -100.58067029495979 4
endloop
endfacet
facet normal 0 0 1
outer loop
vertex 251.9889513793951 -100.77576061697573 4
vertex 251.0081660989919 -100.58067029495979 4
vertex 250.98895137939675 -100.77576061697573 4
endloop
endfacet
facet normal 0 0 1
outer loop
vertex 255.93130722060306 -100.77576061697573 4
vertex 255.9120925010085 -100.58067029495979 4
vertex 255.8859138813656 -100.49437095145208 4
endloop
endfacet
facet normal 0 0 1
outer loop
vertex 255.93130722060306 -100.77576061697573 4
vertex 255.8859138813656 -100.49437095145208 4
vertex 254.845948598765 -100.49437095145208 4
endloop
endfacet
facet normal 0 0 1
outer loop
vertex 255.93130722060306 -100.77576061697573 4
vertex 254.845948598765 -100.49437095145208 4
vertex 254.93130722060624 -100.77576061697573 4
endloop
endfacet
facet normal 0 0 1
outer loop
vertex 78.35575900123256 -100.49437095145208 4
vertex 78.49437388154652 -100.2350407504709 4
vertex 77.39446067507437 -100.2350407504709 4
endloop
endfacet
facet normal 0 0 1
outer loop
vertex 78.35575900123256 -100.49437095145208 4
vertex 77.39446067507437 -100.2350407504709 4
vertex 77.31579371863442 -100.49437095145208 4
endloop
endfacet
facet normal 0 0 1
outer loop
vertex 82.16736288136558 -100.49437095145208 4
vertex 82.08869592492567 -100.2350407504709 4
vertex 80.9887827184519 -100.2350407504709 4
endloop
endfacet
facet normal 0 0 1
outer loop
vertex 82.16736288136558 -100.49437095145208 4
vertex 80.9887827184519 -100.2350407504709 4
vertex 81.1273975987702 -100.49437095145208 4
endloop
endfacet
facet normal 0 0 1
outer loop
vertex 252.07431000123321 -100.49437095145208 4
vertex 252.21292488154523 -100.2350407504709 4
vertex 251.11301167507517 -100.2350407504709 4
endloop
endfacet
facet normal 0 0 1
outer loop
vertex 252.07431000123321 -100.49437095145208 4
vertex 251.11301167507517 -100.2350407504709 4
vertex 251.0343447186346 -100.49437095145208 4
endloop
endfacet
facet normal 0 0 1
outer loop
vertex 255.8859138813656 -100.49437095145208 4
vertex 255.80724692492566 -100.2350407504709 4
vertex 254.70733371845205 -100.2350407504709 4
endloop
endfacet
facet normal 0 0 1
outer loop
vertex 255.8859138813656 -100.49437095145208 4
vertex 254.70733371845205 -100.2350407504709 4
vertex 254.845948598765 -100.49437095145208 4
endloop
endfacet
facet normal 0 0 1
outer loop
vertex 78.49437388154652 -100.2350407504709 4
vertex 78.68091812821979 -100.00773592821972 4
vertex 77.48744275163445 -100.00773592821972 4
endloop
endfacet
facet normal 0 0 1
outer loop
vertex 78.49437388154652 -100.2350407504709 4
vertex 77.48744275163445 -100.00773592821972 4
vertex 77.43187946872212 -100.11168751908747 4
endloop
endfacet
facet normal 0 0 1
outer loop
vertex 78.49437388154652 -100.2350407504709 4
vertex 77.43187946872212 -100.11168751908747 4
vertex 77.39446067507437 -100.2350407504709 4
endloop
endfacet
facet normal 0 0 1
outer loop
vertex 82.08869592492567 -100.2350407504709 4
vertex 82.05127713127908 -100.11168751908747 4
vertex 81.99571384836558 -100.00773592821972 4
endloop
endfacet
facet normal 0 0 1
outer loop
vertex 82.08869592492567 -100.2350407504709 4
vertex 81.99571384836558 -100.00773592821972 4
vertex 80.80223847178112 -100.00773592821972 4
endloop
endfacet
facet normal 0 0 1
outer loop
vertex 82.08869592492567 -100.2350407504709 4
vertex 80.80223847178112 -100.00773592821972 4
vertex 80.9887827184519 -100.2350407504709 4
endloop
endfacet
facet normal 0 0 1
outer loop
vertex 252.21292488154523 -100.2350407504709 4
vertex 252.39946912821927 -100.00773592821972 4
vertex 251.20599375163442 -100.00773592821972 4
endloop
endfacet
facet normal 0 0 1
outer loop
vertex 252.21292488154523 -100.2350407504709 4
vertex 251.20599375163442 -100.00773592821972 4
vertex 251.15043046872069 -100.11168751908747 4
endloop
endfacet
facet normal 0 0 1
outer loop
vertex 252.21292488154523 -100.2350407504709 4
vertex 251.15043046872069 -100.11168751908747 4
vertex 251.11301167507517 -100.2350407504709 4
endloop
endfacet
facet normal 0 0 1
outer loop
vertex 255.80724692492566 -100.2350407504709 4
vertex 255.76982813128012 -100.11168751908747 4
vertex 255.71426484836556 -100.00773592821972 4
endloop
endfacet
facet normal 0 0 1
outer loop
vertex 255.80724692492566 -100.2350407504709 4
vertex 255.71426484836556 -100.00773592821972 4
vertex 254.52078947178225 -100.00773592821972 4
endloop
endfacet
facet normal 0 0 1
outer loop
vertex 255.80724692492566 -100.2350407504709 4
vertex 254.52078947178225 -100.00773592821972 4
vertex 254.70733371845205 -100.2350407504709 4
endloop
endfacet
facet normal 0 0 1
outer loop
vertex 78.68091812821979 -100.00773592821972 4
vertex 78.90822295047082 -99.82119168154658 4
vertex 77.58715272883451 -99.82119168154658 4
endloop
endfacet
facet normal 0 0 1
outer loop
vertex 78.68091812821979 -100.00773592821972 4
vertex 77.58715272883451 -99.82119168154658 4
vertex 77.48744275163445 -100.00773592821972 4
endloop
endfacet
facet normal 0 0 1
outer loop
vertex 81.99571384836558 -100.00773592821972 4
vertex 81.89600387116552 -99.82119168154658 4
vertex 80.57493364952862 -99.82119168154658 4
endloop
endfacet
facet normal 0 0 1
outer loop
vertex 81.99571384836558 -100.00773592821972 4
vertex 80.57493364952862 -99.82119168154658 4
vertex 80.80223847178112 -100.00773592821972 4
endloop
endfacet
facet normal 0 0 1
outer loop
vertex 252.39946912821927 -100.00773592821972 4
vertex 252.62677395047172 -99.82119168154658 4
vertex 251.30570372883443 -99.82119168154658 4
endloop
endfacet
facet normal 0 0 1
outer loop
vertex 252.39946912821927 -100.00773592821972 4
vertex 251.30570372883443 -99.82119168154658 4
vertex 251.20599375163442 -100.00773592821972 4
endloop
endfacet
facet normal 0 0 1
outer loop
vertex 255.71426484836556 -100.00773592821972 4
vertex 255.61455487116547 -99.82119168154658 4
vertex 254.29348464952795 -99.82119168154658 4
endloop
endfacet
facet normal 0 0 1
outer loop
vertex 255.71426484836556 -100.00773592821972 4
vertex 254.29348464952795 -99.82119168154658 4
vertex 254.52078947178225 -100.00773592821972 4
endloop
endfacet
facet normal 0 0 1
outer loop
vertex 78.90822295047082 -99.82119168154658 4
vertex 79.16755315145294 -99.68257680123494 4
vertex 77.66124392597119 -99.68257680123494 4
endloop
endfacet
facet normal 0 0 1
outer loop
vertex 78.90822295047082 -99.82119168154658 4
vertex 77.66124392597119 -99.68257680123494 4
vertex 77.58715272883451 -99.82119168154658 4
endloop
endfacet
facet normal 0 0 1
outer loop
vertex 81.89600387116552 -99.82119168154658 4
vertex 81.8219126740289 -99.68257680123494 4
vertex 80.31560344854711 -99.68257680123494 4
endloop
endfacet
facet normal 0 0 1
outer loop
vertex 81.89600387116552 -99.82119168154658 4
vertex 80.31560344854711 -99.68257680123494 4
vertex 80.57493364952862 -99.82119168154658 4
endloop
endfacet
facet normal 0 0 1
outer loop
vertex 252.62677395047172 -99.82119168154658 4
vertex 252.88610415145223 -99.68257680123494 4
vertex 251.37979492597105 -99.68257680123494 4
endloop
endfacet
facet normal 0 0 1
outer loop
vertex 252.62677395047172 -99.82119168154658 4
vertex 251.37979492597105 -99.68257680123494 4
vertex 251.30570372883443 -99.82119168154658 4
endloop
endfacet
facet normal 0 0 1
outer loop
vertex 255.61455487116547 -99.82119168154658 4
vertex 255.5404636740288 -99.68257680123494 4
vertex 254.03415444854986 -99.68257680123494 4
endloop
endfacet
facet normal 0 0 1
outer loop
vertex 255.61455487116547 -99.82119168154658 4
vertex 254.03415444854986 -99.68257680123494 4
vertex 254.29348464952795 -99.82119168154658 4
endloop
endfacet
facet normal 0 0 1
outer loop
vertex 79.16755315145294 -99.68257680123494 4
vertex 79.44894281697594 -99.59721817939653 4
vertex 77.73040701858308 -99.59721817939653 4
endloop
endfacet
facet normal 0 0 1
outer loop
vertex 79.16755315145294 -99.68257680123494 4
vertex 77.73040701858308 -99.59721817939653 4
vertex 77.66290426924331 -99.67947051745074 4
endloop
endfacet
facet normal 0 0 1
outer loop
vertex 79.16755315145294 -99.68257680123494 4
vertex 77.66290426924331 -99.67947051745074 4
vertex 77.66124392597119 -99.68257680123494 4
endloop
endfacet
facet normal 0 0 1
outer loop
vertex 81.8219126740289 -99.68257680123494 4
vertex 81.82025233075689 -99.67947051745074 4
vertex 81.75274958141698 -99.59721817939653 4
endloop
endfacet
facet normal 0 0 1
outer loop
vertex 81.8219126740289 -99.68257680123494 4
vertex 81.75274958141698 -99.59721817939653 4
vertex 80.03421378302409 -99.59721817939653 4
endloop
endfacet
facet normal 0 0 1
outer loop
vertex 81.8219126740289 -99.68257680123494 4
vertex 80.03421378302409 -99.59721817939653 4
vertex 80.31560344854711 -99.68257680123494 4
endloop
endfacet
facet normal 0 0 1
outer loop
vertex 252.88610415145223 -99.68257680123494 4
vertex 253.16749381697596 -99.59721817939653 4
vertex 251.4489580185832 -99.59721817939653 4
endloop
endfacet
facet normal 0 0 1
outer loop
vertex 252.88610415145223 -99.68257680123494 4
vertex 251.4489580185832 -99.59721817939653 4
vertex 251.38145526924296 -99.67947051745074 4
endloop
endfacet
facet normal 0 0 1
outer loop
vertex 252.88610415145223 -99.68257680123494 4
vertex 251.38145526924296 -99.67947051745074 4
vertex 251.37979492597105 -99.68257680123494 4
endloop
endfacet
facet normal 0 0 1
outer loop
vertex 255.5404636740288 -99.68257680123494 4
vertex 255.53880333075747 -99.67947051745074 4
vertex 255.4713005814169 -99.59721817939653 4
endloop
endfacet
facet normal 0 0 1
outer loop
vertex 255.5404636740288 -99.68257680123494 4
vertex 255.4713005814169 -99.59721817939653 4
vertex 253.75276478302405 -99.59721817939653 4
endloop
endfacet
facet normal 0 0 1
outer loop
vertex 255.5404636740288 -99.68257680123494 4
vertex 253.75276478302405 -99.59721817939653 4
vertex 254.03415444854986 -99.68257680123494 4
endloop
endfacet
facet normal 0 0 1
outer loop
vertex 79.44894281697594 -99.59721817939653 4
vertex 79.74157830000006 -99.5683960999994 4
vertex 77.75406068784905 -99.5683960999994 4
endloop
endfacet
facet normal 0 0 1
outer loop
vertex 79.44894281697594 -99.59721817939653 4
vertex 77.75406068784905 -99.5683960999994 4
vertex 77.73040701858308 -99.59721817939653 4
endloop
endfacet
facet normal 0 0 1
outer loop
vertex 81.75274958141698 -99.59721817939653 4
vertex 81.729095912151 -99.5683960999994 4
vertex 79.74157830000006 -99.5683960999994 4
endloop
endfacet
facet normal 0 0 1
outer loop
vertex 81.75274958141698 -99.59721817939653 4
vertex 79.74157830000006 -99.5683960999994 4
vertex 80.03421378302409 -99.59721817939653 4
endloop
endfacet
facet normal 0 0 1
outer loop
vertex 253.16749381697596 -99.59721817939653 4
vertex 253.46012930000012 -99.5683960999994 4
vertex 251.47261168784928 -99.5683960999994 4
endloop
endfacet
facet normal 0 0 1
outer loop
vertex 253.16749381697596 -99.59721817939653 4
vertex 251.47261168784928 -99.5683960999994 4
vertex 251.4489580185832 -99.59721817939653 4
endloop
endfacet
facet normal 0 0 1
outer loop
vertex 255.4713005814169 -99.59721817939653 4
vertex 255.44764691215093 -99.5683960999994 4
vertex 253.46012930000012 -99.5683960999994 4
endloop
endfacet
facet normal 0 0 1
outer loop
vertex 255.4713005814169 -99.59721817939653 4
vertex 253.46012930000012 -99.5683960999994 4
vertex 253.75276478302405 -99.59721817939653 4
endloop
endfacet
facet normal 0 0 1
outer loop
vertex 79.74157830000006 -99.5683960999994 4
vertex 81.729095912151 -99.5683960999994 4
vertex 81.50934525296701 -99.30062914703313 4
endloop
endfacet
facet normal 0 0 1
outer loop
vertex 79.74157830000006 -99.5683960999994 4
vertex 81.50934525296701 -99.30062914703313 4
vertex 81.1305038825497 -98.98972206924282 4
endloop
endfacet
facet normal 0 0 1
outer loop
vertex 79.74157830000006 -99.5683960999994 4
vertex 81.1305038825497 -98.98972206924282 4
vertex 80.6982868809128 -98.75869726872168 4
endloop
endfacet
facet normal 0 0 1
outer loop
vertex 79.74157830000006 -99.5683960999994 4
vertex 80.6982868809128 -98.75869726872168 4
vertex 80.22930410504082 -98.61643289899037 4
endloop
endfacet
facet normal 0 0 1
outer loop
vertex 79.74157830000006 -99.5683960999994 4
vertex 80.22930410504082 -98.61643289899037 4
vertex 79.74157829999999 -98.56839610000023 4
endloop
endfacet
facet normal 0 0 1
outer loop
vertex 79.74157830000006 -99.5683960999994 4
vertex 79.74157829999999 -98.56839610000023 4
vertex 79.25385249495966 -98.61643289899037 4
endloop
endfacet
facet normal 0 0 1
outer loop
vertex 79.74157830000006 -99.5683960999994 4
vertex 79.25385249495966 -98.61643289899037 4
vertex 78.78486971908708 -98.75869726872168 4
endloop
endfacet
facet normal 0 0 1
outer loop
vertex 79.74157830000006 -99.5683960999994 4
vertex 78.78486971908708 -98.75869726872168 4
vertex 78.3526527174511 -98.98972206924282 4
endloop
endfacet
facet normal 0 0 1
outer loop
vertex 79.74157830000006 -99.5683960999994 4
vertex 78.3526527174511 -98.98972206924282 4
vertex 77.97381134703393 -99.30062914703313 4
endloop
endfacet
facet normal 0 0 1
outer loop
vertex 79.74157830000006 -99.5683960999994 4
vertex 77.97381134703393 -99.30062914703313 4
vertex 77.75406068784905 -99.5683960999994 4
endloop
endfacet
facet normal 0 0 1
outer loop
vertex 253.46012930000012 -99.5683960999994 4
vertex 255.44764691215093 -99.5683960999994 4
vertex 255.227896252966 -99.30062914703313 4
endloop
endfacet
facet normal 0 0 1
outer loop
vertex 253.46012930000012 -99.5683960999994 4
vertex 255.227896252966 -99.30062914703313 4
vertex 254.84905488254546 -98.98972206924282 4
endloop
endfacet
facet normal 0 0 1
outer loop
vertex 253.46012930000012 -99.5683960999994 4
vertex 254.84905488254546 -98.98972206924282 4
vertex 254.41683788091254 -98.75869726872168 4
endloop
endfacet
facet normal 0 0 1
outer loop
vertex 253.46012930000012 -99.5683960999994 4
vertex 254.41683788091254 -98.75869726872168 4
vertex 253.9478551050402 -98.61643289899037 4
endloop
endfacet
facet normal 0 0 1
outer loop
vertex 253.46012930000012 -99.5683960999994 4
vertex 253.9478551050402 -98.61643289899037 4
vertex 253.46012929999995 -98.56839610000023 4
endloop
endfacet
facet normal 0 0 1
outer loop
vertex 253.46012930000012 -99.5683960999994 4
vertex 253.46012929999995 -98.56839610000023 4
vertex 252.97240349495965 -98.61643289899037 4
endloop
endfacet
facet normal 0 0 1
outer loop
vertex 253.46012930000012 -99.5683960999994 4
vertex 252.97240349495965 -98.61643289899037 4
vertex 252.50342071908804 -98.75869726872168 4
endloop
endfacet
facet normal 0 0 1
outer loop
vertex 253.46012930000012 -99.5683960999994 4
vertex 252.50342071908804 -98.75869726872168 4
vertex 252.07120371745143 -98.98972206924282 4
endloop
endfacet
facet normal 0 0 1
outer loop
vertex 253.46012930000012 -99.5683960999994 4
vertex 252.07120371745143 -98.98972206924282 4
vertex 251.6923623470338 -99.30062914703313 4
endloop
endfacet
facet normal 0 0 1
outer loop
vertex 253.46012930000012 -99.5683960999994 4
vertex 251.6923623470338 -99.30062914703313 4
vertex 251.47261168784928 -99.5683960999994 4
endloop
endfacet
facet normal 0 0 1
outer loop
vertex 172.1280529000026 -101.30766224999745 4
vertex 186.81775399999518 -91.11949810000262 4
vertex 186.93880602466442 -91.02856613360713 4
endloop
endfacet
facet normal 0 0 1
outer loop
vertex 172.1280529000026 -101.30766224999745 4
vertex 186.93880602466442 -91.02856613360713 4
vertex 187.05263010243263 -90.92874213018915 4
endloop
endfacet
facet normal 0 0 1
outer loop
vertex 172.1280529000026 -101.30766224999745 4
vertex 187.05263010243263 -90.92874213018915 4
vertex 187.1585770000365 -90.82059404996123 4
endloop
endfacet
facet normal 0 0 1
outer loop
vertex 172.1280529000026 -101.30766224999745 4
vertex 187.1585770000365 -90.82059404996123 4
vertex 187.9726027058586 -89.92415320000045 4
endloop
endfacet
facet normal 0 0 1
outer loop
vertex 172.1280529000026 -101.30766224999745 4
vertex 187.9726027058586 -89.92415320000045 4
vertex 184.25432849999942 -89.92415320000045 4
endloop
endfacet
facet normal 0 0 1
outer loop
vertex 172.1280529000026 -101.30766224999745 4
vertex 184.25432849999942 -89.92415320000045 4
vertex 169.56463014999943 -100.1123198000004 4
endloop
endfacet
facet normal 0 0 1
outer loop
vertex 172.1280529000026 -101.30766224999745 4
vertex 169.56463014999943 -100.1123198000004 4
vertex 169.31134497683144 -100.32071884335812 4
endloop
endfacet
facet normal 0 0 1
outer loop
vertex 172.1280529000026 -101.30766224999745 4
vertex 169.31134497683144 -100.32071884335812 4
vertex 169.09552824056132 -100.56771414000526 4
endloop
endfacet
facet normal 0 0 1
outer loop
vertex 172.1280529000026 -101.30766224999745 4
vertex 169.09552824056132 -100.56771414000526 4
vertex 168.922984523322 -100.846662532833 4
endloop
endfacet
facet normal 0 0 1
outer loop
vertex 172.1280529000026 -101.30766224999745 4
vertex 168.922984523322 -100.846662532833 4
vertex 168.79835454109923 -101.15006145793136 4
endloop
endfacet
facet normal 0 0 1
outer loop
vertex 172.1280529000026 -101.30766224999745 4
vertex 168.79835454109923 -101.15006145793136 4
vertex 168.76218736542359 -101.30766224999745 4
endloop
endfacet
facet normal 0 0 1
outer loop
vertex 164.43952323457643 -101.30766224999745 4
vertex 164.40335605890078 -101.15006145793136 4
vertex 164.27872607667794 -100.846662532833 4
endloop
endfacet
facet normal 0 0 1
outer loop
vertex 164.43952323457643 -101.30766224999745 4
vertex 164.27872607667794 -100.846662532833 4
vertex 164.1061823594387 -100.56771414000526 4
endloop
endfacet
facet normal 0 0 1
outer loop
vertex 164.43952323457643 -101.30766224999745 4
vertex 164.1061823594387 -100.56771414000526 4
vertex 164.07543011994514 -100.53251809336881 4
endloop
endfacet
facet normal 0 0 1
outer loop
vertex 164.43952323457643 -101.30766224999745 4
vertex 164.07543011994514 -100.53251809336881 4
vertex 163.89036562316883 -100.32071884335812 4
endloop
endfacet
facet normal 0 0 1
outer loop
vertex 164.43952323457643 -101.30766224999745 4
vertex 163.89036562316883 -100.32071884335812 4
vertex 163.6370809000001 -100.11231740000007 4
endloop
endfacet
facet normal 0 0 1
outer loop
vertex 164.43952323457643 -101.30766224999745 4
vertex 163.6370809000001 -100.11231740000007 4
vertex 148.9473756000002 -89.92414710000016 4
endloop
endfacet
facet normal 0 0 1
outer loop
vertex 164.43952323457643 -101.30766224999745 4
vertex 148.9473756000002 -89.92414710000016 4
vertex 145.22909873620134 -89.92414710000016 4
endloop
endfacet
facet normal 0 0 1
outer loop
vertex 164.43952323457643 -101.30766224999745 4
vertex 145.22909873620134 -89.92414710000016 4
vertex 146.0431256998988 -90.82058909989335 4
endloop
endfacet
facet normal 0 0 1
outer loop
vertex 164.43952323457643 -101.30766224999745 4
vertex 146.0431256998988 -90.82058909989335 4
vertex 146.14907401492596 -90.92873953696171 4
endloop
endfacet
facet normal 0 0 1
outer loop
vertex 164.43952323457643 -101.30766224999745 4
vertex 146.14907401492596 -90.92873953696171 4
vertex 146.26289810540126 -91.0285702309494 4
endloop
endfacet
facet normal 0 0 1
outer loop
vertex 164.43952323457643 -101.30766224999745 4
vertex 146.26289810540126 -91.0285702309494 4
vertex 146.3839478499891 -91.11950454999473 4
endloop
endfacet
facet normal 0 0 1
outer loop
vertex 164.43952323457643 -101.30766224999745 4
vertex 146.3839478499891 -91.11950454999473 4
vertex 161.07365407224322 -101.30766224999745 4
endloop
endfacet
facet normal 0 0 1
outer loop
vertex 187.9726027058586 -89.92415320000045 4
vertex 188.05517307861902 -89.83322307996919 4
vertex 184.37538089967984 -89.83322307996919 4
endloop
endfacet
facet normal 0 0 1
outer loop
vertex 187.9726027058586 -89.92415320000045 4
vertex 184.37538089967984 -89.83322307996919 4
vertex 184.25432849999942 -89.92415320000045 4
endloop
endfacet
facet normal 0 0 1
outer loop
vertex 148.9473756000002 -89.92414710000016 4
vertex 148.82632657534612 -89.83321918361605 4
vertex 145.1465303428214 -89.83321918361605 4
endloop
endfacet
facet normal 0 0 1
outer loop
vertex 148.9473756000002 -89.92414710000016 4
vertex 145.1465303428214 -89.83321918361605 4
vertex 145.22909873620134 -89.92414710000016 4
endloop
endfacet
facet normal 0 0 1
outer loop
vertex 148.82632657534612 -89.83321918361605 4
vertex 148.7125024975548 -89.7333951801778 4
vertex 145.0558837305111 -89.7333951801778 4
endloop
endfacet
facet normal 0 0 1
outer loop
vertex 148.82632657534612 -89.83321918361605 4
vertex 145.0558837305111 -89.7333951801778 4
vertex 145.1465303428214 -89.83321918361605 4
endloop
endfacet
facet normal 0 0 1
outer loop
vertex 188.05517307861902 -89.83322307996919 4
vertex 188.14582575416864 -89.73339237322405 4
vertex 184.4892116841272 -89.73339237322405 4
endloop
endfacet
facet normal 0 0 1
outer loop
vertex 188.05517307861902 -89.83322307996919 4
vertex 184.4892116841272 -89.73339237322405 4
vertex 184.37538089967984 -89.83322307996919 4
endloop
endfacet
facet normal 0 0 1
outer loop
vertex 148.7125024975548 -89.7333951801778 4
vertex 148.6065512 -89.6252442 4
vertex 144.95767568802145 -89.6252442 4
endloop
endfacet
facet normal 0 0 1
outer loop
vertex 148.7125024975548 -89.7333951801778 4
vertex 144.95767568802145 -89.6252442 4
vertex 145.0558837305111 -89.7333951801778 4
endloop
endfacet
facet normal 0 0 1
outer loop
vertex 188.14582575416864 -89.73339237322405 4
vertex 188.24403812327364 -89.62523660000036 4
vertex 184.5951642499997 -89.62523660000036 4
endloop
endfacet
facet normal 0 0 1
outer loop
vertex 188.14582575416864 -89.73339237322405 4
vertex 184.5951642499997 -89.62523660000036 4
vertex 184.4892116841272 -89.73339237322405 4
endloop
endfacet
facet normal 0 0 1
outer loop
vertex 45.640875799997076 -133.35938775000713 4
vertex 65.55929239999614 -78.63401264996855 4
vertex 63.430937509396784 -78.63401264996855 4
endloop
endfacet
facet normal 0 0 1
outer loop
vertex 45.640875799997076 -133.35938775000713 4
vertex 63.430937509396784 -78.63401264996855 4
vertex 43.51253355553325 -133.35938775000713 4
endloop
endfacet
facet normal 0 0 1
outer loop
vertex 289.68917946387324 -133.359392200039 4
vertex 269.77076664751576 -78.63401264996855 4
vertex 267.6424244499867 -78.63401264996855 4
endloop
endfacet
facet normal 0 0 1
outer loop
vertex 289.68917946387324 -133.359392200039 4
vertex 267.6424244499867 -78.63401264996855 4
vertex 287.5608240000102 -133.359392200039 4
endloop
endfacet
facet normal 0 0 1
outer loop
vertex 65.55929239999614 -78.63401264996855 4
vertex 65.683020555211 -78.36011277712713 4
vertex 63.530628930721576 -78.36011277712713 4
endloop
endfacet
facet normal 0 0 1
outer loop
vertex 65.55929239999614 -78.63401264996855 4
vertex 63.530628930721576 -78.36011277712713 4
vertex 63.430937509396784 -78.63401264996855 4
endloop
endfacet
facet normal 0 0 1
outer loop
vertex 269.77076664751576 -78.63401264996855 4
vertex 269.67107301254345 -78.36010668854047 4
vertex 267.51869772649263 -78.36010668854047 4
endloop
endfacet
facet normal 0 0 1
outer loop
vertex 269.77076664751576 -78.63401264996855 4
vertex 267.51869772649263 -78.36010668854047 4
vertex 267.6424244499867 -78.63401264996855 4
endloop
endfacet
facet normal 0 0 1
outer loop
vertex 65.683020555211 -78.36011277712713 4
vertex 65.84639267633895 -78.10784162412745 4
vertex 63.62244816449646 -78.10784162412745 4
endloop
endfacet
facet normal 0 0 1
outer loop
vertex 65.683020555211 -78.36011277712713 4
vertex 63.62244816449646 -78.10784162412745 4
vertex 63.530628930721576 -78.36011277712713 4
endloop
endfacet
facet normal 0 0 1
outer loop
vertex 269.67107301254345 -78.36010668854047 4
vertex 269.5792533518781 -78.10783428981091 4
vertex 267.35532265307745 -78.10783428981091 4
endloop
endfacet
facet normal 0 0 1
outer loop
vertex 269.67107301254345 -78.36010668854047 4
vertex 267.35532265307745 -78.10783428981091 4
vertex 267.51869772649263 -78.36010668854047 4
endloop
endfacet
facet normal 0 0 1
outer loop
vertex 65.84639267633895 -78.10784162412745 4
vertex 66.04572316407835 -77.8829004290197 4
vertex 63.70432010242362 -77.8829004290197 4
endloop
endfacet
facet normal 0 0 1
outer loop
vertex 65.84639267633895 -78.10784162412745 4
vertex 63.70432010242362 -77.8829004290197 4
vertex 63.62244816449646 -78.10784162412745 4
endloop
endfacet
facet normal 0 0 1
outer loop
vertex 269.5792533518781 -78.10783428981091 4
vertex 269.4973812467094 -77.88289257024559 4
vertex 267.15598876066747 -77.88289257024559 4
endloop
endfacet
facet normal 0 0 1
outer loop
vertex 269.5792533518781 -78.10783428981091 4
vertex 267.15598876066747 -77.88289257024559 4
vertex 267.35532265307745 -78.10783428981091 4
endloop
endfacet
facet normal 0 0 1
outer loop
vertex 66.04572316407835 -77.8829004290197 4
vertex 66.2765105786569 -77.69036899296061 4
vertex 63.77439584721773 -77.69036899296061 4
endloop
endfacet
facet normal 0 0 1
outer loop
vertex 66.04572316407835 -77.8829004290197 4
vertex 63.77439584721773 -77.69036899296061 4
vertex 63.70432010242362 -77.8829004290197 4
endloop
endfacet
facet normal 0 0 1
outer loop
vertex 269.4973812467094 -77.88289257024559 4
vertex 269.42730563078436 -77.69036143264663 4
vertex 266.92519764549667 -77.69036143264663 4
endloop
endfacet
facet normal 0 0 1
outer loop
vertex 269.4973812467094 -77.88289257024559 4
vertex 266.92519764549667 -77.69036143264663 4
vertex 267.15598876066747 -77.88289257024559 4
endloop
endfacet
facet normal 0 0 1
outer loop
vertex 66.2765105786569 -77.69036899296061 4
vertex 66.53354309494223 -77.53459521411999 4
vertex 63.83109289262025 -77.53459521411999 4
endloop
endfacet
facet normal 0 0 1
outer loop
vertex 66.2765105786569 -77.69036899296061 4
vertex 63.83109289262025 -77.53459521411999 4
vertex 63.77439584721773 -77.69036899296061 4
endloop
endfacet
facet normal 0 0 1
outer loop
vertex 269.42730563078436 -77.69036143264663 4
vertex 269.3706090353131 -77.53458884499284 4
vertex 266.6681613080398 -77.53458884499284 4
endloop
endfacet
facet normal 0 0 1
outer loop
vertex 269.42730563078436 -77.69036143264663 4
vertex 266.6681613080398 -77.53458884499284 4
vertex 266.92519764549667 -77.69036143264663 4
endloop
endfacet
facet normal 0 0 1
outer loop
vertex 66.53354309494223 -77.53459521411999 4
vertex 66.81101619996042 -77.41909530001513 4
vertex 63.873131443156325 -77.41909530001513 4
endloop
endfacet
facet normal 0 0 1
outer loop
vertex 66.53354309494223 -77.53459521411999 4
vertex 63.873131443156325 -77.41909530001513 4
vertex 63.83109289262025 -77.53459521411999 4
endloop
endfacet
facet normal 0 0 1
outer loop
vertex 269.3706090353131 -77.53458884499284 4
vertex 269.3285728150913 -77.41909530001513 4
vertex 266.39068890004637 -77.41909530001513 4
endloop
endfacet
facet normal 0 0 1
outer loop
vertex 269.3706090353131 -77.53458884499284 4
vertex 266.39068890004637 -77.41909530001513 4
vertex 266.6681613080398 -77.53458884499284 4
endloop
endfacet
facet normal 0 0 1
outer loop
vertex 148.6065512 -89.6252442 4
vertex 135.7436316222058 -75.46003144995201 4
vertex 132.09475189995263 -75.46003144995201 4
endloop
endfacet
facet normal 0 0 1
outer loop
vertex 148.6065512 -89.6252442 4
vertex 132.09475189995263 -75.46003144995201 4
vertex 144.95767568802145 -89.6252442 4
endloop
endfacet
facet normal 0 0 1
outer loop
vertex 188.24403812327364 -89.62523660000036 4
vertex 201.10695740000787 -75.4600250999932 4
vertex 197.45808227828854 -75.4600250999932 4
endloop
endfacet
facet normal 0 0 1
outer loop
vertex 188.24403812327364 -89.62523660000036 4
vertex 197.45808227828854 -75.4600250999932 4
vertex 184.5951642499997 -89.62523660000036 4
endloop
endfacet
facet normal 0 0 1
outer loop
vertex 135.7436316222058 -75.46003144995201 4
vertex 135.59012500816053 -75.29098321534711 4
vertex 131.921455579509 -75.29098321534711 4
endloop
endfacet
facet normal 0 0 1
outer loop
vertex 135.7436316222058 -75.46003144995201 4
vertex 131.921455579509 -75.29098321534711 4
vertex 132.09475189995263 -75.46003144995201 4
endloop
endfacet
facet normal 0 0 1
outer loop
vertex 201.10695740000787 -75.4600250999932 4
vertex 201.28025002051328 -75.29097931532802 4
vertex 197.61158666268653 -75.29097931532802 4
endloop
endfacet
facet normal 0 0 1
outer loop
vertex 201.10695740000787 -75.4600250999932 4
vertex 197.61158666268653 -75.29097931532802 4
vertex 197.45808227828854 -75.4600250999932 4
endloop
endfacet
facet normal 0 0 1
outer loop
vertex 135.59012500816053 -75.29098321534711 4
vertex 135.4567564445445 -75.14411188754603 4
vertex 131.72900368049332 -75.14411188754603 4
endloop
endfacet
facet normal 0 0 1
outer loop
vertex 135.59012500816053 -75.29098321534711 4
vertex 131.72900368049332 -75.14411188754603 4
vertex 131.921455579509 -75.29098321534711 4
endloop
endfacet
facet normal 0 0 1
outer loop
vertex 201.28025002051328 -75.29097931532802 4
vertex 201.47270191948851 -75.1441079875578 4
vertex 197.74495522197796 -75.1441079875578 4
endloop
endfacet
facet normal 0 0 1
outer loop
vertex 201.28025002051328 -75.29097931532802 4
vertex 197.74495522197796 -75.1441079875578 4
vertex 197.61158666268653 -75.29097931532802 4
endloop
endfacet
facet normal 0 0 1
outer loop
vertex 135.4567564445445 -75.14411188754603 4
vertex 135.34548007835838 -75.02156945916921 4
vertex 131.520216052575 -75.02156945916921 4
endloop
endfacet
facet normal 0 0 1
outer loop
vertex 135.4567564445445 -75.14411188754603 4
vertex 131.520216052575 -75.02156945916921 4
vertex 131.72900368049332 -75.14411188754603 4
endloop
endfacet
facet normal 0 0 1
outer loop
vertex 201.47270191948851 -75.1441079875578 4
vertex 201.68148954744 -75.0215655591615 4
vertex 197.8562315845969 -75.0215655591615 4
endloop
endfacet
facet normal 0 0 1
outer loop
vertex 201.47270191948851 -75.1441079875578 4
vertex 197.8562315845969 -75.0215655591615 4
vertex 197.74495522197796 -75.1441079875578 4
endloop
endfacet
facet normal 0 0 1
outer loop
vertex 135.34548007835838 -75.02156945916921 4
vertex 135.25792767315463 -74.92515290000556 4
vertex 131.29815380001364 -74.92515290000556 4
endloop
endfacet
facet normal 0 0 1
outer loop
vertex 135.34548007835838 -75.02156945916921 4
vertex 131.29815380001364 -74.92515290000556 4
vertex 131.520216052575 -75.02156945916921 4
endloop
endfacet
facet normal 0 0 1
outer loop
vertex 201.68148954744 -75.0215655591615 4
vertex 201.9035536999959 -74.9251475500002 4
vertex 197.94378530367072 -74.9251475500002 4
endloop
endfacet
facet normal 0 0 1
outer loop
vertex 201.68148954744 -75.0215655591615 4
vertex 197.94378530367072 -74.9251475500002 4
vertex 197.8562315845969 -75.0215655591615 4
endloop
endfacet
facet normal 0 0 1
outer loop
vertex 269.3285728150913 -77.41909530001513 4
vertex 268.8377568999999 -76.07058989999975 4
vertex 268.7140325447894 -75.79668577712786 4
endloop
endfacet
facet normal 0 0 1
outer loop
vertex 269.3285728150913 -77.41909530001513 4
vertex 268.7140325447894 -75.79668577712786 4
vertex 268.5506604236607 -75.54441462412709 4
endloop
endfacet
facet normal 0 0 1
outer loop
vertex 269.3285728150913 -77.41909530001513 4
vertex 268.5506604236607 -75.54441462412709 4
vertex 268.3513299359213 -75.31947342901938 4
endloop
endfacet
facet normal 0 0 1
outer loop
vertex 269.3285728150913 -77.41909530001513 4
vertex 268.3513299359213 -75.31947342901938 4
vertex 268.1205425213432 -75.12694199296067 4
endloop
endfacet
facet normal 0 0 1
outer loop
vertex 269.3285728150913 -77.41909530001513 4
vertex 268.1205425213432 -75.12694199296067 4
vertex 267.86351000506284 -74.97116821412305 4
endloop
endfacet
facet normal 0 0 1
outer loop
vertex 269.3285728150913 -77.41909530001513 4
vertex 267.86351000506284 -74.97116821412305 4
vertex 267.5860338 -74.8556698 4
endloop
endfacet
facet normal 0 0 1
outer loop
vertex 269.3285728150913 -77.41909530001513 4
vertex 267.5860338 -74.8556698 4
vertex 253.45237537299408 -70.18410449998547 4
endloop
endfacet
facet normal 0 0 1
outer loop
vertex 269.3285728150913 -77.41909530001513 4
vertex 253.45237537299408 -70.18410449998547 4
vertex 244.50148149995655 -70.18410449998547 4
endloop
endfacet
facet normal 0 0 1
outer loop
vertex 269.3285728150913 -77.41909530001513 4
vertex 244.50148149995655 -70.18410449998547 4
vertex 266.39068890004637 -77.41909530001513 4
endloop
endfacet
facet normal 0 0 1
outer loop
vertex 66.81101619996042 -77.41909530001513 4
vertex 88.70022290005888 -70.18410199998313 4
vertex 79.74932662899528 -70.18410199998313 4
endloop
endfacet
facet normal 0 0 1
outer loop
vertex 66.81101619996042 -77.41909530001513 4
vertex 79.74932662899528 -70.18410199998313 4
vertex 65.61566875000024 -74.8556698 4
endloop
endfacet
facet normal 0 0 1
outer loop
vertex 66.81101619996042 -77.41909530001513 4
vertex 65.61566875000024 -74.8556698 4
vertex 65.33819564493696 -74.97116821412305 4
endloop
endfacet
facet normal 0 0 1
outer loop
vertex 66.81101619996042 -77.41909530001513 4
vertex 65.33819564493696 -74.97116821412305 4
vertex 65.08116312865681 -75.12694199296067 4
endloop
endfacet
facet normal 0 0 1
outer loop
vertex 66.81101619996042 -77.41909530001513 4
vertex 65.08116312865681 -75.12694199296067 4
vertex 64.85037571407845 -75.31947342901938 4
endloop
endfacet
facet normal 0 0 1
outer loop
vertex 66.81101619996042 -77.41909530001513 4
vertex 64.85037571407845 -75.31947342901938 4
vertex 64.65104522633948 -75.54441462412709 4
endloop
endfacet
facet normal 0 0 1
outer loop
vertex 66.81101619996042 -77.41909530001513 4
vertex 64.65104522633948 -75.54441462412709 4
vertex 64.48767310521056 -75.79668577712786 4
endloop
endfacet
facet normal 0 0 1
outer loop
vertex 66.81101619996042 -77.41909530001513 4
vertex 64.48767310521056 -75.79668577712786 4
vertex 64.36394750000004 -76.07058989999975 4
endloop
endfacet
facet normal 0 0 1
outer loop
vertex 66.81101619996042 -77.41909530001513 4
vertex 64.36394750000004 -76.07058989999975 4
vertex 63.873131443156325 -77.41909530001513 4
endloop
endfacet
facet normal 0 0 1
outer loop
vertex 88.70022290005888 -70.18410199998313 4
vertex 88.87714904030099 -70.1345124581579 4
vertex 79.89935799877476 -70.1345124581579 4
endloop
endfacet
facet normal 0 0 1
outer loop
vertex 88.70022290005888 -70.18410199998313 4
vertex 79.89935799877476 -70.1345124581579 4
vertex 79.74932662899528 -70.18410199998313 4
endloop
endfacet
facet normal 0 0 1
outer loop
vertex 253.45237537299408 -70.18410449998547 4
vertex 253.30233183612603 -70.13451095816157 4
vertex 244.32455390971924 -70.13451095816157 4
endloop
endfacet
facet normal 0 0 1
outer loop
vertex 253.45237537299408 -70.18410449998547 4
vertex 244.32455390971924 -70.13451095816157 4
vertex 244.50148149995655 -70.18410449998547 4
endloop
endfacet
facet normal 0 0 1
outer loop
vertex 253.30233183612603 -70.13451095816157 4
vertex 253.20206199377137 -70.10136900000536 4
vertex 244.14382300003012 -70.10136900000536 4
endloop
endfacet
facet normal 0 0 1
outer loop
vertex 253.30233183612603 -70.13451095816157 4
vertex 244.14382300003012 -70.10136900000536 4
vertex 244.32455390971924 -70.13451095816157 4
endloop
endfacet
facet normal 0 0 1
outer loop
vertex 88.87714904030099 -70.1345124581579 4
vertex 89.05788145000675 -70.10136599999863 4
vertex 79.99964141213034 -70.10136599999863 4
endloop
endfacet
facet normal 0 0 1
outer loop
vertex 88.87714904030099 -70.1345124581579 4
vertex 79.99964141213034 -70.10136599999863 4
vertex 79.89935799877476 -70.1345124581579 4
endloop
endfacet
facet normal 0 0 1
outer loop
vertex 201.9035536999959 -74.9251475500002 4
vertex 222.58772529999263 -67.39673020000124 4
vertex 216.7401150695619 -67.39673020000124 4
endloop
endfacet
facet normal 0 0 1
outer loop
vertex 201.9035536999959 -74.9251475500002 4
vertex 216.7401150695619 -67.39673020000124 4
vertex 199.34013095000032 -73.72980509999985 4
endloop
endfacet
facet normal 0 0 1
outer loop
vertex 201.9035536999959 -74.9251475500002 4
vertex 199.34013095000032 -73.72980509999985 4
vertex 199.11806679743893 -73.82622200916354 4
endloop
endfacet
facet normal 0 0 1
outer loop
vertex 201.9035536999959 -74.9251475500002 4
vertex 199.11806679743893 -73.82622200916354 4
vertex 198.9092791694859 -73.94876443756073 4
endloop
endfacet
facet normal 0 0 1
outer loop
vertex 201.9035536999959 -74.9251475500002 4
vertex 198.9092791694859 -73.94876443756073 4
vertex 198.71682727050464 -74.09563576533533 4
endloop
endfacet
facet normal 0 0 1
outer loop
vertex 201.9035536999959 -74.9251475500002 4
vertex 198.71682727050464 -74.09563576533533 4
vertex 198.54353189999992 -74.26468020000009 4
endloop
endfacet
facet normal 0 0 1
outer loop
vertex 201.9035536999959 -74.9251475500002 4
vertex 198.54353189999992 -74.26468020000009 4
vertex 197.94378530367072 -74.9251475500002 4
endloop
endfacet
facet normal 0 0 1
outer loop
vertex 135.25792767315463 -74.92515290000556 4
vertex 134.6581796500001 -74.2646840000001 4
vertex 134.48488332949512 -74.09563576533533 4
endloop
endfacet
facet normal 0 0 1
outer loop
vertex 135.25792767315463 -74.92515290000556 4
vertex 134.48488332949512 -74.09563576533533 4
vertex 134.2924314305141 -73.94876443756073 4
endloop
endfacet
facet normal 0 0 1
outer loop
vertex 135.25792767315463 -74.92515290000556 4
vertex 134.2924314305141 -73.94876443756073 4
vertex 134.0836438025611 -73.82622200916354 4
endloop
endfacet
facet normal 0 0 1
outer loop
vertex 135.25792767315463 -74.92515290000556 4
vertex 134.0836438025611 -73.82622200916354 4
vertex 133.86157930000002 -73.72980800000002 4
endloop
endfacet
facet normal 0 0 1
outer loop
vertex 135.25792767315463 -74.92515290000556 4
vertex 133.86157930000002 -73.72980800000002 4
vertex 116.46159467278677 -67.39672690000263 4
endloop
endfacet
facet normal 0 0 1
outer loop
vertex 135.25792767315463 -74.92515290000556 4
vertex 116.46159467278677 -67.39672690000263 4
vertex 110.61398240000588 -67.39672690000263 4
endloop
endfacet
facet normal 0 0 1
outer loop
vertex 135.25792767315463 -74.92515290000556 4
vertex 110.61398240000588 -67.39672690000263 4
vertex 131.29815380001364 -74.92515290000556 4
endloop
endfacet
facet normal 0 0 1
outer loop
vertex 222.58772529999263 -67.39673020000124 4
vertex 222.81980790488387 -67.3278516102311 4
vertex 216.92935748136074 -67.3278516102311 4
endloop
endfacet
facet normal 0 0 1
outer loop
vertex 222.58772529999263 -67.39673020000124 4
vertex 216.92935748136074 -67.3278516102311 4
vertex 216.7401150695619 -67.39673020000124 4
endloop
endfacet
facet normal 0 0 1
outer loop
vertex 116.46159467278677 -67.39672690000263 4
vertex 116.27235288461829 -67.32784847179384 4
vertex 110.3818962146689 -67.32784847179384 4
endloop
endfacet
facet normal 0 0 1
outer loop
vertex 116.46159467278677 -67.39672690000263 4
vertex 110.3818962146689 -67.32784847179384 4
vertex 110.61398240000588 -67.39672690000263 4
endloop
endfacet
facet normal 0 0 1
outer loop
vertex 89.05788145000675 -70.10136599999863 4
vertex 109.6599448000082 -67.29442379999833 4
vertex 89.64985886374156 -67.29442379999833 4
endloop
endfacet
facet normal 0 0 1
outer loop
vertex 89.05788145000675 -70.10136599999863 4
vertex 89.64985886374156 -67.29442379999833 4
vertex 87.8625389999997 -67.53793825000005 4
endloop
endfacet
facet normal 0 0 1
outer loop
vertex 89.05788145000675 -70.10136599999863 4
vertex 87.8625389999997 -67.53793825000005 4
vertex 87.68180659030355 -67.57108470815756 4
endloop
endfacet
facet normal 0 0 1
outer loop
vertex 89.05788145000675 -70.10136599999863 4
vertex 87.68180659030355 -67.57108470815756 4
vertex 87.50487799999966 -67.62067650000012 4
endloop
endfacet
facet normal 0 0 1
outer loop
vertex 89.05788145000675 -70.10136599999863 4
vertex 87.50487799999966 -67.62067650000012 4
vertex 79.99964141213034 -70.10136599999863 4
endloop
endfacet
facet normal 0 0 1
outer loop
vertex 253.20206199377137 -70.10136900000536 4
vertex 245.69682895000017 -67.62068175000005 4
vertex 245.51990135969626 -67.57108820815749 4
endloop
endfacet
facet normal 0 0 1
outer loop
vertex 253.20206199377137 -70.10136900000536 4
vertex 245.51990135969626 -67.57108820815749 4
vertex 245.33916790000052 -67.53794350000008 4
endloop
endfacet
facet normal 0 0 1
outer loop
vertex 253.20206199377137 -70.10136900000536 4
vertex 245.33916790000052 -67.53794350000008 4
vertex 243.55174668506905 -67.29441509999964 4
endloop
endfacet
facet normal 0 0 1
outer loop
vertex 253.20206199377137 -70.10136900000536 4
vertex 243.55174668506905 -67.29441509999964 4
vertex 223.5417626499894 -67.29441509999964 4
endloop
endfacet
facet normal 0 0 1
outer loop
vertex 253.20206199377137 -70.10136900000536 4
vertex 223.5417626499894 -67.29441509999964 4
vertex 244.14382300003012 -70.10136900000536 4
endloop
endfacet
facet normal 0 0 1
outer loop
vertex 116.27235288461829 -67.32784847179384 4
vertex 116.16154090826547 -67.28751618138504 4
vertex 110.14318814683061 -67.28751618138504 4
endloop
endfacet
facet normal 0 0 1
outer loop
vertex 116.27235288461829 -67.32784847179384 4
vertex 110.14318814683061 -67.28751618138504 4
vertex 110.3818962146689 -67.32784847179384 4
endloop
endfacet
facet normal 0 0 1
outer loop
vertex 222.81980790488387 -67.3278516102311 4
vertex 223.05851567176157 -67.28751424846172 4
vertex 217.0401834964158 -67.28751424846172 4
endloop
endfacet
facet normal 0 0 1
outer loop
vertex 222.81980790488387 -67.3278516102311 4
vertex 217.0401834964158 -67.28751424846172 4
vertex 216.92935748136074 -67.3278516102311 4
endloop
endfacet
facet normal 0 0 1
outer loop
vertex 109.6599448000082 -67.29442379999833 4
vertex 109.90135576115966 -67.27632097987052 4
vertex 89.78272789883967 -67.27632097987052 4
endloop
endfacet
facet normal 0 0 1
outer loop
vertex 109.6599448000082 -67.29442379999833 4
vertex 89.78272789883967 -67.27632097987052 4
vertex 89.64985886374156 -67.29442379999833 4
endloop
endfacet
facet normal 0 0 1
outer loop
vertex 116.16154090826547 -67.28751618138504 4
vertex 116.13078236733168 -67.27632097987052 4
vertex 109.90135576115966 -67.27632097987052 4
endloop
endfacet
facet normal 0 0 1
outer loop
vertex 116.16154090826547 -67.28751618138504 4
vertex 109.90135576115966 -67.27632097987052 4
vertex 110.14318814683061 -67.28751618138504 4
endloop
endfacet
facet normal 0 0 1
outer loop
vertex 223.05851567176157 -67.28751424846172 4
vertex 223.30034837445774 -67.27631404278172 4
vertex 217.0709558153991 -67.27631404278172 4
endloop
endfacet
facet normal 0 0 1
outer loop
vertex 223.05851567176157 -67.28751424846172 4
vertex 217.0709558153991 -67.27631404278172 4
vertex 217.0401834964158 -67.28751424846172 4
endloop
endfacet
facet normal 0 0 1
outer loop
vertex 243.55174668506905 -67.29441509999964 4
vertex 243.41889066628875 -67.27631404278172 4
vertex 223.30034837445774 -67.27631404278172 4
endloop
endfacet
facet normal 0 0 1
outer loop
vertex 243.55174668506905 -67.29441509999964 4
vertex 223.30034837445774 -67.27631404278172 4
vertex 223.5417626499894 -67.29441509999964 4
endloop
endfacet
facet normal 0 0 1
outer loop
vertex 223.30034837445774 -67.27631404278172 4
vertex 243.41889066628875 -67.27631404278172 4
vertex 224.73711014999986 -64.73100234999997 4
endloop
endfacet
facet normal 0 0 1
outer loop
vertex 223.30034837445774 -67.27631404278172 4
vertex 224.73711014999986 -64.73100234999997 4
vertex 224.49569678882983 -64.71289642987078 4
endloop
endfacet
facet normal 0 0 1
outer loop
vertex 223.30034837445774 -67.27631404278172 4
vertex 224.49569678882983 -64.71289642987078 4
vertex 224.25386440316095 -64.7240916313852 4
endloop
endfacet
facet normal 0 0 1
outer loop
vertex 223.30034837445774 -67.27631404278172 4
vertex 224.25386440316095 -64.7240916313852 4
vertex 224.0151563353341 -64.76442392179206 4
endloop
endfacet
facet normal 0 0 1
outer loop
vertex 223.30034837445774 -67.27631404278172 4
vertex 224.0151563353341 -64.76442392179206 4
vertex 223.78307029999974 -64.83330470000007 4
endloop
endfacet
facet normal 0 0 1
outer loop
vertex 223.30034837445774 -67.27631404278172 4
vertex 223.78307029999974 -64.83330470000007 4
vertex 217.0709558153991 -67.27631404278172 4
endloop
endfacet
facet normal 0 0 1
outer loop
vertex 109.90135576115966 -67.27632097987052 4
vertex 116.13078236733168 -67.27632097987052 4
vertex 109.41863995000017 -64.83329915000003 4
endloop
endfacet
facet normal 0 0 1
outer loop
vertex 109.90135576115966 -67.27632097987052 4
vertex 109.41863995000017 -64.83329915000003 4
vertex 109.18655376466614 -64.76442072179212 4
endloop
endfacet
facet normal 0 0 1
outer loop
vertex 109.90135576115966 -67.27632097987052 4
vertex 109.18655376466614 -64.76442072179212 4
vertex 108.94784569683901 -64.72408843138521 4
endloop
endfacet
facet normal 0 0 1
outer loop
vertex 109.90135576115966 -67.27632097987052 4
vertex 108.94784569683901 -64.72408843138521 4
vertex 108.70601331117015 -64.71289322987079 4
endloop
endfacet
facet normal 0 0 1
outer loop
vertex 109.90135576115966 -67.27632097987052 4
vertex 108.70601331117015 -64.71289322987079 4
vertex 108.4645999000002 -64.73099829999998 4
endloop
endfacet
facet normal 0 0 1
outer loop
vertex 109.90135576115966 -67.27632097987052 4
vertex 108.4645999000002 -64.73099829999998 4
vertex 89.78272789883967 -67.27632097987052 4
endloop
endfacet
facet normal 0 0 1
outer loop
vertex 82.2415782999997 -101.06839610000002 4
vertex 82.21275622060396 -101.36103158302417 4
vertex 82.19354150100777 -101.55612190504033 4
endloop
endfacet
facet normal 0 0 1
outer loop
vertex 82.2415782999997 -101.06839610000002 4
vertex 82.19354150100777 -101.55612190504033 4
vertex 82.19354150100777 -101.55612190504031 1
endloop
endfacet
facet normal 0 0 1
outer loop
vertex 82.2415782999997 -101.06839610000002 4
vertex 82.19354150100777 -101.55612190504031 1
vertex 82.2415782999997 -101.0683961 1
endloop
endfacet
facet normal 0 0 1
outer loop
vertex 82.1935415010082 -100.58067029495979 4
vertex 82.21275622060305 -100.77576061697573 4
vertex 82.2415782999997 -101.06839610000002 4
endloop
endfacet
facet normal 0 0 1
outer loop
vertex 82.1935415010082 -100.58067029495979 4
vertex 82.2415782999997 -101.06839610000002 4
vertex 82.2415782999997 -101.0683961 1
endloop
endfacet
facet normal 0 0 1
outer loop
vertex 82.1935415010082 -100.58067029495979 4
vertex 82.2415782999997 -101.0683961 1
vertex 82.1935415010082 -100.58067029495967 1
endloop
endfacet
facet normal 0 0 1
outer loop
vertex 82.05127713127908 -100.11168751908747 4
vertex 82.08869592492567 -100.2350407504709 4
vertex 82.16736288136558 -100.49437095145208 4
endloop
endfacet
facet normal 0 0 1
outer loop
vertex 82.05127713127908 -100.11168751908747 4
vertex 82.16736288136558 -100.49437095145208 4
vertex 82.1935415010082 -100.58067029495979 4
endloop
endfacet
facet normal 0 0 1
outer loop
vertex 82.05127713127908 -100.11168751908747 4
vertex 82.1935415010082 -100.58067029495979 4
vertex 82.1935415010082 -100.58067029495967 1
endloop
endfacet
facet normal 0 0 1
outer loop
vertex 82.05127713127908 -100.11168751908747 4
vertex 82.1935415010082 -100.58067029495967 1
vertex 82.05127713127908 -100.11168751908703 1
endloop
endfacet
facet normal 0 0 1
outer loop
vertex 81.82025233075689 -99.67947051745074 4
vertex 81.8219126740289 -99.68257680123494 4
vertex 81.89600387116552 -99.82119168154658 4
endloop
endfacet
facet normal 0 0 1
outer loop
vertex 81.82025233075689 -99.67947051745074 4
vertex 81.89600387116552 -99.82119168154658 4
vertex 81.99571384836558 -100.00773592821972 4
endloop
endfacet
facet normal 0 0 1
outer loop
vertex 81.82025233075689 -99.67947051745074 4
vertex 81.99571384836558 -100.00773592821972 4
vertex 82.05127713127908 -100.11168751908747 4
endloop
endfacet
facet normal 0 0 1
outer loop
vertex 81.82025233075689 -99.67947051745074 4
vertex 82.05127713127908 -100.11168751908747 4
vertex 82.05127713127908 -100.11168751908703 1
endloop
endfacet
facet normal 0 0 1
outer loop
vertex 81.82025233075689 -99.67947051745074 4
vertex 82.05127713127908 -100.11168751908703 1
vertex 81.82025233075689 -99.67947051745072 1
endloop
endfacet
facet normal 0 0 -1
outer loop
vertex 81.50934525296701 -99.30062914703313 4
vertex 81.729095912151 -99.5683960999994 4
vertex 81.75274958141698 -99.59721817939653 4
endloop
endfacet
facet normal 0 0 -1
outer loop
vertex 81.50934525296701 -99.30062914703313 4
vertex 81.75274958141698 -99.59721817939653 4
vertex 81.82025233075689 -99.67947051745074 4
endloop
endfacet
facet normal 0 0 -1
outer loop
vertex 81.50934525296701 -99.30062914703313 4
vertex 81.82025233075689 -99.67947051745074 4
vertex 81.82025233075689 -99.67947051745072 1
endloop
endfacet
facet normal 0 0 -1
outer loop
vertex 81.50934525296701 -99.30062914703313 4
vertex 81.82025233075689 -99.67947051745072 1
vertex 81.50934525296701 -99.30062914703313 1
endloop
endfacet
facet normal 0.6343932841636509 0.7730104533627326 0
outer loop
vertex 81.1305038825497 -98.98972206924282 4
vertex 81.50934525296701 -99.30062914703313 4
vertex 81.50934525296701 -99.30062914703313 1
endloop
endfacet
facet normal 0.6343932841636509 0.7730104533627326 0
outer loop
vertex 81.1305038825497 -98.98972206924282 4
vertex 81.50934525296701 -99.30062914703313 1
vertex 81.1305038825497 -98.98972206924282 1
endloop
endfacet
facet normal 0.4713967368259664 0.8819212643483717 0
outer loop
vertex 80.6982868809128 -98.75869726872168 4
vertex 81.1305038825497 -98.98972206924282 4
vertex 81.1305038825497 -98.98972206924282 1
endloop
endfacet
facet normal 0.4713967368259664 0.8819212643483717 0
outer loop
vertex 80.6982868809128 -98.75869726872168 4
vertex 81.1305038825497 -98.98972206924282 1
vertex 80.6982868809128 -98.75869726872168 1
endloop
endfacet
facet normal 0.2902846772544769 0.9569403357322044 0
outer loop
vertex 80.22930410504082 -98.61643289899037 4
vertex 80.6982868809128 -98.75869726872168 4
vertex 80.6982868809128 -98.75869726872168 1
endloop
endfacet
facet normal 0.2902846772544769 0.9569403357322044 0
outer loop
vertex 80.22930410504082 -98.61643289899037 4
vertex 80.6982868809128 -98.75869726872168 1
vertex 80.22930410504082 -98.61643289899037 1
endloop
endfacet
facet normal 0.09801714032957423 0.9951847266721956 0
outer loop
vertex 79.74157829999999 -98.56839610000023 4
vertex 80.22930410504082 -98.61643289899037 4
vertex 80.22930410504082 -98.61643289899037 1
endloop
endfacet
facet normal 0.09801714032957423 0.9951847266721956 0
outer loop
vertex 79.74157829999999 -98.56839610000023 4
vertex 80.22930410504082 -98.61643289899037 1
vertex 79.74157829999999 -98.56839610000023 1
endloop
endfacet
facet normal -0.09801714032957415 0.9951847266721956 0
outer loop
vertex 79.25385249495966 -98.61643289899037 4
vertex 79.74157829999999 -98.56839610000023 4
vertex 79.74157829999999 -98.56839610000023 1
endloop
endfacet
facet normal -0.09801714032957415 0.9951847266721956 0
outer loop
vertex 79.25385249495966 -98.61643289899037 4
vertex 79.74157829999999 -98.56839610000023 1
vertex 79.25385249495966 -98.61643289899182 1
endloop
endfacet
facet normal -0.2902846772544479 0.9569403357322133 0
outer loop
vertex 78.78486971908708 -98.75869726872168 4
vertex 79.25385249495966 -98.61643289899037 4
vertex 79.25385249495966 -98.61643289899182 1
endloop
endfacet
facet normal -0.2902846772544479 0.9569403357322133 0
outer loop
vertex 78.78486971908708 -98.75869726872168 4
vertex 79.25385249495966 -98.61643289899182 1
vertex 78.78486971908708 -98.7586972687211 1
endloop
endfacet
facet normal -0.47139673682598043 0.8819212643483643 0
outer loop
vertex 78.3526527174511 -98.98972206924282 4
vertex 78.78486971908708 -98.75869726872168 4
vertex 78.78486971908708 -98.7586972687211 1
endloop
endfacet
facet normal -0.47139673682598043 0.8819212643483643 0
outer loop
vertex 78.3526527174511 -98.98972206924282 4
vertex 78.78486971908708 -98.7586972687211 1
vertex 78.3526527174511 -98.98972206924381 1
endloop
endfacet
facet normal -0.6343932841636518 0.7730104533627319 0
outer loop
vertex 77.97381134703393 -99.30062914703313 4
vertex 78.3526527174511 -98.98972206924282 4
vertex 78.3526527174511 -98.98972206924381 1
endloop
endfacet
facet normal -0.6343932841636518 0.7730104533627319 0
outer loop
vertex 77.97381134703393 -99.30062914703313 4
vertex 78.3526527174511 -98.98972206924381 1
vertex 77.97381134703393 -99.30062914703399 1
endloop
endfacet
facet normal 0 0 1
outer loop
vertex 77.66290426924331 -99.67947051745074 4
vertex 77.73040701858308 -99.59721817939653 4
vertex 77.75406068784905 -99.5683960999994 4
endloop
endfacet
facet normal 0 0 1
outer loop
vertex 77.66290426924331 -99.67947051745074 4
vertex 77.75406068784905 -99.5683960999994 4
vertex 77.97381134703393 -99.30062914703313 4
endloop
endfacet
facet normal 0 0 1
outer loop
vertex 77.66290426924331 -99.67947051745074 4
vertex 77.97381134703393 -99.30062914703313 4
vertex 77.97381134703393 -99.30062914703399 1
endloop
endfacet
facet normal 0 0 1
outer loop
vertex 77.66290426924331 -99.67947051745074 4
vertex 77.97381134703393 -99.30062914703399 1
vertex 77.66290426924331 -99.67947051745074 1
endloop
endfacet
facet normal 0 0 -1
outer loop
vertex 77.43187946872212 -100.11168751908747 4
vertex 77.48744275163445 -100.00773592821972 4
vertex 77.58715272883451 -99.82119168154658 4
endloop
endfacet
facet normal 0 0 -1
outer loop
vertex 77.43187946872212 -100.11168751908747 4
vertex 77.58715272883451 -99.82119168154658 4
vertex 77.66124392597119 -99.68257680123494 4
endloop
endfacet
facet normal 0 0 -1
outer loop
vertex 77.43187946872212 -100.11168751908747 4
vertex 77.66124392597119 -99.68257680123494 4
vertex 77.66290426924331 -99.67947051745074 4
endloop
endfacet
facet normal 0 0 -1
outer loop
vertex 77.43187946872212 -100.11168751908747 4
vertex 77.66290426924331 -99.67947051745074 4
vertex 77.66290426924331 -99.67947051745074 1
endloop
endfacet
facet normal 0 0 -1
outer loop
vertex 77.43187946872212 -100.11168751908747 4
vertex 77.66290426924331 -99.67947051745074 1
vertex 77.43187946872212 -100.11168751908747 1
endloop
endfacet
facet normal 0 0 -1
outer loop
vertex 77.28961509899234 -100.58067029495979 4
vertex 77.31579371863442 -100.49437095145208 4
vertex 77.39446067507437 -100.2350407504709 4
endloop
endfacet
facet normal 0 0 -1
outer loop
vertex 77.28961509899234 -100.58067029495979 4
vertex 77.39446067507437 -100.2350407504709 4
vertex 77.43187946872212 -100.11168751908747 4
endloop
endfacet
facet normal 0 0 -1
outer loop
vertex 77.28961509899234 -100.58067029495979 4
vertex 77.43187946872212 -100.11168751908747 4
vertex 77.43187946872212 -100.11168751908747 1
endloop
endfacet
facet normal 0 0 -1
outer loop
vertex 77.28961509899234 -100.58067029495979 4
vertex 77.43187946872212 -100.11168751908747 1
vertex 77.28961509899234 -100.58067029495979 1
endloop
endfacet
facet normal 0 0 1
outer loop
vertex 77.24157829999996 -101.06839610000002 4
vertex 77.27040037939696 -100.77576061697573 4
vertex 77.28961509899234 -100.58067029495979 4
endloop
endfacet
facet normal 0 0 1
outer loop
vertex 77.24157829999996 -101.06839610000002 4
vertex 77.28961509899234 -100.58067029495979 4
vertex 77.28961509899234 -100.58067029495979 1
endloop
endfacet
facet normal 0 0 1
outer loop
vertex 77.24157829999996 -101.06839610000002 4
vertex 77.28961509899234 -100.58067029495979 1
vertex 77.24157829999996 -101.06839610000002 1
endloop
endfacet
facet normal 0 0 1
outer loop
vertex 77.28961509899212 -101.55612190504033 4
vertex 77.27040037939601 -101.36103158302417 4
vertex 77.24157829999996 -101.06839610000002 4
endloop
endfacet
facet normal 0 0 1
outer loop
vertex 77.28961509899212 -101.55612190504033 4
vertex 77.24157829999996 -101.06839610000002 4
vertex 77.24157829999996 -101.06839610000002 1
endloop
endfacet
facet normal 0 0 1
outer loop
vertex 77.28961509899212 -101.55612190504033 4
vertex 77.24157829999996 -101.06839610000002 1
vertex 77.28961509899212 -101.55612190504033 1
endloop
endfacet
facet normal 0 0 -1
outer loop
vertex 77.43187946872187 -102.02510468091273 4
vertex 77.39446067506641 -101.90175144952931 4
vertex 77.31579371863995 -101.64242124854806 4
endloop
endfacet
facet normal 0 0 -1
outer loop
vertex 77.43187946872187 -102.02510468091273 4
vertex 77.31579371863995 -101.64242124854806 4
vertex 77.28961509899212 -101.55612190504033 4
endloop
endfacet
facet normal 0 0 -1
outer loop
vertex 77.43187946872187 -102.02510468091273 4
vertex 77.28961509899212 -101.55612190504033 4
vertex 77.28961509899212 -101.55612190504033 1
endloop
endfacet
facet normal 0 0 -1
outer loop
vertex 77.43187946872187 -102.02510468091273 4
vertex 77.28961509899212 -101.55612190504033 1
vertex 77.43187946872187 -102.02510468091273 1
endloop
endfacet
facet normal 0 0 -1
outer loop
vertex 77.6629042692414 -102.45732168255022 4
vertex 77.66124392596709 -102.45421539877003 4
vertex 77.58715272884321 -102.31560051845247 4
endloop
endfacet
facet normal 0 0 -1
outer loop
vertex 77.6629042692414 -102.45732168255022 4
vertex 77.58715272884321 -102.31560051845247 4
vertex 77.48744275164051 -102.12905627177828 4
endloop
endfacet
facet normal 0 0 -1
outer loop
vertex 77.6629042692414 -102.45732168255022 4
vertex 77.48744275164051 -102.12905627177828 4
vertex 77.43187946872187 -102.02510468091273 4
endloop
endfacet
facet normal 0 0 -1
outer loop
vertex 77.6629042692414 -102.45732168255022 4
vertex 77.43187946872187 -102.02510468091273 4
vertex 77.43187946872187 -102.02510468091273 1
endloop
endfacet
facet normal 0 0 -1
outer loop
vertex 77.6629042692414 -102.45732168255022 4
vertex 77.43187946872187 -102.02510468091273 1
vertex 77.6629042692414 -102.45732168255022 1
endloop
endfacet
facet normal 0 0 -1
outer loop
vertex 77.9738113470352 -102.836163052966 4
vertex 77.75406068784916 -102.56839609999979 4
vertex 77.73040701858227 -102.53957402060423 4
endloop
endfacet
facet normal 0 0 -1
outer loop
vertex 77.9738113470352 -102.836163052966 4
vertex 77.73040701858227 -102.53957402060423 4
vertex 77.6629042692414 -102.45732168255022 4
endloop
endfacet
facet normal 0 0 -1
outer loop
vertex 77.9738113470352 -102.836163052966 4
vertex 77.6629042692414 -102.45732168255022 4
vertex 77.6629042692414 -102.45732168255022 1
endloop
endfacet
facet normal 0 0 -1
outer loop
vertex 77.9738113470352 -102.836163052966 4
vertex 77.6629042692414 -102.45732168255022 1
vertex 77.9738113470352 -102.83616305296509 1
endloop
endfacet
facet normal -0.6343932841636499 -0.7730104533627332 0
outer loop
vertex 78.3526527174503 -103.14707013075618 4
vertex 77.9738113470352 -102.836163052966 4
vertex 77.9738113470352 -102.83616305296509 1
endloop
endfacet
facet normal -0.6343932841636499 -0.7730104533627332 0
outer loop
vertex 78.3526527174503 -103.14707013075618 4
vertex 77.9738113470352 -102.83616305296509 1
vertex 78.3526527174503 -103.14707013075724 1
endloop
endfacet
facet normal -0.4713967368259944 -0.8819212643483568 0
outer loop
vertex 78.78486971908764 -103.3780949312781 4
vertex 78.3526527174503 -103.14707013075618 4
vertex 78.3526527174503 -103.14707013075724 1
endloop
endfacet
facet normal -0.4713967368259944 -0.8819212643483568 0
outer loop
vertex 78.78486971908764 -103.3780949312781 4
vertex 78.3526527174503 -103.14707013075724 1
vertex 78.78486971908764 -103.37809493127756 1
endloop
endfacet
facet normal -0.29028467725447593 -0.9569403357322048 0
outer loop
vertex 79.25385249495992 -103.52035930100672 4
vertex 78.78486971908764 -103.3780949312781 4
vertex 78.78486971908764 -103.37809493127756 1
endloop
endfacet
facet normal -0.29028467725447593 -0.9569403357322048 0
outer loop
vertex 79.25385249495992 -103.52035930100672 4
vertex 78.78486971908764 -103.37809493127756 1
vertex 79.25385249495992 -103.52035930100729 1
endloop
endfacet
facet normal -0.09801714032957415 -0.9951847266721956 0
outer loop
vertex 79.7415783 -103.56839610000016 4
vertex 79.25385249495992 -103.52035930100672 4
vertex 79.25385249495992 -103.52035930100729 1
endloop
endfacet
facet normal -0.09801714032957415 -0.9951847266721956 0
outer loop
vertex 79.7415783 -103.56839610000016 4
vertex 79.25385249495992 -103.52035930100729 1
vertex 79.7415783 -103.56839610000016 1
endloop
endfacet
facet normal 0.09801714032956006 -0.9951847266721969 0
outer loop
vertex 80.22930410504019 -103.52035930100672 4
vertex 79.7415783 -103.56839610000016 4
vertex 79.7415783 -103.56839610000016 1
endloop
endfacet
facet normal 0.09801714032956006 -0.9951847266721969 0
outer loop
vertex 80.22930410504019 -103.52035930100672 4
vertex 79.7415783 -103.56839610000016 1
vertex 80.22930410504019 -103.52035930100672 1
endloop
endfacet
facet normal 0.29028467725447593 -0.9569403357322048 0
outer loop
vertex 80.69828688091272 -103.3780949312781 4
vertex 80.22930410504019 -103.52035930100672 4
vertex 80.22930410504019 -103.52035930100672 1
endloop
endfacet
facet normal 0.29028467725447593 -0.9569403357322048 0
outer loop
vertex 80.69828688091272 -103.3780949312781 4
vertex 80.22930410504019 -103.52035930100672 1
vertex 80.69828688091272 -103.3780949312781 1
endloop
endfacet
facet normal 0.47139673682600847 -0.8819212643483494 0
outer loop
vertex 81.13050388254892 -103.14707013075618 4
vertex 80.69828688091272 -103.3780949312781 4
vertex 80.69828688091272 -103.3780949312781 1
endloop
endfacet
facet normal 0.47139673682600847 -0.8819212643483494 0
outer loop
vertex 81.13050388254892 -103.14707013075618 4
vertex 80.69828688091272 -103.3780949312781 1
vertex 81.13050388254892 -103.14707013075618 1
endloop
endfacet
facet normal 0.6343932841636364 -0.7730104533627445 0
outer loop
vertex 81.50934525296606 -102.836163052966 4
vertex 81.13050388254892 -103.14707013075618 4
vertex 81.13050388254892 -103.14707013075618 1
endloop
endfacet
facet normal 0.6343932841636364 -0.7730104533627445 0
outer loop
vertex 81.50934525296606 -102.836163052966 4
vertex 81.13050388254892 -103.14707013075618 1
vertex 81.50934525296606 -102.836163052966 1
endloop
endfacet
facet normal 0 0 1
outer loop
vertex 81.82025233075665 -102.45732168255022 4
vertex 81.75274958141776 -102.53957402060423 4
vertex 81.72909591215087 -102.56839609999979 4
endloop
endfacet
facet normal 0 0 1
outer loop
vertex 81.82025233075665 -102.45732168255022 4
vertex 81.72909591215087 -102.56839609999979 4
vertex 81.50934525296606 -102.836163052966 4
endloop
endfacet
facet normal 0 0 1
outer loop
vertex 81.82025233075665 -102.45732168255022 4
vertex 81.50934525296606 -102.836163052966 4
vertex 81.50934525296606 -102.836163052966 1
endloop
endfacet
facet normal 0 0 1
outer loop
vertex 81.82025233075665 -102.45732168255022 4
vertex 81.50934525296606 -102.836163052966 1
vertex 81.82025233075665 -102.45732168254924 1
endloop
endfacet
facet normal 0 0 -1
outer loop
vertex 82.0512771312783 -102.02510468091273 4
vertex 81.9957138483595 -102.12905627177828 4
vertex 81.8960038711568 -102.31560051845247 4
endloop
endfacet
facet normal 0 0 -1
outer loop
vertex 82.0512771312783 -102.02510468091273 4
vertex 81.8960038711568 -102.31560051845247 4
vertex 81.82191267403289 -102.45421539877003 4
endloop
endfacet
facet normal 0 0 -1
outer loop
vertex 82.0512771312783 -102.02510468091273 4
vertex 81.82191267403289 -102.45421539877003 4
vertex 81.82025233075665 -102.45732168255022 4
endloop
endfacet
facet normal 0 0 -1
outer loop
vertex 82.0512771312783 -102.02510468091273 4
vertex 81.82025233075665 -102.45732168255022 4
vertex 81.82025233075665 -102.45732168254924 1
endloop
endfacet
facet normal 0 0 -1
outer loop
vertex 82.0512771312783 -102.02510468091273 4
vertex 81.82025233075665 -102.45732168254924 1
vertex 82.0512771312783 -102.02510468091279 1
endloop
endfacet
facet normal 0 0 -1
outer loop
vertex 82.19354150100777 -101.55612190504033 4
vertex 82.16736288136005 -101.64242124854806 4
vertex 82.08869592493362 -101.90175144952931 4
endloop
endfacet
facet normal 0 0 -1
outer loop
vertex 82.19354150100777 -101.55612190504033 4
vertex 82.08869592493362 -101.90175144952931 4
vertex 82.0512771312783 -102.02510468091273 4
endloop
endfacet
facet normal 0 0 -1
outer loop
vertex 82.19354150100777 -101.55612190504033 4
vertex 82.0512771312783 -102.02510468091273 4
vertex 82.0512771312783 -102.02510468091279 1
endloop
endfacet
facet normal 0 0 -1
outer loop
vertex 82.19354150100777 -101.55612190504033 4
vertex 82.0512771312783 -102.02510468091279 1
vertex 82.19354150100777 -101.55612190504031 1
endloop
endfacet
facet normal 0 0 -1
outer loop
vertex 69.24481279999948 -136.7767157000001 4
vertex 69.21599072060545 -137.06935118302428 4
vertex 69.19677600100755 -137.2644415050403 4
endloop
endfacet
facet normal 0 0 -1
outer loop
vertex 69.24481279999948 -136.7767157000001 4
vertex 69.19677600100755 -137.2644415050403 4
vertex 69.19677600100755 -137.2644415050403 1
endloop
endfacet
facet normal 0 0 -1
outer loop
vertex 69.24481279999948 -136.7767157000001 4
vertex 69.19677600100755 -137.2644415050403 1
vertex 69.24481279999948 -136.7767157 1
endloop
endfacet
facet normal 0 0 1
outer loop
vertex 69.19677600100857 -136.2889898949598 4
vertex 69.21599072060339 -136.48408021697577 4
vertex 69.24481279999948 -136.7767157000001 4
endloop
endfacet
facet normal 0 0 1
outer loop
vertex 69.19677600100857 -136.2889898949598 4
vertex 69.24481279999948 -136.7767157000001 4
vertex 69.24481279999948 -136.7767157 1
endloop
endfacet
facet normal 0 0 1
outer loop
vertex 69.19677600100857 -136.2889898949598 4
vertex 69.24481279999948 -136.7767157 1
vertex 69.19677600100857 -136.28898989495963 1
endloop
endfacet
facet normal 0 0 -1
outer loop
vertex 69.05451163127641 -135.82000711908734 4
vertex 69.09193042494044 -135.94336035047064 4
vertex 69.17059738135008 -136.2026905514523 4
endloop
endfacet
facet normal 0 0 -1
outer loop
vertex 69.05451163127641 -135.82000711908734 4
vertex 69.17059738135008 -136.2026905514523 4
vertex 69.19677600100857 -136.2889898949598 4
endloop
endfacet
facet normal 0 0 -1
outer loop
vertex 69.05451163127641 -135.82000711908734 4
vertex 69.19677600100857 -136.2889898949598 4
vertex 69.19677600100857 -136.28898989495963 1
endloop
endfacet
facet normal 0 0 -1
outer loop
vertex 69.05451163127641 -135.82000711908734 4
vertex 69.19677600100857 -136.28898989495963 1
vertex 69.05451163127641 -135.82000711908782 1
endloop
endfacet
facet normal 0 0 -1
outer loop
vertex 68.82348683075374 -135.3877901174506 4
vertex 68.82514717402951 -135.3908964012334 4
vertex 68.89923837116342 -135.52951128154785 4
endloop
endfacet
facet normal 0 0 -1
outer loop
vertex 68.82348683075374 -135.3877901174506 4
vertex 68.89923837116342 -135.52951128154785 4
vertex 68.9989483483506 -135.71605552821902 4
endloop
endfacet
facet normal 0 0 -1
outer loop
vertex 68.82348683075374 -135.3877901174506 4
vertex 68.9989483483506 -135.71605552821902 4
vertex 69.05451163127641 -135.82000711908734 4
endloop
endfacet
facet normal 0 0 -1
outer loop
vertex 68.82348683075374 -135.3877901174506 4
vertex 69.05451163127641 -135.82000711908734 4
vertex 69.05451163127641 -135.82000711908782 1
endloop
endfacet
facet normal 0 0 -1
outer loop
vertex 68.82348683075374 -135.3877901174506 4
vertex 69.05451163127641 -135.82000711908782 1
vertex 68.82348683075374 -135.38779011745243 1
endloop
endfacet
facet normal 0 0 1
outer loop
vertex 68.51257975296843 -135.00894874703198 4
vertex 68.73233041215077 -135.27671570000138 4
vertex 68.75598408141984 -135.30553777939414 4
endloop
endfacet
facet normal 0 0 1
outer loop
vertex 68.51257975296843 -135.00894874703198 4
vertex 68.75598408141984 -135.30553777939414 4
vertex 68.82348683075374 -135.3877901174506 4
endloop
endfacet
facet normal 0 0 1
outer loop
vertex 68.51257975296843 -135.00894874703198 4
vertex 68.82348683075374 -135.3877901174506 4
vertex 68.82348683075374 -135.38779011745243 1
endloop
endfacet
facet normal 0 0 1
outer loop
vertex 68.51257975296843 -135.00894874703198 4
vertex 68.82348683075374 -135.38779011745243 1
vertex 68.51257975296843 -135.00894874703198 1
endloop
endfacet
facet normal 0.6343932841636518 0.7730104533627319 0
outer loop
vertex 68.13373838254832 -134.69804166924456 4
vertex 68.51257975296843 -135.00894874703198 4
vertex 68.51257975296843 -135.00894874703198 1
endloop
endfacet
facet normal 0.6343932841636518 0.7730104533627319 0
outer loop
vertex 68.13373838254832 -134.69804166924456 4
vertex 68.51257975296843 -135.00894874703198 1
vertex 68.13373838254832 -134.69804166924456 1
endloop
endfacet
facet normal 0.4713967368259664 0.8819212643483717 0
outer loop
vertex 67.70152138091285 -134.4670168687216 4
vertex 68.13373838254832 -134.69804166924456 4
vertex 68.13373838254832 -134.69804166924456 1
endloop
endfacet
facet normal 0.4713967368259664 0.8819212643483717 0
outer loop
vertex 67.70152138091285 -134.4670168687216 4
vertex 68.13373838254832 -134.69804166924456 1
vertex 67.70152138091285 -134.4670168687216 1
endloop
endfacet
facet normal 0.2902846772545049 0.9569403357321961 0
outer loop
vertex 67.23253860504033 -134.32475249899204 4
vertex 67.70152138091285 -134.4670168687216 4
vertex 67.70152138091285 -134.4670168687216 1
endloop
endfacet
facet normal 0.2902846772545049 0.9569403357321961 0
outer loop
vertex 67.23253860504033 -134.32475249899204 4
vertex 67.70152138091285 -134.4670168687216 1
vertex 67.23253860504033 -134.32475249899204 1
endloop
endfacet
facet normal -0.09801714032954582 0.9951847266721984 0
outer loop
vertex 66.25708699495962 -134.32475249899204 4
vertex 66.74481279999995 -134.2767157000008 4
vertex 66.74481279999995 -134.2767157000008 1
endloop
endfacet
facet normal -0.09801714032954582 0.9951847266721984 0
outer loop
vertex 66.25708699495962 -134.32475249899204 4
vertex 66.74481279999995 -134.2767157000008 1
vertex 66.25708699495962 -134.32475249899136 1
endloop
endfacet
facet normal -0.29028467725450585 0.9569403357321956 0
outer loop
vertex 65.78810421908736 -134.4670168687216 4
vertex 66.25708699495962 -134.32475249899204 4
vertex 66.25708699495962 -134.32475249899136 1
endloop
endfacet
facet normal -0.29028467725450585 0.9569403357321956 0
outer loop
vertex 65.78810421908736 -134.4670168687216 4
vertex 66.25708699495962 -134.32475249899136 1
vertex 65.78810421908736 -134.46701686872206 1
endloop
endfacet
facet normal -0.4713967368259914 0.8819212643483584 0
outer loop
vertex 65.35588721745101 -134.69804166924456 4
vertex 65.78810421908736 -134.4670168687216 4
vertex 65.78810421908736 -134.46701686872206 1
endloop
endfacet
facet normal -0.4713967368259914 0.8819212643483584 0
outer loop
vertex 65.35588721745101 -134.69804166924456 4
vertex 65.78810421908736 -134.46701686872206 1
vertex 65.35588721745101 -134.6980416692437 1
endloop
endfacet
facet normal -0.6343932841636208 0.7730104533627572 0
outer loop
vertex 64.9770458470335 -135.00894874703198 4
vertex 65.35588721745101 -134.69804166924456 4
vertex 65.35588721745101 -134.6980416692437 1
endloop
endfacet
facet normal -0.6343932841636208 0.7730104533627572 0
outer loop
vertex 64.9770458470335 -135.00894874703198 4
vertex 65.35588721745101 -134.6980416692437 1
vertex 64.9770458470335 -135.00894874703343 1
endloop
endfacet
facet normal 0 0 -1
outer loop
vertex 64.66613876924318 -135.3877901174506 4
vertex 64.73364151858014 -135.30553777939414 4
vertex 64.75729518784921 -135.27671570000138 4
endloop
endfacet
facet normal 0 0 -1
outer loop
vertex 64.66613876924318 -135.3877901174506 4
vertex 64.75729518784921 -135.27671570000138 4
vertex 64.9770458470335 -135.00894874703198 4
endloop
endfacet
facet normal 0 0 -1
outer loop
vertex 64.66613876924318 -135.3877901174506 4
vertex 64.9770458470335 -135.00894874703198 4
vertex 64.9770458470335 -135.00894874703343 1
endloop
endfacet
facet normal 0 0 -1
outer loop
vertex 64.66613876924318 -135.3877901174506 4
vertex 64.9770458470335 -135.00894874703343 1
vertex 64.66613876924318 -135.3877901174506 1
endloop
endfacet
facet normal 0 0 1
outer loop
vertex 64.43511396872186 -135.82000711908734 4
vertex 64.49067725164942 -135.71605552821902 4
vertex 64.59038722883655 -135.52951128154785 4
endloop
endfacet
facet normal 0 0 1
outer loop
vertex 64.43511396872186 -135.82000711908734 4
vertex 64.59038722883655 -135.52951128154785 4
vertex 64.66447842597051 -135.3908964012334 4
endloop
endfacet
facet normal 0 0 1
outer loop
vertex 64.43511396872186 -135.82000711908734 4
vertex 64.66447842597051 -135.3908964012334 4
vertex 64.66613876924318 -135.3877901174506 4
endloop
endfacet
facet normal 0 0 1
outer loop
vertex 64.43511396872186 -135.82000711908734 4
vertex 64.66613876924318 -135.3877901174506 4
vertex 64.66613876924318 -135.3877901174506 1
endloop
endfacet
facet normal 0 0 1
outer loop
vertex 64.43511396872186 -135.82000711908734 4
vertex 64.66613876924318 -135.3877901174506 1
vertex 64.43511396872186 -135.82000711908734 1
endloop
endfacet
facet normal 0 0 1
outer loop
vertex 64.2928495989922 -136.2889898949598 4
vertex 64.31902821864993 -136.2026905514523 4
vertex 64.39769517505955 -135.94336035047064 4
endloop
endfacet
facet normal 0 0 1
outer loop
vertex 64.2928495989922 -136.2889898949598 4
vertex 64.39769517505955 -135.94336035047064 4
vertex 64.43511396872186 -135.82000711908734 4
endloop
endfacet
facet normal 0 0 1
outer loop
vertex 64.2928495989922 -136.2889898949598 4
vertex 64.43511396872186 -135.82000711908734 4
vertex 64.43511396872186 -135.82000711908734 1
endloop
endfacet
facet normal 0 0 1
outer loop
vertex 64.2928495989922 -136.2889898949598 4
vertex 64.43511396872186 -135.82000711908734 1
vertex 64.2928495989922 -136.2889898949598 1
endloop
endfacet
facet normal 0 0 1
outer loop
vertex 64.24481279999958 -136.7767157000001 4
vertex 64.27363487939664 -136.48408021697577 4
vertex 64.2928495989922 -136.2889898949598 4
endloop
endfacet
facet normal 0 0 1
outer loop
vertex 64.24481279999958 -136.7767157000001 4
vertex 64.2928495989922 -136.2889898949598 4
vertex 64.2928495989922 -136.2889898949598 1
endloop
endfacet
facet normal 0 0 1
outer loop
vertex 64.24481279999958 -136.7767157000001 4
vertex 64.2928495989922 -136.2889898949598 1
vertex 64.24481279999958 -136.77671569999998 1
endloop
endfacet
facet normal 0 0 -1
outer loop
vertex 64.29284959899216 -137.2644415050403 4
vertex 64.27363487939458 -137.06935118302428 4
vertex 64.24481279999958 -136.7767157000001 4
endloop
endfacet
facet normal 0 0 -1
outer loop
vertex 64.29284959899216 -137.2644415050403 4
vertex 64.24481279999958 -136.7767157000001 4
vertex 64.24481279999958 -136.77671569999998 1
endloop
endfacet
facet normal 0 0 -1
outer loop
vertex 64.29284959899216 -137.2644415050403 4
vertex 64.24481279999958 -136.77671569999998 1
vertex 64.29284959899216 -137.2644415050403 1
endloop
endfacet
facet normal 0 0 1
outer loop
vertex 64.43511396871999 -137.7334242809133 4
vertex 64.39769517506865 -137.61007104952907 4
vertex 64.31902821864237 -137.35074084854756 4
endloop
endfacet
facet normal 0 0 1
outer loop
vertex 64.43511396871999 -137.7334242809133 4
vertex 64.31902821864237 -137.35074084854756 4
vertex 64.29284959899216 -137.2644415050403 4
endloop
endfacet
facet normal 0 0 1
outer loop
vertex 64.43511396871999 -137.7334242809133 4
vertex 64.29284959899216 -137.2644415050403 4
vertex 64.29284959899216 -137.2644415050403 1
endloop
endfacet
facet normal 0 0 1
outer loop
vertex 64.43511396871999 -137.7334242809133 4
vertex 64.29284959899216 -137.2644415050403 1
vertex 64.43511396871999 -137.7334242809133 1
endloop
endfacet
facet normal 0 0 -1
outer loop
vertex 64.66613876924362 -138.16564128254902 4
vertex 64.66447842597087 -138.16253499876794 4
vertex 64.59038722883511 -138.02392011845248 4
endloop
endfacet
facet normal 0 0 -1
outer loop
vertex 64.66613876924362 -138.16564128254902 4
vertex 64.59038722883511 -138.02392011845248 4
vertex 64.49067725164154 -137.83737587178126 4
endloop
endfacet
facet normal 0 0 -1
outer loop
vertex 64.66613876924362 -138.16564128254902 4
vertex 64.49067725164154 -137.83737587178126 4
vertex 64.43511396871999 -137.7334242809133 4
endloop
endfacet
facet normal 0 0 -1
outer loop
vertex 64.66613876924362 -138.16564128254902 4
vertex 64.43511396871999 -137.7334242809133 4
vertex 64.43511396871999 -137.7334242809133 1
endloop
endfacet
facet normal 0 0 -1
outer loop
vertex 64.66613876924362 -138.16564128254902 4
vertex 64.43511396871999 -137.7334242809133 1
vertex 64.66613876924362 -138.16564128254902 1
endloop
endfacet
facet normal 0 0 1
outer loop
vertex 64.97704584703249 -138.54448265296622 4
vertex 64.75729518784932 -138.2767157 4
vertex 64.73364151858128 -138.24789362060412 4
endloop
endfacet
facet normal 0 0 1
outer loop
vertex 64.97704584703249 -138.54448265296622 4
vertex 64.73364151858128 -138.24789362060412 4
vertex 64.66613876924362 -138.16564128254902 4
endloop
endfacet
facet normal 0 0 1
outer loop
vertex 64.97704584703249 -138.54448265296622 4
vertex 64.66613876924362 -138.16564128254902 4
vertex 64.66613876924362 -138.16564128254902 1
endloop
endfacet
facet normal 0 0 1
outer loop
vertex 64.97704584703249 -138.54448265296622 4
vertex 64.66613876924362 -138.16564128254902 1
vertex 64.97704584703249 -138.54448265296736 1
endloop
endfacet
facet normal -0.6343932841636442 -0.7730104533627382 0
outer loop
vertex 65.35588721745398 -138.85538973075577 4
vertex 64.97704584703249 -138.54448265296622 4
vertex 64.97704584703249 -138.54448265296736 1
endloop
endfacet
facet normal -0.6343932841636442 -0.7730104533627382 0
outer loop
vertex 65.35588721745398 -138.85538973075577 4
vertex 64.97704584703249 -138.54448265296736 1
vertex 65.35588721745398 -138.8553897307528 1
endloop
endfacet
facet normal -0.29028467725447593 -0.9569403357322048 0
outer loop
vertex 66.25708699495874 -139.22867890100798 4
vertex 65.78810421908912 -139.08641453127905 4
vertex 65.78810421908912 -139.0864145312748 1
endloop
endfacet
facet normal -0.29028467725447593 -0.9569403357322048 0
outer loop
vertex 66.25708699495874 -139.22867890100798 4
vertex 65.78810421908912 -139.0864145312748 1
vertex 66.25708699495874 -139.2286789010112 1
endloop
endfacet
facet normal -0.09801714032954582 -0.9951847266721984 0
outer loop
vertex 66.74481279999999 -139.2767157000004 4
vertex 66.25708699495874 -139.22867890100798 4
vertex 66.25708699495874 -139.2286789010112 1
endloop
endfacet
facet normal -0.09801714032954582 -0.9951847266721984 0
outer loop
vertex 66.74481279999999 -139.2767157000004 4
vertex 66.25708699495874 -139.2286789010112 1
vertex 66.74481279999999 -139.2767157000004 1
endloop
endfacet
facet normal 0.09801714032954582 -0.9951847266721984 0
outer loop
vertex 67.23253860504032 -139.22867890100798 4
vertex 66.74481279999999 -139.2767157000004 4
vertex 66.74481279999999 -139.2767157000004 1
endloop
endfacet
facet normal 0.09801714032954582 -0.9951847266721984 0
outer loop
vertex 67.23253860504032 -139.22867890100798 4
vertex 66.74481279999999 -139.2767157000004 1
vertex 67.23253860504032 -139.22867890100798 1
endloop
endfacet
facet normal 0.29028467725447593 -0.9569403357322049 0
outer loop
vertex 67.70152138091296 -139.08641453127905 4
vertex 67.23253860504032 -139.22867890100798 4
vertex 67.23253860504032 -139.22867890100798 1
endloop
endfacet
facet normal 0.29028467725447593 -0.9569403357322049 0
outer loop
vertex 67.70152138091296 -139.08641453127905 4
vertex 67.23253860504032 -139.22867890100798 1
vertex 67.70152138091296 -139.08641453127905 1
endloop
endfacet
facet normal 0.4713967368259914 -0.8819212643483584 0
outer loop
vertex 68.13373838254867 -138.85538973075577 4
vertex 67.70152138091296 -139.08641453127905 4
vertex 67.70152138091296 -139.08641453127905 1
endloop
endfacet
facet normal 0.4713967368259914 -0.8819212643483584 0
outer loop
vertex 68.13373838254867 -138.85538973075577 4
vertex 67.70152138091296 -139.08641453127905 1
vertex 68.13373838254867 -138.85538973075577 1
endloop
endfacet
facet normal 0.6343932841636208 -0.7730104533627572 0
outer loop
vertex 68.51257975296622 -138.54448265296622 4
vertex 68.13373838254867 -138.85538973075577 4
vertex 68.13373838254867 -138.85538973075577 1
endloop
endfacet
facet normal 0.6343932841636208 -0.7730104533627572 0
outer loop
vertex 68.51257975296622 -138.54448265296622 4
vertex 68.13373838254867 -138.85538973075577 1
vertex 68.51257975296622 -138.54448265296622 1
endloop
endfacet
facet normal 0 0 -1
outer loop
vertex 68.82348683075588 -138.16564128254902 4
vertex 68.75598408141876 -138.24789362060412 4
vertex 68.7323304121507 -138.2767157 4
endloop
endfacet
facet normal 0 0 -1
outer loop
vertex 68.82348683075588 -138.16564128254902 4
vertex 68.7323304121507 -138.2767157 4
vertex 68.51257975296622 -138.54448265296622 4
endloop
endfacet
facet normal 0 0 -1
outer loop
vertex 68.82348683075588 -138.16564128254902 4
vertex 68.51257975296622 -138.54448265296622 4
vertex 68.51257975296622 -138.54448265296622 1
endloop
endfacet
facet normal 0 0 -1
outer loop
vertex 68.82348683075588 -138.16564128254902 4
vertex 68.51257975296622 -138.54448265296622 1
vertex 68.82348683075588 -138.16564128254862 1
endloop
endfacet
facet normal 0 0 1
outer loop
vertex 69.05451163127861 -137.7334242809133 4
vertex 68.99894834835841 -137.83737587178126 4
vertex 68.89923837116488 -138.02392011845248 4
endloop
endfacet
facet normal 0 0 1
outer loop
vertex 69.05451163127861 -137.7334242809133 4
vertex 68.89923837116488 -138.02392011845248 4
vertex 68.82514717402917 -138.16253499876794 4
endloop
endfacet
facet normal 0 0 1
outer loop
vertex 69.05451163127861 -137.7334242809133 4
vertex 68.82514717402917 -138.16253499876794 4
vertex 68.82348683075588 -138.16564128254902 4
endloop
endfacet
facet normal 0 0 1
outer loop
vertex 69.05451163127861 -137.7334242809133 4
vertex 68.82348683075588 -138.16564128254902 4
vertex 68.82348683075588 -138.16564128254862 1
endloop
endfacet
facet normal 0 0 1
outer loop
vertex 69.05451163127861 -137.7334242809133 4
vertex 68.82348683075588 -138.16564128254862 1
vertex 69.05451163127861 -137.73342428091297 1
endloop
endfacet
facet normal 0 0 -1
outer loop
vertex 69.19677600100755 -137.2644415050403 4
vertex 69.17059738135762 -137.35074084854756 4
vertex 69.09193042493135 -137.61007104952907 4
endloop
endfacet
facet normal 0 0 -1
outer loop
vertex 69.19677600100755 -137.2644415050403 4
vertex 69.09193042493135 -137.61007104952907 4
vertex 69.05451163127861 -137.7334242809133 4
endloop
endfacet
facet normal 0 0 -1
outer loop
vertex 69.19677600100755 -137.2644415050403 4
vertex 69.05451163127861 -137.7334242809133 4
vertex 69.05451163127861 -137.73342428091297 1
endloop
endfacet
facet normal 0 0 -1
outer loop
vertex 69.19677600100755 -137.2644415050403 4
vertex 69.05451163127861 -137.73342428091297 1
vertex 69.19677600100755 -137.2644415050403 1
endloop
endfacet
facet normal 0 0 -1
outer loop
vertex 140.28452149999956 -108.25357099999987 4
vertex 140.25569942060517 -108.54620648302419 4
vertex 140.23648470100764 -108.7412968050403 4
endloop
endfacet
facet normal 0 0 -1
outer loop
vertex 140.28452149999956 -108.25357099999987 4
vertex 140.23648470100764 -108.7412968050403 4
vertex 140.23648470100764 -108.74129680504028 1
endloop
endfacet
facet normal 0 0 -1
outer loop
vertex 140.28452149999956 -108.25357099999987 4
vertex 140.23648470100764 -108.74129680504028 1
vertex 140.28452149999956 -108.25357099999995 1
endloop
endfacet
facet normal 0 0 1
outer loop
vertex 140.23648470100818 -107.76584519495941 4
vertex 140.25569942060423 -107.96093551697604 4
vertex 140.28452149999956 -108.25357099999987 4
endloop
endfacet
facet normal 0 0 1
outer loop
vertex 140.23648470100818 -107.76584519495941 4
vertex 140.28452149999956 -108.25357099999987 4
vertex 140.28452149999956 -108.25357099999995 1
endloop
endfacet
facet normal 0 0 1
outer loop
vertex 140.23648470100818 -107.76584519495941 4
vertex 140.28452149999956 -108.25357099999995 1
vertex 140.23648470100818 -107.76584519495967 1
endloop
endfacet
facet normal 0 0 -1
outer loop
vertex 140.09422033127873 -107.29686241908715 4
vertex 140.13163912493286 -107.42021565047052 4
vertex 140.2103060813626 -107.67954585145232 4
endloop
endfacet
facet normal 0 0 -1
outer loop
vertex 140.09422033127873 -107.29686241908715 4
vertex 140.2103060813626 -107.67954585145232 4
vertex 140.23648470100818 -107.76584519495941 4
endloop
endfacet
facet normal 0 0 -1
outer loop
vertex 140.09422033127873 -107.29686241908715 4
vertex 140.23648470100818 -107.76584519495941 4
vertex 140.23648470100818 -107.76584519495967 1
endloop
endfacet
facet normal 0 0 -1
outer loop
vertex 140.09422033127873 -107.29686241908715 4
vertex 140.23648470100818 -107.76584519495967 1
vertex 140.09422033127873 -107.2968624190871 1
endloop
endfacet
facet normal 0 0 -1
outer loop
vertex 139.86319553075515 -106.86464541745097 4
vertex 139.8648558740324 -106.8677517012328 4
vertex 139.9389470711559 -107.0063665815457 4
endloop
endfacet
facet normal 0 0 -1
outer loop
vertex 139.86319553075515 -106.86464541745097 4
vertex 139.9389470711559 -107.0063665815457 4
vertex 140.03865704835982 -107.19291082822009 4
endloop
endfacet
facet normal 0 0 -1
outer loop
vertex 139.86319553075515 -106.86464541745097 4
vertex 140.03865704835982 -107.19291082822009 4
vertex 140.09422033127873 -107.29686241908715 4
endloop
endfacet
facet normal 0 0 -1
outer loop
vertex 139.86319553075515 -106.86464541745097 4
vertex 140.09422033127873 -107.29686241908715 4
vertex 140.09422033127873 -107.2968624190871 1
endloop
endfacet
facet normal 0 0 -1
outer loop
vertex 139.86319553075515 -106.86464541745097 4
vertex 140.09422033127873 -107.2968624190871 1
vertex 139.86319553075515 -106.86464541745164 1
endloop
endfacet
facet normal 0 0 -1
outer loop
vertex 139.55228845297037 -106.4858040470304 4
vertex 139.77203911215065 -106.7535709999991 4
vertex 139.79569278141662 -106.78239307939589 4
endloop
endfacet
facet normal 0 0 -1
outer loop
vertex 139.55228845297037 -106.4858040470304 4
vertex 139.79569278141662 -106.78239307939589 4
vertex 139.86319553075515 -106.86464541745097 4
endloop
endfacet
facet normal 0 0 -1
outer loop
vertex 139.55228845297037 -106.4858040470304 4
vertex 139.86319553075515 -106.86464541745097 4
vertex 139.86319553075515 -106.86464541745164 1
endloop
endfacet
facet normal 0 0 -1
outer loop
vertex 139.55228845297037 -106.4858040470304 4
vertex 139.86319553075515 -106.86464541745164 1
vertex 139.55228845297037 -106.4858040470304 1
endloop
endfacet
facet normal 0.634393284163652 0.7730104533627318 0
outer loop
vertex 139.17344708254987 -106.17489696924268 4
vertex 139.55228845297037 -106.4858040470304 4
vertex 139.55228845297037 -106.4858040470304 1
endloop
endfacet
facet normal 0.634393284163652 0.7730104533627318 0
outer loop
vertex 139.17344708254987 -106.17489696924268 4
vertex 139.55228845297037 -106.4858040470304 1
vertex 139.17344708254987 -106.17489696924268 1
endloop
endfacet
facet normal 0.4713967368259909 0.8819212643483587 0
outer loop
vertex 138.7412300809135 -105.94387216872042 4
vertex 139.17344708254987 -106.17489696924268 4
vertex 139.17344708254987 -106.17489696924268 1
endloop
endfacet
facet normal 0.4713967368259909 0.8819212643483587 0
outer loop
vertex 138.7412300809135 -105.94387216872042 4
vertex 139.17344708254987 -106.17489696924268 1
vertex 138.7412300809135 -105.94387216872042 1
endloop
endfacet
facet normal 0.29028467725446194 0.956940335732209 0
outer loop
vertex 138.27224730504022 -105.8016077989923 4
vertex 138.7412300809135 -105.94387216872042 4
vertex 138.7412300809135 -105.94387216872042 1
endloop
endfacet
facet normal 0.29028467725446194 0.956940335732209 0
outer loop
vertex 138.27224730504022 -105.8016077989923 4
vertex 138.7412300809135 -105.94387216872042 1
vertex 138.27224730504022 -105.8016077989923 1
endloop
endfacet
facet normal 0.09801714032955997 0.9951847266721969 0
outer loop
vertex 137.7845215 -105.75357100000019 4
vertex 138.27224730504022 -105.8016077989923 4
vertex 138.27224730504022 -105.8016077989923 1
endloop
endfacet
facet normal 0.09801714032955997 0.9951847266721969 0
outer loop
vertex 137.7845215 -105.75357100000019 4
vertex 138.27224730504022 -105.8016077989923 1
vertex 137.7845215 -105.75357100000019 1
endloop
endfacet
facet normal -0.09801714032957415 0.9951847266721956 0
outer loop
vertex 137.29679569495963 -105.8016077989923 4
vertex 137.7845215 -105.75357100000019 4
vertex 137.7845215 -105.75357100000019 1
endloop
endfacet
facet normal -0.09801714032957415 0.9951847266721956 0
outer loop
vertex 137.29679569495963 -105.8016077989923 4
vertex 137.7845215 -105.75357100000019 1
vertex 137.29679569495963 -105.80160779899126 1
endloop
endfacet
facet normal -0.2902846772544479 0.9569403357322133 0
outer loop
vertex 136.82781291908765 -105.94387216872042 4
vertex 137.29679569495963 -105.8016077989923 4
vertex 137.29679569495963 -105.80160779899126 1
endloop
endfacet
facet normal -0.2902846772544479 0.9569403357322133 0
outer loop
vertex 136.82781291908765 -105.94387216872042 4
vertex 137.29679569495963 -105.80160779899126 1
vertex 136.82781291908765 -105.94387216872298 1
endloop
endfacet
facet normal -0.47139673682601946 0.8819212643483434 0
outer loop
vertex 136.3955959174508 -106.17489696924268 4
vertex 136.82781291908765 -105.94387216872042 4
vertex 136.82781291908765 -105.94387216872298 1
endloop
endfacet
facet normal -0.47139673682601946 0.8819212643483434 0
outer loop
vertex 136.3955959174508 -106.17489696924268 4
vertex 136.82781291908765 -105.94387216872298 1
vertex 136.3955959174508 -106.17489696924328 1
endloop
endfacet
facet normal -0.6343932841636518 0.7730104533627319 0
outer loop
vertex 136.01675454703388 -106.4858040470304 4
vertex 136.3955959174508 -106.17489696924268 4
vertex 136.3955959174508 -106.17489696924328 1
endloop
endfacet
facet normal -0.6343932841636518 0.7730104533627319 0
outer loop
vertex 136.01675454703388 -106.4858040470304 4
vertex 136.3955959174508 -106.17489696924328 1
vertex 136.01675454703388 -106.48580404703392 1
endloop
endfacet
facet normal 0 0 1
outer loop
vertex 135.70584746924368 -106.86464541745097 4
vertex 135.77335021858346 -106.78239307939589 4
vertex 135.79700388784943 -106.7535709999991 4
endloop
endfacet
facet normal 0 0 1
outer loop
vertex 135.70584746924368 -106.86464541745097 4
vertex 135.79700388784943 -106.7535709999991 4
vertex 136.01675454703388 -106.4858040470304 4
endloop
endfacet
facet normal 0 0 1
outer loop
vertex 135.70584746924368 -106.86464541745097 4
vertex 136.01675454703388 -106.4858040470304 4
vertex 136.01675454703388 -106.48580404703392 1
endloop
endfacet
facet normal 0 0 1
outer loop
vertex 135.70584746924368 -106.86464541745097 4
vertex 136.01675454703388 -106.48580404703392 1
vertex 135.70584746924368 -106.86464541745097 1
endloop
endfacet
facet normal 0 0 -1
outer loop
vertex 135.47482266872154 -107.29686241908715 4
vertex 135.53038595164017 -107.19291082822009 4
vertex 135.63009592884413 -107.0063665815457 4
endloop
endfacet
facet normal 0 0 -1
outer loop
vertex 135.47482266872154 -107.29686241908715 4
vertex 135.63009592884413 -107.0063665815457 4
vertex 135.7041871259677 -106.8677517012328 4
endloop
endfacet
facet normal 0 0 -1
outer loop
vertex 135.47482266872154 -107.29686241908715 4
vertex 135.7041871259677 -106.8677517012328 4
vertex 135.70584746924368 -106.86464541745097 4
endloop
endfacet
facet normal 0 0 -1
outer loop
vertex 135.47482266872154 -107.29686241908715 4
vertex 135.70584746924368 -106.86464541745097 4
vertex 135.70584746924368 -106.86464541745097 1
endloop
endfacet
facet normal 0 0 -1
outer loop
vertex 135.47482266872154 -107.29686241908715 4
vertex 135.70584746924368 -106.86464541745097 1
vertex 135.47482266872154 -107.29686241908715 1
endloop
endfacet
facet normal 0 0 -1
outer loop
vertex 135.33255829899107 -107.76584519495941 4
vertex 135.35873691863742 -107.67954585145232 4
vertex 135.43740387506713 -107.42021565047052 4
endloop
endfacet
facet normal 0 0 -1
outer loop
vertex 135.33255829899107 -107.76584519495941 4
vertex 135.43740387506713 -107.42021565047052 4
vertex 135.47482266872154 -107.29686241908715 4
endloop
endfacet
facet normal 0 0 -1
outer loop
vertex 135.33255829899107 -107.76584519495941 4
vertex 135.47482266872154 -107.29686241908715 4
vertex 135.47482266872154 -107.29686241908715 1
endloop
endfacet
facet normal 0 0 -1
outer loop
vertex 135.33255829899107 -107.76584519495941 4
vertex 135.47482266872154 -107.29686241908715 1
vertex 135.33255829899107 -107.76584519495941 1
endloop
endfacet
facet normal 0 0 1
outer loop
vertex 135.28452149999967 -108.25357099999987 4
vertex 135.3133435793958 -107.96093551697604 4
vertex 135.33255829899107 -107.76584519495941 4
endloop
endfacet
facet normal 0 0 1
outer loop
vertex 135.28452149999967 -108.25357099999987 4
vertex 135.33255829899107 -107.76584519495941 4
vertex 135.33255829899107 -107.76584519495941 1
endloop
endfacet
facet normal 0 0 1
outer loop
vertex 135.28452149999967 -108.25357099999987 4
vertex 135.33255829899107 -107.76584519495941 1
vertex 135.28452149999967 -108.25357099999997 1
endloop
endfacet
facet normal 0 0 -1
outer loop
vertex 135.3325582989922 -108.7412968050403 4
vertex 135.31334357939485 -108.54620648302419 4
vertex 135.28452149999967 -108.25357099999987 4
endloop
endfacet
facet normal 0 0 -1
outer loop
vertex 135.3325582989922 -108.7412968050403 4
vertex 135.28452149999967 -108.25357099999987 4
vertex 135.28452149999967 -108.25357099999997 1
endloop
endfacet
facet normal 0 0 -1
outer loop
vertex 135.3325582989922 -108.7412968050403 4
vertex 135.28452149999967 -108.25357099999997 1
vertex 135.3325582989922 -108.7412968050403 1
endloop
endfacet
facet normal 0 0 1
outer loop
vertex 135.47482266871998 -109.21027958091328 4
vertex 135.43740387507358 -109.08692634952932 4
vertex 135.35873691864325 -108.82759614854737 4
endloop
endfacet
facet normal 0 0 1
outer loop
vertex 135.47482266871998 -109.21027958091328 4
vertex 135.35873691864325 -108.82759614854737 4
vertex 135.3325582989922 -108.7412968050403 4
endloop
endfacet
facet normal 0 0 1
outer loop
vertex 135.47482266871998 -109.21027958091328 4
vertex 135.3325582989922 -108.7412968050403 4
vertex 135.3325582989922 -108.7412968050403 1
endloop
endfacet
facet normal 0 0 1
outer loop
vertex 135.47482266871998 -109.21027958091328 4
vertex 135.3325582989922 -108.7412968050403 1
vertex 135.47482266871998 -109.21027958091328 1
endloop
endfacet
facet normal 0 0 1
outer loop
vertex 135.70584746924249 -109.64249658254964 4
vertex 135.70418712597032 -109.6393902987679 4
vertex 135.6300959288353 -109.50077541845471 4
endloop
endfacet
facet normal 0 0 1
outer loop
vertex 135.70584746924249 -109.64249658254964 4
vertex 135.6300959288353 -109.50077541845471 4
vertex 135.53038595163738 -109.31423117178166 4
endloop
endfacet
facet normal 0 0 1
outer loop
vertex 135.70584746924249 -109.64249658254964 4
vertex 135.53038595163738 -109.31423117178166 4
vertex 135.47482266871998 -109.21027958091328 4
endloop
endfacet
facet normal 0 0 1
outer loop
vertex 135.70584746924249 -109.64249658254964 4
vertex 135.47482266871998 -109.21027958091328 4
vertex 135.47482266871998 -109.21027958091328 1
endloop
endfacet
facet normal 0 0 1
outer loop
vertex 135.70584746924249 -109.64249658254964 4
vertex 135.47482266871998 -109.21027958091328 1
vertex 135.70584746924249 -109.64249658254964 1
endloop
endfacet
facet normal 0 0 1
outer loop
vertex 136.01675454703616 -110.02133795296662 4
vertex 135.79700388784912 -109.7535709999997 4
vertex 135.7733502185803 -109.72474892060526 4
endloop
endfacet
facet normal 0 0 1
outer loop
vertex 136.01675454703616 -110.02133795296662 4
vertex 135.7733502185803 -109.72474892060526 4
vertex 135.70584746924249 -109.64249658254964 4
endloop
endfacet
facet normal 0 0 1
outer loop
vertex 136.01675454703616 -110.02133795296662 4
vertex 135.70584746924249 -109.64249658254964 4
vertex 135.70584746924249 -109.64249658254964 1
endloop
endfacet
facet normal 0 0 1
outer loop
vertex 136.01675454703616 -110.02133795296662 4
vertex 135.70584746924249 -109.64249658254964 1
vertex 136.01675454703616 -110.02133795296432 1
endloop
endfacet
facet normal -0.6343932841636208 -0.7730104533627572 0
outer loop
vertex 136.39559591745223 -110.33224503075536 4
vertex 136.01675454703616 -110.02133795296662 4
vertex 136.01675454703616 -110.02133795296432 1
endloop
endfacet
facet normal -0.6343932841636208 -0.7730104533627572 0
outer loop
vertex 136.39559591745223 -110.33224503075536 4
vertex 136.01675454703616 -110.02133795296432 1
vertex 136.39559591745223 -110.33224503075488 1
endloop
endfacet
facet normal -0.47139673682600136 -0.8819212643483529 0
outer loop
vertex 136.82781291908705 -110.56326983127936 4
vertex 136.39559591745223 -110.33224503075536 4
vertex 136.39559591745223 -110.33224503075488 1
endloop
endfacet
facet normal -0.47139673682600136 -0.8819212643483529 0
outer loop
vertex 136.82781291908705 -110.56326983127936 4
vertex 136.39559591745223 -110.33224503075488 1
vertex 136.82781291908705 -110.56326983127865 1
endloop
endfacet
facet normal -0.29028467725446194 -0.956940335732209 0
outer loop
vertex 137.29679569495957 -110.70553420100745 4
vertex 136.82781291908705 -110.56326983127936 4
vertex 136.82781291908705 -110.56326983127865 1
endloop
endfacet
facet normal -0.29028467725446194 -0.956940335732209 0
outer loop
vertex 137.29679569495957 -110.70553420100745 4
vertex 136.82781291908705 -110.56326983127865 1
vertex 137.29679569495957 -110.7055342010084 1
endloop
endfacet
facet normal -0.09801714032957415 -0.9951847266721956 0
outer loop
vertex 137.78452149999998 -110.75357100000036 4
vertex 137.29679569495957 -110.70553420100745 4
vertex 137.29679569495957 -110.7055342010084 1
endloop
endfacet
facet normal -0.09801714032957415 -0.9951847266721956 0
outer loop
vertex 137.78452149999998 -110.75357100000036 4
vertex 137.29679569495957 -110.7055342010084 1
vertex 137.78452149999998 -110.75357100000036 1
endloop
endfacet
facet normal 0.09801714032957415 -0.9951847266721956 0
outer loop
vertex 138.27224730504028 -110.70553420100745 4
vertex 137.78452149999998 -110.75357100000036 4
vertex 137.78452149999998 -110.75357100000036 1
endloop
endfacet
facet normal 0.09801714032957415 -0.9951847266721956 0
outer loop
vertex 138.27224730504028 -110.70553420100745 4
vertex 137.78452149999998 -110.75357100000036 1
vertex 138.27224730504028 -110.70553420100745 1
endloop
endfacet
facet normal 0.29028467725092555 -0.9569403357332817 0
outer loop
vertex 138.7412300809131 -110.56326983127936 4
vertex 138.27224730504028 -110.70553420100745 4
vertex 138.27224730504028 -110.70553420100745 1
endloop
endfacet
facet normal 0.29028467725092555 -0.9569403357332817 0
outer loop
vertex 138.7412300809131 -110.56326983127936 4
vertex 138.27224730504028 -110.70553420100745 1
vertex 138.47017006172968 -110.64549498915635 1
endloop
endfacet
facet normal 0.29028467725092555 -0.9569403357332817 0
outer loop
vertex 138.7412300809131 -110.56326983127936 4
vertex 138.47017006172968 -110.64549498915635 1
vertex 138.7412300809131 -110.56326983127936 1
endloop
endfacet
facet normal 0.4713967368259914 -0.8819212643483584 0
outer loop
vertex 139.17344708254848 -110.33224503075536 4
vertex 138.7412300809131 -110.56326983127936 4
vertex 138.7412300809131 -110.56326983127936 1
endloop
endfacet
facet normal 0.4713967368259914 -0.8819212643483584 0
outer loop
vertex 139.17344708254848 -110.33224503075536 4
vertex 138.7412300809131 -110.56326983127936 1
vertex 139.17344708254848 -110.33224503075536 1
endloop
endfacet
facet normal 0.634393284161365 -0.7730104533646085 0
outer loop
vertex 139.5522884529666 -110.02133795296662 4
vertex 139.17344708254848 -110.33224503075536 4
vertex 139.17344708254848 -110.33224503075536 1
endloop
endfacet
facet normal 0.634393284161365 -0.7730104533646085 0
outer loop
vertex 139.5522884529666 -110.02133795296662 4
vertex 139.17344708254848 -110.33224503075536 1
vertex 139.20207397171583 -110.30875154996784 1
endloop
endfacet
facet normal 0.634393284161365 -0.7730104533646085 0
outer loop
vertex 139.5522884529666 -110.02133795296662 4
vertex 139.20207397171583 -110.30875154996784 1
vertex 139.5522884529666 -110.02133795296662 1
endloop
endfacet
facet normal 0 0 -1
outer loop
vertex 139.86319553075646 -109.64249658254964 4
vertex 139.79569278141972 -109.72474892060526 4
vertex 139.77203911215094 -109.7535709999997 4
endloop
endfacet
facet normal 0 0 -1
outer loop
vertex 139.86319553075646 -109.64249658254964 4
vertex 139.77203911215094 -109.7535709999997 4
vertex 139.5522884529666 -110.02133795296662 4
endloop
endfacet
facet normal 0 0 -1
outer loop
vertex 139.86319553075646 -109.64249658254964 4
vertex 139.5522884529666 -110.02133795296662 4
vertex 139.5522884529666 -110.02133795296662 1
endloop
endfacet
facet normal 0 0 -1
outer loop
vertex 139.86319553075646 -109.64249658254964 4
vertex 139.5522884529666 -110.02133795296662 1
vertex 139.86319553075646 -109.64249658254907 1
endloop
endfacet
facet normal 0 0 -1
outer loop
vertex 140.09422033127825 -109.21027958091328 4
vertex 140.03865704836267 -109.31423117178166 4
vertex 139.9389470711647 -109.50077541845471 4
endloop
endfacet
facet normal 0 0 -1
outer loop
vertex 140.09422033127825 -109.21027958091328 4
vertex 139.9389470711647 -109.50077541845471 4
vertex 139.86485587402964 -109.6393902987679 4
endloop
endfacet
facet normal 0 0 -1
outer loop
vertex 140.09422033127825 -109.21027958091328 4
vertex 139.86485587402964 -109.6393902987679 4
vertex 139.86319553075646 -109.64249658254964 4
endloop
endfacet
facet normal 0 0 -1
outer loop
vertex 140.09422033127825 -109.21027958091328 4
vertex 139.86319553075646 -109.64249658254964 4
vertex 139.86319553075646 -109.64249658254907 1
endloop
endfacet
facet normal 0 0 -1
outer loop
vertex 140.09422033127825 -109.21027958091328 4
vertex 139.86319553075646 -109.64249658254907 1
vertex 140.09422033127825 -109.21027958091274 1
endloop
endfacet
facet normal 0 0 -1
outer loop
vertex 140.23648470100764 -108.7412968050403 4
vertex 140.21030608135675 -108.82759614854737 4
vertex 140.13163912492638 -109.08692634952932 4
endloop
endfacet
facet normal 0 0 -1
outer loop
vertex 140.23648470100764 -108.7412968050403 4
vertex 140.13163912492638 -109.08692634952932 4
vertex 140.09422033127825 -109.21027958091328 4
endloop
endfacet
facet normal 0 0 -1
outer loop
vertex 140.23648470100764 -108.7412968050403 4
vertex 140.09422033127825 -109.21027958091328 4
vertex 140.09422033127825 -109.21027958091274 1
endloop
endfacet
facet normal 0 0 -1
outer loop
vertex 140.23648470100764 -108.7412968050403 4
vertex 140.09422033127825 -109.21027958091274 1
vertex 140.23648470100764 -108.74129680504028 1
endloop
endfacet
facet normal 0 0 1
outer loop
vertex 127.61267520000058 -143.06918259999995 4
vertex 127.5838531206054 -143.36181808302427 4
vertex 127.56463840100866 -143.55690840504033 4
endloop
endfacet
facet normal 0 0 1
outer loop
vertex 127.61267520000058 -143.06918259999995 4
vertex 127.56463840100866 -143.55690840504033 4
vertex 127.56463840100866 -143.5569084050404 1
endloop
endfacet
facet normal 0 0 1
outer loop
vertex 127.61267520000058 -143.06918259999995 4
vertex 127.56463840100866 -143.5569084050404 1
vertex 127.61267520000058 -143.06918260000006 1
endloop
endfacet
facet normal 0 0 -1
outer loop
vertex 127.5646384010084 -142.58145679496002 4
vertex 127.58385312060604 -142.7765471169754 4
vertex 127.61267520000058 -143.06918259999995 4
endloop
endfacet
facet normal 0 0 -1
outer loop
vertex 127.5646384010084 -142.58145679496002 4
vertex 127.61267520000058 -143.06918259999995 4
vertex 127.61267520000058 -143.06918260000006 1
endloop
endfacet
facet normal 0 0 -1
outer loop
vertex 127.5646384010084 -142.58145679496002 4
vertex 127.61267520000058 -143.06918260000006 1
vertex 127.5646384010084 -142.58145679495968 1
endloop
endfacet
facet normal 0 0 1
outer loop
vertex 127.42237403127828 -142.11247401908724 4
vertex 127.45979282492405 -142.2358272504702 4
vertex 127.53845978136215 -142.49515745145268 4
endloop
endfacet
facet normal 0 0 1
outer loop
vertex 127.42237403127828 -142.11247401908724 4
vertex 127.53845978136215 -142.49515745145268 4
vertex 127.5646384010084 -142.58145679496002 4
endloop
endfacet
facet normal 0 0 1
outer loop
vertex 127.42237403127828 -142.11247401908724 4
vertex 127.5646384010084 -142.58145679496002 4
vertex 127.5646384010084 -142.58145679495968 1
endloop
endfacet
facet normal 0 0 1
outer loop
vertex 127.42237403127828 -142.11247401908724 4
vertex 127.5646384010084 -142.58145679495968 1
vertex 127.42237403127828 -142.11247401908724 1
endloop
endfacet
facet normal 0 0 1
outer loop
vertex 127.19134923075893 -141.6802570174512 4
vertex 127.1930095740293 -141.68336330123284 4
vertex 127.26710077116172 -141.82197818154617 4
endloop
endfacet
facet normal 0 0 1
outer loop
vertex 127.19134923075893 -141.6802570174512 4
vertex 127.26710077116172 -141.82197818154617 4
vertex 127.36681074837057 -142.00852242822037 4
endloop
endfacet
facet normal 0 0 1
outer loop
vertex 127.19134923075893 -141.6802570174512 4
vertex 127.36681074837057 -142.00852242822037 4
vertex 127.42237403127828 -142.11247401908724 4
endloop
endfacet
facet normal 0 0 1
outer loop
vertex 127.19134923075893 -141.6802570174512 4
vertex 127.42237403127828 -142.11247401908724 4
vertex 127.42237403127828 -142.11247401908724 1
endloop
endfacet
facet normal 0 0 1
outer loop
vertex 127.19134923075893 -141.6802570174512 4
vertex 127.42237403127828 -142.11247401908724 1
vertex 127.19134923075893 -141.6802570174496 1
endloop
endfacet
facet normal 0 0 1
outer loop
vertex 126.88044215297079 -141.30141564703013 4
vertex 127.10019281215088 -141.56918260000182 4
vertex 127.12384648141978 -141.5980046793939 4
endloop
endfacet
facet normal 0 0 1
outer loop
vertex 126.88044215297079 -141.30141564703013 4
vertex 127.12384648141978 -141.5980046793939 4
vertex 127.19134923075893 -141.6802570174512 4
endloop
endfacet
facet normal 0 0 1
outer loop
vertex 126.88044215297079 -141.30141564703013 4
vertex 127.19134923075893 -141.6802570174512 4
vertex 127.19134923075893 -141.6802570174496 1
endloop
endfacet
facet normal 0 0 1
outer loop
vertex 126.88044215297079 -141.30141564703013 4
vertex 127.19134923075893 -141.6802570174496 1
vertex 126.88044215297079 -141.30141564703013 1
endloop
endfacet
facet normal 0.63439328416365 0.7730104533627331 0
outer loop
vertex 126.50160078255067 -140.99050856924165 4
vertex 126.88044215297079 -141.30141564703013 4
vertex 126.88044215297079 -141.30141564703013 1
endloop
endfacet
facet normal 0.63439328416365 0.7730104533627331 0
outer loop
vertex 126.50160078255067 -140.99050856924165 4
vertex 126.88044215297079 -141.30141564703013 1
vertex 126.50160078255067 -140.99050856924165 1
endloop
endfacet
facet normal 0.4713967368259944 0.8819212643483568 0
outer loop
vertex 126.06938378091198 -140.75948376872324 4
vertex 126.50160078255067 -140.99050856924165 4
vertex 126.50160078255067 -140.99050856924165 1
endloop
endfacet
facet normal 0.4713967368259944 0.8819212643483568 0
outer loop
vertex 126.06938378091198 -140.75948376872324 4
vertex 126.50160078255067 -140.99050856924165 1
vertex 126.06938378091198 -140.75948376872324 1
endloop
endfacet
facet normal 0.29028467725447593 0.9569403357322048 0
outer loop
vertex 125.60040100503997 -140.6172193989931 4
vertex 126.06938378091198 -140.75948376872324 4
vertex 126.06938378091198 -140.75948376872324 1
endloop
endfacet
facet normal 0.29028467725447593 0.9569403357322048 0
outer loop
vertex 125.60040100503997 -140.6172193989931 4
vertex 126.06938378091198 -140.75948376872324 1
vertex 125.60040100503997 -140.6172193989931 1
endloop
endfacet
facet normal -0.09801714032954582 0.9951847266721984 0
outer loop
vertex 124.6249493949597 -140.6172193989931 4
vertex 125.11267519999991 -140.56918260000091 4
vertex 125.11267519999991 -140.56918260000091 1
endloop
endfacet
facet normal -0.09801714032954582 0.9951847266721984 0
outer loop
vertex 124.6249493949597 -140.6172193989931 4
vertex 125.11267519999991 -140.56918260000091 1
vertex 124.6249493949597 -140.6172193989922 1
endloop
endfacet
facet normal -0.2902846772545039 0.9569403357321963 0
outer loop
vertex 124.15596661908691 -140.75948376872324 4
vertex 124.6249493949597 -140.6172193989931 4
vertex 124.6249493949597 -140.6172193989922 1
endloop
endfacet
facet normal -0.2902846772545039 0.9569403357321963 0
outer loop
vertex 124.15596661908691 -140.75948376872324 4
vertex 124.6249493949597 -140.6172193989922 1
vertex 124.15596661908691 -140.75948376872054 1
endloop
endfacet
facet normal -0.4713967368259914 0.8819212643483584 0
outer loop
vertex 123.72374961745035 -140.99050856924165 4
vertex 124.15596661908691 -140.75948376872324 4
vertex 124.15596661908691 -140.75948376872054 1
endloop
endfacet
facet normal -0.4713967368259914 0.8819212643483584 0
outer loop
vertex 123.72374961745035 -140.99050856924165 4
vertex 124.15596661908691 -140.75948376872054 1
vertex 123.72374961745035 -140.99050856924242 1
endloop
endfacet
facet normal -0.6343932841636518 0.7730104533627319 0
outer loop
vertex 123.34490824703376 -141.30141564703013 4
vertex 123.72374961745035 -140.99050856924165 4
vertex 123.72374961745035 -140.99050856924242 1
endloop
endfacet
facet normal -0.6343932841636518 0.7730104533627319 0
outer loop
vertex 123.34490824703376 -141.30141564703013 4
vertex 123.72374961745035 -140.99050856924242 1
vertex 123.34490824703376 -141.3014156470338 1
endloop
endfacet
facet normal 0 0 -1
outer loop
vertex 123.03400116924391 -141.6802570174512 4
vertex 123.10150391858028 -141.5980046793939 4
vertex 123.12515758784915 -141.56918260000182 4
endloop
endfacet
facet normal 0 0 -1
outer loop
vertex 123.03400116924391 -141.6802570174512 4
vertex 123.12515758784915 -141.56918260000182 4
vertex 123.34490824703376 -141.30141564703013 4
endloop
endfacet
facet normal 0 0 -1
outer loop
vertex 123.03400116924391 -141.6802570174512 4
vertex 123.34490824703376 -141.30141564703013 4
vertex 123.34490824703376 -141.3014156470338 1
endloop
endfacet
facet normal 0 0 -1
outer loop
vertex 123.03400116924391 -141.6802570174512 4
vertex 123.34490824703376 -141.3014156470338 1
vertex 123.03400116924391 -141.6802570174512 1
endloop
endfacet
facet normal 0 0 -1
outer loop
vertex 122.80297636872174 -142.11247401908724 4
vertex 122.85853965162946 -142.00852242822037 4
vertex 122.95824962883827 -141.82197818154617 4
endloop
endfacet
facet normal 0 0 -1
outer loop
vertex 122.80297636872174 -142.11247401908724 4
vertex 122.95824962883827 -141.82197818154617 4
vertex 123.03234082597078 -141.68336330123284 4
endloop
endfacet
facet normal 0 0 -1
outer loop
vertex 122.80297636872174 -142.11247401908724 4
vertex 123.03234082597078 -141.68336330123284 4
vertex 123.03400116924391 -141.6802570174512 4
endloop
endfacet
facet normal 0 0 -1
outer loop
vertex 122.80297636872174 -142.11247401908724 4
vertex 123.03400116924391 -141.6802570174512 4
vertex 123.03400116924391 -141.6802570174512 1
endloop
endfacet
facet normal 0 0 -1
outer loop
vertex 122.80297636872174 -142.11247401908724 4
vertex 123.03400116924391 -141.6802570174512 1
vertex 122.80297636872174 -142.11247401908724 1
endloop
endfacet
facet normal 0 0 -1
outer loop
vertex 122.66071199899305 -142.58145679496002 4
vertex 122.68689061863785 -142.49515745145268 4
vertex 122.76555757507595 -142.2358272504702 4
endloop
endfacet
facet normal 0 0 -1
outer loop
vertex 122.66071199899305 -142.58145679496002 4
vertex 122.76555757507595 -142.2358272504702 4
vertex 122.80297636872174 -142.11247401908724 4
endloop
endfacet
facet normal 0 0 -1
outer loop
vertex 122.66071199899305 -142.58145679496002 4
vertex 122.80297636872174 -142.11247401908724 4
vertex 122.80297636872174 -142.11247401908724 1
endloop
endfacet
facet normal 0 0 -1
outer loop
vertex 122.66071199899305 -142.58145679496002 4
vertex 122.80297636872174 -142.11247401908724 1
vertex 122.66071199899305 -142.58145679496002 1
endloop
endfacet
facet normal 0 0 -1
outer loop
vertex 122.61267520000008 -143.06918259999995 4
vertex 122.64149727939399 -142.7765471169754 4
vertex 122.66071199899305 -142.58145679496002 4
endloop
endfacet
facet normal 0 0 -1
outer loop
vertex 122.61267520000008 -143.06918259999995 4
vertex 122.66071199899305 -142.58145679496002 4
vertex 122.66071199899305 -142.58145679496002 1
endloop
endfacet
facet normal 0 0 -1
outer loop
vertex 122.61267520000008 -143.06918259999995 4
vertex 122.66071199899305 -142.58145679496002 1
vertex 122.61267520000008 -143.0691826 1
endloop
endfacet
facet normal 0 0 -1
outer loop
vertex 122.66071199899228 -143.55690840504033 4
vertex 122.64149727939464 -143.36181808302427 4
vertex 122.61267520000008 -143.06918259999995 4
endloop
endfacet
facet normal 0 0 -1
outer loop
vertex 122.66071199899228 -143.55690840504033 4
vertex 122.61267520000008 -143.06918259999995 4
vertex 122.61267520000008 -143.0691826 1
endloop
endfacet
facet normal 0 0 -1
outer loop
vertex 122.66071199899228 -143.55690840504033 4
vertex 122.61267520000008 -143.0691826 1
vertex 122.66071199899228 -143.55690840504033 1
endloop
endfacet
facet normal 0 0 -1
outer loop
vertex 122.80297636872184 -144.0258911809127 4
vertex 122.76555757506763 -143.9025379495306 4
vertex 122.68689061864538 -143.6432077485475 4
endloop
endfacet
facet normal 0 0 -1
outer loop
vertex 122.80297636872184 -144.0258911809127 4
vertex 122.68689061864538 -143.6432077485475 4
vertex 122.66071199899228 -143.55690840504033 4
endloop
endfacet
facet normal 0 0 -1
outer loop
vertex 122.80297636872184 -144.0258911809127 4
vertex 122.66071199899228 -143.55690840504033 4
vertex 122.66071199899228 -143.55690840504033 1
endloop
endfacet
facet normal 0 0 -1
outer loop
vertex 122.80297636872184 -144.0258911809127 4
vertex 122.66071199899228 -143.55690840504033 1
vertex 122.80297636872184 -144.0258911809127 1
endloop
endfacet
facet normal 0 0 1
outer loop
vertex 123.03400116924293 -144.45810818254944 4
vertex 123.03234082596973 -144.45500189876492 4
vertex 122.95824962882457 -144.31638701845753 4
endloop
endfacet
facet normal 0 0 1
outer loop
vertex 123.03400116924293 -144.45810818254944 4
vertex 122.95824962882457 -144.31638701845753 4
vertex 122.85853965164287 -144.12984277178128 4
endloop
endfacet
facet normal 0 0 1
outer loop
vertex 123.03400116924293 -144.45810818254944 4
vertex 122.85853965164287 -144.12984277178128 4
vertex 122.80297636872184 -144.0258911809127 4
endloop
endfacet
facet normal 0 0 1
outer loop
vertex 123.03400116924293 -144.45810818254944 4
vertex 122.80297636872184 -144.0258911809127 4
vertex 122.80297636872184 -144.0258911809127 1
endloop
endfacet
facet normal 0 0 1
outer loop
vertex 123.03400116924293 -144.45810818254944 4
vertex 122.80297636872184 -144.0258911809127 1
vertex 123.03400116924293 -144.45810818254944 1
endloop
endfacet
facet normal 0 0 1
outer loop
vertex 123.34490824703579 -144.836949552966 4
vertex 123.12515758785 -144.56918260000083 4
vertex 123.10150391858062 -144.54036052060357 4
endloop
endfacet
facet normal 0 0 1
outer loop
vertex 123.34490824703579 -144.836949552966 4
vertex 123.10150391858062 -144.54036052060357 4
vertex 123.03400116924293 -144.45810818254944 4
endloop
endfacet
facet normal 0 0 1
outer loop
vertex 123.34490824703579 -144.836949552966 4
vertex 123.03400116924293 -144.45810818254944 4
vertex 123.03400116924293 -144.45810818254944 1
endloop
endfacet
facet normal 0 0 1
outer loop
vertex 123.34490824703579 -144.836949552966 4
vertex 123.03400116924293 -144.45810818254944 1
vertex 123.34490824703579 -144.83694955296463 1
endloop
endfacet
facet normal -0.6343932841636499 -0.7730104533627332 0
outer loop
vertex 123.72374961745268 -145.14785663075617 4
vertex 123.34490824703579 -144.836949552966 4
vertex 123.34490824703579 -144.83694955296463 1
endloop
endfacet
facet normal -0.6343932841636499 -0.7730104533627332 0
outer loop
vertex 123.72374961745268 -145.14785663075617 4
vertex 123.34490824703579 -144.83694955296463 1
vertex 123.72374961745268 -145.14785663075438 1
endloop
endfacet
facet normal -0.2902846772544769 -0.9569403357322044 0
outer loop
vertex 124.62494939495983 -145.52114580100746 4
vertex 124.15596661908708 -145.37888143127918 4
vertex 124.15596661908708 -145.3788814312786 1
endloop
endfacet
facet normal -0.2902846772544769 -0.9569403357322044 0
outer loop
vertex 124.62494939495983 -145.52114580100746 4
vertex 124.15596661908708 -145.3788814312786 1
vertex 124.62494939495983 -145.52114580100758 1
endloop
endfacet
facet normal -0.09801714032954582 -0.9951847266721984 0
outer loop
vertex 125.11267519999996 -145.5691826000004 4
vertex 124.62494939495983 -145.52114580100746 4
vertex 124.62494939495983 -145.52114580100758 1
endloop
endfacet
facet normal -0.09801714032954582 -0.9951847266721984 0
outer loop
vertex 125.11267519999996 -145.5691826000004 4
vertex 124.62494939495983 -145.52114580100758 1
vertex 125.11267519999996 -145.5691826000004 1
endloop
endfacet
facet normal 0.09801714032954582 -0.9951847266721984 0
outer loop
vertex 125.60040100504027 -145.52114580100746 4
vertex 125.11267519999996 -145.5691826000004 4
vertex 125.11267519999996 -145.5691826000004 1
endloop
endfacet
facet normal 0.09801714032954582 -0.9951847266721984 0
outer loop
vertex 125.60040100504027 -145.52114580100746 4
vertex 125.11267519999996 -145.5691826000004 1
vertex 125.60040100504027 -145.52114580100746 1
endloop
endfacet
facet normal 0.29028467725447593 -0.9569403357322049 0
outer loop
vertex 126.06938378091303 -145.37888143127918 4
vertex 125.60040100504027 -145.52114580100746 4
vertex 125.60040100504027 -145.52114580100746 1
endloop
endfacet
facet normal 0.29028467725447593 -0.9569403357322049 0
outer loop
vertex 126.06938378091303 -145.37888143127918 4
vertex 125.60040100504027 -145.52114580100746 1
vertex 126.06938378091303 -145.37888143127918 1
endloop
endfacet
facet normal 0.4713967368259914 -0.8819212643483584 0
outer loop
vertex 126.5016007825489 -145.14785663075617 4
vertex 126.06938378091303 -145.37888143127918 4
vertex 126.06938378091303 -145.37888143127918 1
endloop
endfacet
facet normal 0.4713967368259914 -0.8819212643483584 0
outer loop
vertex 126.5016007825489 -145.14785663075617 4
vertex 126.06938378091303 -145.37888143127918 1
vertex 126.5016007825489 -145.14785663075617 1
endloop
endfacet
facet normal 0.6343932841636208 -0.7730104533627572 0
outer loop
vertex 126.88044215296605 -144.836949552966 4
vertex 126.5016007825489 -145.14785663075617 4
vertex 126.5016007825489 -145.14785663075617 1
endloop
endfacet
facet normal 0.6343932841636208 -0.7730104533627572 0
outer loop
vertex 126.88044215296605 -144.836949552966 4
vertex 126.5016007825489 -145.14785663075617 1
vertex 126.88044215296605 -144.836949552966 1
endloop
endfacet
facet normal 0 0 -1
outer loop
vertex 127.19134923075558 -144.45810818254944 4
vertex 127.12384648141948 -144.54036052060357 4
vertex 127.10019281215008 -144.56918260000083 4
endloop
endfacet
facet normal 0 0 -1
outer loop
vertex 127.19134923075558 -144.45810818254944 4
vertex 127.10019281215008 -144.56918260000083 4
vertex 126.88044215296605 -144.836949552966 4
endloop
endfacet
facet normal 0 0 -1
outer loop
vertex 127.19134923075558 -144.45810818254944 4
vertex 126.88044215296605 -144.836949552966 4
vertex 126.88044215296605 -144.836949552966 1
endloop
endfacet
facet normal 0 0 -1
outer loop
vertex 127.19134923075558 -144.45810818254944 4
vertex 126.88044215296605 -144.836949552966 1
vertex 127.19134923075558 -144.4581081825484 1
endloop
endfacet
facet normal 0 0 1
outer loop
vertex 127.42237403127828 -144.0258911809127 4
vertex 127.36681074835711 -144.12984277178128 4
vertex 127.26710077117542 -144.31638701845753 4
endloop
endfacet
facet normal 0 0 1
outer loop
vertex 127.42237403127828 -144.0258911809127 4
vertex 127.26710077117542 -144.31638701845753 4
vertex 127.19300957403028 -144.45500189876492 4
endloop
endfacet
facet normal 0 0 1
outer loop
vertex 127.42237403127828 -144.0258911809127 4
vertex 127.19300957403028 -144.45500189876492 4
vertex 127.19134923075558 -144.45810818254944 4
endloop
endfacet
facet normal 0 0 1
outer loop
vertex 127.42237403127828 -144.0258911809127 4
vertex 127.19134923075558 -144.45810818254944 4
vertex 127.19134923075558 -144.4581081825484 1
endloop
endfacet
facet normal 0 0 1
outer loop
vertex 127.42237403127828 -144.0258911809127 4
vertex 127.19134923075558 -144.4581081825484 1
vertex 127.42237403127828 -144.02589118091277 1
endloop
endfacet
facet normal 0 0 1
outer loop
vertex 127.56463840100866 -143.55690840504033 4
vertex 127.53845978135469 -143.6432077485475 4
vertex 127.4597928249324 -143.9025379495306 4
endloop
endfacet
facet normal 0 0 1
outer loop
vertex 127.56463840100866 -143.55690840504033 4
vertex 127.4597928249324 -143.9025379495306 4
vertex 127.42237403127828 -144.0258911809127 4
endloop
endfacet
facet normal 0 0 1
outer loop
vertex 127.56463840100866 -143.55690840504033 4
vertex 127.42237403127828 -144.0258911809127 4
vertex 127.42237403127828 -144.02589118091277 1
endloop
endfacet
facet normal 0 0 1
outer loop
vertex 127.56463840100866 -143.55690840504033 4
vertex 127.42237403127828 -144.02589118091277 1
vertex 127.56463840100866 -143.5569084050404 1
endloop
endfacet
facet normal 0 0 1
outer loop
vertex 255.96012930000003 -101.06839610000002 4
vertex 255.93130722060397 -101.36103158302417 4
vertex 255.91209250100812 -101.55612190504033 4
endloop
endfacet
facet normal 0 0 1
outer loop
vertex 255.96012930000003 -101.06839610000002 4
vertex 255.91209250100812 -101.55612190504033 4
vertex 255.91209250100812 -101.55612190504036 1
endloop
endfacet
facet normal 0 0 1
outer loop
vertex 255.96012930000003 -101.06839610000002 4
vertex 255.91209250100812 -101.55612190504036 1
vertex 255.96012930000003 -101.06839610000003 1
endloop
endfacet
facet normal 0 0 1
outer loop
vertex 255.9120925010085 -100.58067029495979 4
vertex 255.93130722060306 -100.77576061697573 4
vertex 255.96012930000003 -101.06839610000002 4
endloop
endfacet
facet normal 0 0 1
outer loop
vertex 255.9120925010085 -100.58067029495979 4
vertex 255.96012930000003 -101.06839610000002 4
vertex 255.96012930000003 -101.06839610000003 1
endloop
endfacet
facet normal 0 0 1
outer loop
vertex 255.9120925010085 -100.58067029495979 4
vertex 255.96012930000003 -101.06839610000003 1
vertex 255.9120925010085 -100.58067029495967 1
endloop
endfacet
facet normal 0 0 1
outer loop
vertex 255.76982813128012 -100.11168751908747 4
vertex 255.80724692492566 -100.2350407504709 4
vertex 255.8859138813656 -100.49437095145208 4
endloop
endfacet
facet normal 0 0 1
outer loop
vertex 255.76982813128012 -100.11168751908747 4
vertex 255.8859138813656 -100.49437095145208 4
vertex 255.9120925010085 -100.58067029495979 4
endloop
endfacet
facet normal 0 0 1
outer loop
vertex 255.76982813128012 -100.11168751908747 4
vertex 255.9120925010085 -100.58067029495979 4
vertex 255.9120925010085 -100.58067029495967 1
endloop
endfacet
facet normal 0 0 1
outer loop
vertex 255.76982813128012 -100.11168751908747 4
vertex 255.9120925010085 -100.58067029495967 1
vertex 255.76982813128012 -100.1116875190867 1
endloop
endfacet
facet normal 0 0 1
outer loop
vertex 255.53880333075747 -99.67947051745074 4
vertex 255.5404636740288 -99.68257680123494 4
vertex 255.61455487116547 -99.82119168154658 4
endloop
endfacet
facet normal 0 0 1
outer loop
vertex 255.53880333075747 -99.67947051745074 4
vertex 255.61455487116547 -99.82119168154658 4
vertex 255.71426484836556 -100.00773592821972 4
endloop
endfacet
facet normal 0 0 1
outer loop
vertex 255.53880333075747 -99.67947051745074 4
vertex 255.71426484836556 -100.00773592821972 4
vertex 255.76982813128012 -100.11168751908747 4
endloop
endfacet
facet normal 0 0 1
outer loop
vertex 255.53880333075747 -99.67947051745074 4
vertex 255.76982813128012 -100.11168751908747 4
vertex 255.76982813128012 -100.1116875190867 1
endloop
endfacet
facet normal 0 0 1
outer loop
vertex 255.53880333075747 -99.67947051745074 4
vertex 255.76982813128012 -100.1116875190867 1
vertex 255.53880333075747 -99.67947051745038 1
endloop
endfacet
facet normal 0 0 -1
outer loop
vertex 255.227896252966 -99.30062914703313 4
vertex 255.44764691215093 -99.5683960999994 4
vertex 255.4713005814169 -99.59721817939653 4
endloop
endfacet
facet normal 0 0 -1
outer loop
vertex 255.227896252966 -99.30062914703313 4
vertex 255.4713005814169 -99.59721817939653 4
vertex 255.53880333075747 -99.67947051745074 4
endloop
endfacet
facet normal 0 0 -1
outer loop
vertex 255.227896252966 -99.30062914703313 4
vertex 255.53880333075747 -99.67947051745074 4
vertex 255.53880333075747 -99.67947051745038 1
endloop
endfacet
facet normal 0 0 -1
outer loop
vertex 255.227896252966 -99.30062914703313 4
vertex 255.53880333075747 -99.67947051745038 1
vertex 255.227896252966 -99.30062914703399 1
endloop
endfacet
facet normal 0.6343932841636518 0.7730104533627319 0
outer loop
vertex 254.84905488254546 -98.98972206924282 4
vertex 255.227896252966 -99.30062914703313 4
vertex 255.227896252966 -99.30062914703399 1
endloop
endfacet
facet normal 0.6343932841636518 0.7730104533627319 0
outer loop
vertex 254.84905488254546 -98.98972206924282 4
vertex 255.227896252966 -99.30062914703399 1
vertex 254.84905488254546 -98.98972206924803 1
endloop
endfacet
facet normal 0.47139673682599165 0.8819212643483583 0
outer loop
vertex 254.41683788091254 -98.75869726872168 4
vertex 254.84905488254546 -98.98972206924282 4
vertex 254.84905488254546 -98.98972206924803 1
endloop
endfacet
facet normal 0.47139673682599165 0.8819212643483583 0
outer loop
vertex 254.41683788091254 -98.75869726872168 4
vertex 254.84905488254546 -98.98972206924803 1
vertex 254.41683788091254 -98.75869726872229 1
endloop
endfacet
facet normal 0.2902846772544619 0.956940335732209 0
outer loop
vertex 253.9478551050402 -98.61643289899037 4
vertex 254.41683788091254 -98.75869726872168 4
vertex 254.41683788091254 -98.75869726872229 1
endloop
endfacet
facet normal 0.2902846772544619 0.956940335732209 0
outer loop
vertex 253.9478551050402 -98.61643289899037 4
vertex 254.41683788091254 -98.75869726872229 1
vertex 253.9478551050402 -98.61643289899249 1
endloop
endfacet
facet normal 0.09801714032957423 0.9951847266721956 0
outer loop
vertex 253.46012929999995 -98.56839610000023 4
vertex 253.9478551050402 -98.61643289899037 4
vertex 253.9478551050402 -98.61643289899249 1
endloop
endfacet
facet normal 0.09801714032957423 0.9951847266721956 0
outer loop
vertex 253.46012929999995 -98.56839610000023 4
vertex 253.9478551050402 -98.61643289899249 1
vertex 253.46012929999995 -98.5683961000011 1
endloop
endfacet
facet normal -0.09801714032957415 0.9951847266721956 0
outer loop
vertex 252.97240349495965 -98.61643289899037 4
vertex 253.46012929999995 -98.56839610000023 4
vertex 253.46012929999995 -98.5683961000011 1
endloop
endfacet
facet normal -0.09801714032957415 0.9951847266721956 0
outer loop
vertex 252.97240349495965 -98.61643289899037 4
vertex 253.46012929999995 -98.5683961000011 1
vertex 252.97240349495965 -98.61643289899145 1
endloop
endfacet
facet normal -0.2902846772544479 0.9569403357322133 0
outer loop
vertex 252.50342071908804 -98.75869726872168 4
vertex 252.97240349495965 -98.61643289899037 4
vertex 252.97240349495965 -98.61643289899145 1
endloop
endfacet
facet normal -0.2902846772544479 0.9569403357322133 0
outer loop
vertex 252.50342071908804 -98.75869726872168 4
vertex 252.97240349495965 -98.61643289899145 1
vertex 252.50342071908804 -98.75869726872432 1
endloop
endfacet
facet normal -0.4713967368259914 0.8819212643483584 0
outer loop
vertex 252.07120371745143 -98.98972206924282 4
vertex 252.50342071908804 -98.75869726872168 4
vertex 252.50342071908804 -98.75869726872432 1
endloop
endfacet
facet normal -0.4713967368259914 0.8819212643483584 0
outer loop
vertex 252.07120371745143 -98.98972206924282 4
vertex 252.50342071908804 -98.75869726872432 1
vertex 252.07120371745143 -98.98972206924437 1
endloop
endfacet
facet normal -0.6343932841636518 0.7730104533627319 0
outer loop
vertex 251.6923623470338 -99.30062914703313 4
vertex 252.07120371745143 -98.98972206924282 4
vertex 252.07120371745143 -98.98972206924437 1
endloop
endfacet
facet normal -0.6343932841636518 0.7730104533627319 0
outer loop
vertex 251.6923623470338 -99.30062914703313 4
vertex 252.07120371745143 -98.98972206924437 1
vertex 251.6923623470338 -99.30062914703376 1
endloop
endfacet
facet normal 0 0 1
outer loop
vertex 251.38145526924296 -99.67947051745074 4
vertex 251.4489580185832 -99.59721817939653 4
vertex 251.47261168784928 -99.5683960999994 4
endloop
endfacet
facet normal 0 0 1
outer loop
vertex 251.38145526924296 -99.67947051745074 4
vertex 251.47261168784928 -99.5683960999994 4
vertex 251.6923623470338 -99.30062914703313 4
endloop
endfacet
facet normal 0 0 1
outer loop
vertex 251.38145526924296 -99.67947051745074 4
vertex 251.6923623470338 -99.30062914703313 4
vertex 251.6923623470338 -99.30062914703376 1
endloop
endfacet
facet normal 0 0 1
outer loop
vertex 251.38145526924296 -99.67947051745074 4
vertex 251.6923623470338 -99.30062914703376 1
vertex 251.38145526924296 -99.67947051745043 1
endloop
endfacet
facet normal 0 0 -1
outer loop
vertex 251.15043046872069 -100.11168751908747 4
vertex 251.20599375163442 -100.00773592821972 4
vertex 251.30570372883443 -99.82119168154658 4
endloop
endfacet
facet normal 0 0 -1
outer loop
vertex 251.15043046872069 -100.11168751908747 4
vertex 251.30570372883443 -99.82119168154658 4
vertex 251.37979492597105 -99.68257680123494 4
endloop
endfacet
facet normal 0 0 -1
outer loop
vertex 251.15043046872069 -100.11168751908747 4
vertex 251.37979492597105 -99.68257680123494 4
vertex 251.38145526924296 -99.67947051745074 4
endloop
endfacet
facet normal 0 0 -1
outer loop
vertex 251.15043046872069 -100.11168751908747 4
vertex 251.38145526924296 -99.67947051745074 4
vertex 251.38145526924296 -99.67947051745043 1
endloop
endfacet
facet normal 0 0 -1
outer loop
vertex 251.15043046872069 -100.11168751908747 4
vertex 251.38145526924296 -99.67947051745043 1
vertex 251.15043046872069 -100.11168751908669 1
endloop
endfacet
facet normal 0 0 -1
outer loop
vertex 251.0081660989919 -100.58067029495979 4
vertex 251.0343447186346 -100.49437095145208 4
vertex 251.11301167507517 -100.2350407504709 4
endloop
endfacet
facet normal 0 0 -1
outer loop
vertex 251.0081660989919 -100.58067029495979 4
vertex 251.11301167507517 -100.2350407504709 4
vertex 251.15043046872069 -100.11168751908747 4
endloop
endfacet
facet normal 0 0 -1
outer loop
vertex 251.0081660989919 -100.58067029495979 4
vertex 251.15043046872069 -100.11168751908747 4
vertex 251.15043046872069 -100.11168751908669 1
endloop
endfacet
facet normal 0 0 -1
outer loop
vertex 251.0081660989919 -100.58067029495979 4
vertex 251.15043046872069 -100.11168751908669 1
vertex 251.0081660989919 -100.58067029495967 1
endloop
endfacet
facet normal 0 0 1
outer loop
vertex 250.96012930000026 -101.06839610000002 4
vertex 250.98895137939675 -100.77576061697573 4
vertex 251.0081660989919 -100.58067029495979 4
endloop
endfacet
facet normal 0 0 1
outer loop
vertex 250.96012930000026 -101.06839610000002 4
vertex 251.0081660989919 -100.58067029495979 4
vertex 251.0081660989919 -100.58067029495967 1
endloop
endfacet
facet normal 0 0 1
outer loop
vertex 250.96012930000026 -101.06839610000002 4
vertex 251.0081660989919 -100.58067029495967 1
vertex 250.96012930000026 -101.06839610000004 1
endloop
endfacet
facet normal 0 0 1
outer loop
vertex 251.0081660989928 -101.55612190504033 4
vertex 250.98895137939598 -101.36103158302417 4
vertex 250.96012930000026 -101.06839610000002 4
endloop
endfacet
facet normal 0 0 1
outer loop
vertex 251.0081660989928 -101.55612190504033 4
vertex 250.96012930000026 -101.06839610000002 4
vertex 250.96012930000026 -101.06839610000004 1
endloop
endfacet
facet normal 0 0 1
outer loop
vertex 251.0081660989928 -101.55612190504033 4
vertex 250.96012930000026 -101.06839610000004 1
vertex 251.0081660989928 -101.55612190504027 1
endloop
endfacet
facet normal 0 0 -1
outer loop
vertex 251.15043046872432 -102.02510468091273 4
vertex 251.1130116750663 -101.90175144952931 4
vertex 251.03434471863955 -101.64242124854806 4
endloop
endfacet
facet normal 0 0 -1
outer loop
vertex 251.15043046872432 -102.02510468091273 4
vertex 251.03434471863955 -101.64242124854806 4
vertex 251.0081660989928 -101.55612190504033 4
endloop
endfacet
facet normal 0 0 -1
outer loop
vertex 251.15043046872432 -102.02510468091273 4
vertex 251.0081660989928 -101.55612190504033 4
vertex 251.0081660989928 -101.55612190504027 1
endloop
endfacet
facet normal 0 0 -1
outer loop
vertex 251.15043046872432 -102.02510468091273 4
vertex 251.0081660989928 -101.55612190504027 1
vertex 251.15043046872432 -102.025104680912 1
endloop
endfacet
facet normal 0 0 -1
outer loop
vertex 251.3814552692431 -102.45732168255022 4
vertex 251.37979492596713 -102.45421539877003 4
vertex 251.30570372884338 -102.31560051845247 4
endloop
endfacet
facet normal 0 0 -1
outer loop
vertex 251.3814552692431 -102.45732168255022 4
vertex 251.30570372884338 -102.31560051845247 4
vertex 251.20599375164085 -102.12905627177828 4
endloop
endfacet
facet normal 0 0 -1
outer loop
vertex 251.3814552692431 -102.45732168255022 4
vertex 251.20599375164085 -102.12905627177828 4
vertex 251.15043046872432 -102.02510468091273 4
endloop
endfacet
facet normal 0 0 -1
outer loop
vertex 251.3814552692431 -102.45732168255022 4
vertex 251.15043046872432 -102.02510468091273 4
vertex 251.15043046872432 -102.025104680912 1
endloop
endfacet
facet normal 0 0 -1
outer loop
vertex 251.3814552692431 -102.45732168255022 4
vertex 251.15043046872432 -102.025104680912 1
vertex 251.3814552692431 -102.45732168254933 1
endloop
endfacet
facet normal 0 0 -1
outer loop
vertex 251.69236234703237 -102.836163052966 4
vertex 251.47261168784928 -102.56839609999979 4
vertex 251.4489580185824 -102.53957402060423 4
endloop
endfacet
facet normal 0 0 -1
outer loop
vertex 251.69236234703237 -102.836163052966 4
vertex 251.4489580185824 -102.53957402060423 4
vertex 251.3814552692431 -102.45732168255022 4
endloop
endfacet
facet normal 0 0 -1
outer loop
vertex 251.69236234703237 -102.836163052966 4
vertex 251.3814552692431 -102.45732168255022 4
vertex 251.3814552692431 -102.45732168254933 1
endloop
endfacet
facet normal 0 0 -1
outer loop
vertex 251.69236234703237 -102.836163052966 4
vertex 251.3814552692431 -102.45732168254933 1
vertex 251.69236234703237 -102.8361630529674 1
endloop
endfacet
facet normal -0.6343932841636638 -0.773010453362722 0
outer loop
vertex 252.07120371744867 -103.14707013075618 4
vertex 251.69236234703237 -102.836163052966 4
vertex 251.69236234703237 -102.8361630529674 1
endloop
endfacet
facet normal -0.6343932841636638 -0.773010453362722 0
outer loop
vertex 252.07120371744867 -103.14707013075618 4
vertex 251.69236234703237 -102.8361630529674 1
vertex 252.07120371744867 -103.14707013075926 1
endloop
endfacet
facet normal -0.47139673682601535 -0.8819212643483455 0
outer loop
vertex 252.50342071908614 -103.3780949312781 4
vertex 252.07120371744867 -103.14707013075618 4
vertex 252.07120371744867 -103.14707013075926 1
endloop
endfacet
facet normal -0.47139673682601535 -0.8819212643483455 0
outer loop
vertex 252.50342071908614 -103.3780949312781 4
vertex 252.07120371744867 -103.14707013075926 1
vertex 252.50342071908614 -103.37809493128044 1
endloop
endfacet
facet normal -0.29028467725448664 -0.9569403357322016 0
outer loop
vertex 252.97240349495857 -103.52035930100672 4
vertex 252.50342071908614 -103.3780949312781 4
vertex 252.50342071908614 -103.37809493128044 1
endloop
endfacet
facet normal -0.29028467725448664 -0.9569403357322016 0
outer loop
vertex 252.97240349495857 -103.52035930100672 4
vertex 252.50342071908614 -103.37809493128044 1
vertex 252.97240349495857 -103.52035930101184 1
endloop
endfacet
facet normal -0.09801714032957415 -0.9951847266721956 0
outer loop
vertex 253.4601293 -103.56839610000016 4
vertex 252.97240349495857 -103.52035930100672 4
vertex 252.97240349495857 -103.52035930101184 1
endloop
endfacet
facet normal -0.09801714032957415 -0.9951847266721956 0
outer loop
vertex 253.4601293 -103.56839610000016 4
vertex 252.97240349495857 -103.52035930101184 1
vertex 253.4601293 -103.56839610000057 1
endloop
endfacet
facet normal 0.09801714032957415 -0.9951847266721956 0
outer loop
vertex 253.94785510504033 -103.52035930100672 4
vertex 253.4601293 -103.56839610000016 4
vertex 253.4601293 -103.56839610000057 1
endloop
endfacet
facet normal 0.09801714032957415 -0.9951847266721956 0
outer loop
vertex 253.94785510504033 -103.52035930100672 4
vertex 253.4601293 -103.56839610000057 1
vertex 253.94785510504033 -103.520359301008 1
endloop
endfacet
facet normal 0.2902846772544479 -0.9569403357322133 0
outer loop
vertex 254.41683788091348 -103.3780949312781 4
vertex 253.94785510504033 -103.52035930100672 4
vertex 253.94785510504033 -103.520359301008 1
endloop
endfacet
facet normal 0.2902846772544479 -0.9569403357322133 0
outer loop
vertex 254.41683788091348 -103.3780949312781 4
vertex 253.94785510504033 -103.520359301008 1
vertex 254.41683788091348 -103.37809493128074 1
endloop
endfacet
facet normal 0.4713967368259914 -0.8819212643483584 0
outer loop
vertex 254.84905488254947 -103.14707013075618 4
vertex 254.41683788091348 -103.3780949312781 4
vertex 254.41683788091348 -103.37809493128074 1
endloop
endfacet
facet normal 0.4713967368259914 -0.8819212643483584 0
outer loop
vertex 254.84905488254947 -103.14707013075618 4
vertex 254.41683788091348 -103.37809493128074 1
vertex 254.84905488254947 -103.14707013075714 1
endloop
endfacet
facet normal 0.6343932841636518 -0.7730104533627319 0
outer loop
vertex 255.22789625296707 -102.836163052966 4
vertex 254.84905488254947 -103.14707013075618 4
vertex 254.84905488254947 -103.14707013075714 1
endloop
endfacet
facet normal 0.6343932841636518 -0.7730104533627319 0
outer loop
vertex 255.22789625296707 -102.836163052966 4
vertex 254.84905488254947 -103.14707013075714 1
vertex 255.22789625296707 -102.83616305296721 1
endloop
endfacet
facet normal 0 0 1
outer loop
vertex 255.53880333075597 -102.45732168255022 4
vertex 255.47130058141778 -102.53957402060423 4
vertex 255.44764691215087 -102.56839609999979 4
endloop
endfacet
facet normal 0 0 1
outer loop
vertex 255.53880333075597 -102.45732168255022 4
vertex 255.44764691215087 -102.56839609999979 4
vertex 255.22789625296707 -102.836163052966 4
endloop
endfacet
facet normal 0 0 1
outer loop
vertex 255.53880333075597 -102.45732168255022 4
vertex 255.22789625296707 -102.836163052966 4
vertex 255.22789625296707 -102.83616305296721 1
endloop
endfacet
facet normal 0 0 1
outer loop
vertex 255.53880333075597 -102.45732168255022 4
vertex 255.22789625296707 -102.83616305296721 1
vertex 255.53880333075597 -102.45732168254867 1
endloop
endfacet
facet normal 0 0 -1
outer loop
vertex 255.76982813127805 -102.02510468091273 4
vertex 255.71426484835948 -102.12905627177828 4
vertex 255.6145548711568 -102.31560051845247 4
endloop
endfacet
facet normal 0 0 -1
outer loop
vertex 255.76982813127805 -102.02510468091273 4
vertex 255.6145548711568 -102.31560051845247 4
vertex 255.54046367403294 -102.45421539877003 4
endloop
endfacet
facet normal 0 0 -1
outer loop
vertex 255.76982813127805 -102.02510468091273 4
vertex 255.54046367403294 -102.45421539877003 4
vertex 255.53880333075597 -102.45732168255022 4
endloop
endfacet
facet normal 0 0 -1
outer loop
vertex 255.76982813127805 -102.02510468091273 4
vertex 255.53880333075597 -102.45732168255022 4
vertex 255.53880333075597 -102.45732168254867 1
endloop
endfacet
facet normal 0 0 -1
outer loop
vertex 255.76982813127805 -102.02510468091273 4
vertex 255.53880333075597 -102.45732168254867 1
vertex 255.76982813127805 -102.02510468091265 1
endloop
endfacet
facet normal 0 0 -1
outer loop
vertex 255.91209250100812 -101.55612190504033 4
vertex 255.88591388136004 -101.64242124854806 4
vertex 255.80724692493357 -101.90175144952931 4
endloop
endfacet
facet normal 0 0 -1
outer loop
vertex 255.91209250100812 -101.55612190504033 4
vertex 255.80724692493357 -101.90175144952931 4
vertex 255.76982813127805 -102.02510468091273 4
endloop
endfacet
facet normal 0 0 -1
outer loop
vertex 255.91209250100812 -101.55612190504033 4
vertex 255.76982813127805 -102.02510468091273 4
vertex 255.76982813127805 -102.02510468091265 1
endloop
endfacet
facet normal 0 0 -1
outer loop
vertex 255.91209250100812 -101.55612190504033 4
vertex 255.76982813127805 -102.02510468091265 1
vertex 255.91209250100812 -101.55612190504036 1
endloop
endfacet
facet normal 0 0 -1
outer loop
vertex 268.95689480000044 -136.7767157000001 4
vertex 268.9280727206055 -137.06935118302428 4
vertex 268.9088580010085 -137.2644415050403 4
endloop
endfacet
facet normal 0 0 -1
outer loop
vertex 268.95689480000044 -136.7767157000001 4
vertex 268.9088580010085 -137.2644415050403 4
vertex 268.9088580010085 -137.26444150504042 1
endloop
endfacet
facet normal 0 0 -1
outer loop
vertex 268.95689480000044 -136.7767157000001 4
vertex 268.9088580010085 -137.26444150504042 1
vertex 268.95689480000044 -136.7767157000001 1
endloop
endfacet
facet normal 0 0 1
outer loop
vertex 268.90885800100733 -136.2889898949598 4
vertex 268.9280727206034 -136.48408021697577 4
vertex 268.95689480000044 -136.7767157000001 4
endloop
endfacet
facet normal 0 0 1
outer loop
vertex 268.90885800100733 -136.2889898949598 4
vertex 268.95689480000044 -136.7767157000001 4
vertex 268.95689480000044 -136.7767157000001 1
endloop
endfacet
facet normal 0 0 1
outer loop
vertex 268.90885800100733 -136.2889898949598 4
vertex 268.95689480000044 -136.7767157000001 1
vertex 268.90885800100733 -136.28898989495977 1
endloop
endfacet
facet normal 0 0 -1
outer loop
vertex 268.7665936312748 -135.82000711908734 4
vertex 268.80401242494054 -135.94336035047064 4
vertex 268.8826793813501 -136.2026905514523 4
endloop
endfacet
facet normal 0 0 -1
outer loop
vertex 268.7665936312748 -135.82000711908734 4
vertex 268.8826793813501 -136.2026905514523 4
vertex 268.90885800100733 -136.2889898949598 4
endloop
endfacet
facet normal 0 0 -1
outer loop
vertex 268.7665936312748 -135.82000711908734 4
vertex 268.90885800100733 -136.2889898949598 4
vertex 268.90885800100733 -136.28898989495977 1
endloop
endfacet
facet normal 0 0 -1
outer loop
vertex 268.7665936312748 -135.82000711908734 4
vertex 268.90885800100733 -136.28898989495977 1
vertex 268.7665936312748 -135.82000711908827 1
endloop
endfacet
facet normal 0 0 1
outer loop
vertex 268.5355688307615 -135.3877901174506 4
vertex 268.53722917402956 -135.3908964012334 4
vertex 268.6113203711635 -135.52951128154785 4
endloop
endfacet
facet normal 0 0 1
outer loop
vertex 268.5355688307615 -135.3877901174506 4
vertex 268.6113203711635 -135.52951128154785 4
vertex 268.71103034835073 -135.71605552821902 4
endloop
endfacet
facet normal 0 0 1
outer loop
vertex 268.5355688307615 -135.3877901174506 4
vertex 268.71103034835073 -135.71605552821902 4
vertex 268.7665936312748 -135.82000711908734 4
endloop
endfacet
facet normal 0 0 1
outer loop
vertex 268.5355688307615 -135.3877901174506 4
vertex 268.7665936312748 -135.82000711908734 4
vertex 268.7665936312748 -135.82000711908827 1
endloop
endfacet
facet normal 0 0 1
outer loop
vertex 268.5355688307615 -135.3877901174506 4
vertex 268.7665936312748 -135.82000711908827 1
vertex 268.5355688307615 -135.38779011744828 1
endloop
endfacet
facet normal 0 0 1
outer loop
vertex 268.22466175296137 -135.00894874703198 4
vertex 268.4444124121508 -135.27671570000138 4
vertex 268.46806608141986 -135.30553777939414 4
endloop
endfacet
facet normal 0 0 1
outer loop
vertex 268.22466175296137 -135.00894874703198 4
vertex 268.46806608141986 -135.30553777939414 4
vertex 268.5355688307615 -135.3877901174506 4
endloop
endfacet
facet normal 0 0 1
outer loop
vertex 268.22466175296137 -135.00894874703198 4
vertex 268.5355688307615 -135.3877901174506 4
vertex 268.5355688307615 -135.38779011744828 1
endloop
endfacet
facet normal 0 0 1
outer loop
vertex 268.22466175296137 -135.00894874703198 4
vertex 268.5355688307615 -135.38779011744828 1
vertex 268.22466175296137 -135.00894874703778 1
endloop
endfacet
facet normal 0.6343932841636518 0.7730104533627319 0
outer loop
vertex 267.8458203825502 -134.69804166924456 4
vertex 268.22466175296137 -135.00894874703198 4
vertex 268.22466175296137 -135.00894874703778 1
endloop
endfacet
facet normal 0.6343932841636518 0.7730104533627319 0
outer loop
vertex 267.8458203825502 -134.69804166924456 4
vertex 268.22466175296137 -135.00894874703778 1
vertex 267.8458203825502 -134.69804166924226 1
endloop
endfacet
facet normal 0.4713967368259916 0.8819212643483583 0
outer loop
vertex 267.41360338091386 -134.4670168687216 4
vertex 267.8458203825502 -134.69804166924456 4
vertex 267.8458203825502 -134.69804166924226 1
endloop
endfacet
facet normal 0.4713967368259916 0.8819212643483583 0
outer loop
vertex 267.41360338091386 -134.4670168687216 4
vertex 267.8458203825502 -134.69804166924226 1
vertex 267.41360338091386 -134.46701686871964 1
endloop
endfacet
facet normal 0.2902846772544834 0.9569403357322026 0
outer loop
vertex 266.94462060504065 -134.32475249899204 4
vertex 267.41360338091386 -134.4670168687216 4
vertex 267.41360338091386 -134.46701686871964 1
endloop
endfacet
facet normal 0.2902846772544834 0.9569403357322026 0
outer loop
vertex 266.94462060504065 -134.32475249899204 4
vertex 267.41360338091386 -134.46701686871964 1
vertex 266.94462060504065 -134.3247524989911 1
endloop
endfacet
facet normal 0.09801714032954582 0.9951847266721984 0
outer loop
vertex 266.4568948 -134.2767157000008 4
vertex 266.94462060504065 -134.32475249899204 4
vertex 266.94462060504065 -134.3247524989911 1
endloop
endfacet
facet normal 0.09801714032954582 0.9951847266721984 0
outer loop
vertex 266.4568948 -134.2767157000008 4
vertex 266.94462060504065 -134.3247524989911 1
vertex 266.4568948 -134.27671570000078 1
endloop
endfacet
facet normal -0.09801714032954566 0.9951847266721985 0
outer loop
vertex 265.9691689949597 -134.32475249899204 4
vertex 266.4568948 -134.2767157000008 4
vertex 266.4568948 -134.27671570000078 1
endloop
endfacet
facet normal -0.09801714032954566 0.9951847266721985 0
outer loop
vertex 265.9691689949597 -134.32475249899204 4
vertex 266.4568948 -134.27671570000078 1
vertex 265.9691689949597 -134.3247524989918 1
endloop
endfacet
facet normal -0.29028467725447593 0.9569403357322048 0
outer loop
vertex 265.500186219088 -134.4670168687216 4
vertex 265.9691689949597 -134.32475249899204 4
vertex 265.9691689949597 -134.3247524989918 1
endloop
endfacet
facet normal -0.29028467725447593 0.9569403357322048 0
outer loop
vertex 265.500186219088 -134.4670168687216 4
vertex 265.9691689949597 -134.3247524989918 1
vertex 265.500186219088 -134.46701686872416 1
endloop
endfacet
facet normal -0.47139673682596933 0.8819212643483701 0
outer loop
vertex 265.0679692174524 -134.69804166924456 4
vertex 265.500186219088 -134.4670168687216 4
vertex 265.500186219088 -134.46701686872416 1
endloop
endfacet
facet normal -0.47139673682596933 0.8819212643483701 0
outer loop
vertex 265.0679692174524 -134.69804166924456 4
vertex 265.500186219088 -134.46701686872416 1
vertex 265.0679692174524 -134.69804166924627 1
endloop
endfacet
facet normal -0.6343932841636208 0.7730104533627572 0
outer loop
vertex 264.68912784703275 -135.00894874703198 4
vertex 265.0679692174524 -134.69804166924456 4
vertex 265.0679692174524 -134.69804166924627 1
endloop
endfacet
facet normal -0.6343932841636208 0.7730104533627572 0
outer loop
vertex 264.68912784703275 -135.00894874703198 4
vertex 265.0679692174524 -134.69804166924627 1
vertex 264.68912784703275 -135.00894874703255 1
endloop
endfacet
facet normal 0 0 -1
outer loop
vertex 264.3782207692434 -135.3877901174506 4
vertex 264.4457235185808 -135.30553777939414 4
vertex 264.46937718785017 -135.27671570000138 4
endloop
endfacet
facet normal 0 0 -1
outer loop
vertex 264.3782207692434 -135.3877901174506 4
vertex 264.46937718785017 -135.27671570000138 4
vertex 264.68912784703275 -135.00894874703198 4
endloop
endfacet
facet normal 0 0 -1
outer loop
vertex 264.3782207692434 -135.3877901174506 4
vertex 264.68912784703275 -135.00894874703198 4
vertex 264.68912784703275 -135.00894874703255 1
endloop
endfacet
facet normal 0 0 -1
outer loop
vertex 264.3782207692434 -135.3877901174506 4
vertex 264.68912784703275 -135.00894874703255 1
vertex 264.3782207692434 -135.3877901174508 1
endloop
endfacet
facet normal 0 0 1
outer loop
vertex 264.14719596872175 -135.82000711908734 4
vertex 264.20275925164964 -135.71605552821902 4
vertex 264.3024692288372 -135.52951128154785 4
endloop
endfacet
facet normal 0 0 1
outer loop
vertex 264.14719596872175 -135.82000711908734 4
vertex 264.3024692288372 -135.52951128154785 4
vertex 264.37656042597035 -135.3908964012334 4
endloop
endfacet
facet normal 0 0 1
outer loop
vertex 264.14719596872175 -135.82000711908734 4
vertex 264.37656042597035 -135.3908964012334 4
vertex 264.3782207692434 -135.3877901174506 4
endloop
endfacet
facet normal 0 0 1
outer loop
vertex 264.14719596872175 -135.82000711908734 4
vertex 264.3782207692434 -135.3877901174506 4
vertex 264.3782207692434 -135.3877901174508 1
endloop
endfacet
facet normal 0 0 1
outer loop
vertex 264.14719596872175 -135.82000711908734 4
vertex 264.3782207692434 -135.3877901174508 1
vertex 264.14719596872175 -135.82000711908728 1
endloop
endfacet
facet normal 0 0 1
outer loop
vertex 264.00493159899304 -136.2889898949598 4
vertex 264.0311102186501 -136.2026905514523 4
vertex 264.10977717506023 -135.94336035047064 4
endloop
endfacet
facet normal 0 0 1
outer loop
vertex 264.00493159899304 -136.2889898949598 4
vertex 264.10977717506023 -135.94336035047064 4
vertex 264.14719596872175 -135.82000711908734 4
endloop
endfacet
facet normal 0 0 1
outer loop
vertex 264.00493159899304 -136.2889898949598 4
vertex 264.14719596872175 -135.82000711908734 4
vertex 264.14719596872175 -135.82000711908728 1
endloop
endfacet
facet normal 0 0 1
outer loop
vertex 264.00493159899304 -136.2889898949598 4
vertex 264.14719596872175 -135.82000711908728 1
vertex 264.00493159899304 -136.28898989496005 1
endloop
endfacet
facet normal 0 0 1
outer loop
vertex 263.9568948000001 -136.7767157000001 4
vertex 263.9857168793968 -136.48408021697577 4
vertex 264.00493159899304 -136.2889898949598 4
endloop
endfacet
facet normal 0 0 1
outer loop
vertex 263.9568948000001 -136.7767157000001 4
vertex 264.00493159899304 -136.2889898949598 4
vertex 264.00493159899304 -136.28898989496005 1
endloop
endfacet
facet normal 0 0 1
outer loop
vertex 263.9568948000001 -136.7767157000001 4
vertex 264.00493159899304 -136.28898989496005 1
vertex 263.9568948000001 -136.77671570000004 1
endloop
endfacet
facet normal 0 0 -1
outer loop
vertex 264.0049315989925 -137.2644415050403 4
vertex 263.98571687939454 -137.06935118302428 4
vertex 263.9568948000001 -136.7767157000001 4
endloop
endfacet
facet normal 0 0 -1
outer loop
vertex 264.0049315989925 -137.2644415050403 4
vertex 263.9568948000001 -136.7767157000001 4
vertex 263.9568948000001 -136.77671570000004 1
endloop
endfacet
facet normal 0 0 -1
outer loop
vertex 264.0049315989925 -137.2644415050403 4
vertex 263.9568948000001 -136.77671570000004 1
vertex 264.0049315989925 -137.2644415050403 1
endloop
endfacet
facet normal 0 0 1
outer loop
vertex 264.14719596871777 -137.7334242809133 4
vertex 264.109777175069 -137.61007104952907 4
vertex 264.03111021864316 -137.35074084854756 4
endloop
endfacet
facet normal 0 0 1
outer loop
vertex 264.14719596871777 -137.7334242809133 4
vertex 264.03111021864316 -137.35074084854756 4
vertex 264.0049315989925 -137.2644415050403 4
endloop
endfacet
facet normal 0 0 1
outer loop
vertex 264.14719596871777 -137.7334242809133 4
vertex 264.0049315989925 -137.2644415050403 4
vertex 264.0049315989925 -137.2644415050403 1
endloop
endfacet
facet normal 0 0 1
outer loop
vertex 264.14719596871777 -137.7334242809133 4
vertex 264.0049315989925 -137.2644415050403 1
vertex 264.14719596871777 -137.73342428091394 1
endloop
endfacet
facet normal 0 0 -1
outer loop
vertex 264.3782207692439 -138.16564128254902 4
vertex 264.37656042597087 -138.16253499876794 4
vertex 264.30246922883515 -138.02392011845248 4
endloop
endfacet
facet normal 0 0 -1
outer loop
vertex 264.3782207692439 -138.16564128254902 4
vertex 264.30246922883515 -138.02392011845248 4
vertex 264.2027592516416 -137.83737587178126 4
endloop
endfacet
facet normal 0 0 -1
outer loop
vertex 264.3782207692439 -138.16564128254902 4
vertex 264.2027592516416 -137.83737587178126 4
vertex 264.14719596871777 -137.7334242809133 4
endloop
endfacet
facet normal 0 0 -1
outer loop
vertex 264.3782207692439 -138.16564128254902 4
vertex 264.14719596871777 -137.7334242809133 4
vertex 264.14719596871777 -137.73342428091394 1
endloop
endfacet
facet normal 0 0 -1
outer loop
vertex 264.3782207692439 -138.16564128254902 4
vertex 264.14719596871777 -137.73342428091394 1
vertex 264.3782207692439 -138.1656412825489 1
endloop
endfacet
facet normal 0 0 1
outer loop
vertex 264.68912784703525 -138.54448265296622 4
vertex 264.4693771878499 -138.2767157 4
vertex 264.4457235185819 -138.24789362060412 4
endloop
endfacet
facet normal 0 0 1
outer loop
vertex 264.68912784703525 -138.54448265296622 4
vertex 264.4457235185819 -138.24789362060412 4
vertex 264.3782207692439 -138.16564128254902 4
endloop
endfacet
facet normal 0 0 1
outer loop
vertex 264.68912784703525 -138.54448265296622 4
vertex 264.3782207692439 -138.16564128254902 4
vertex 264.3782207692439 -138.1656412825489 1
endloop
endfacet
facet normal 0 0 1
outer loop
vertex 264.68912784703525 -138.54448265296622 4
vertex 264.3782207692439 -138.1656412825489 1
vertex 264.68912784703525 -138.5444826529651 1
endloop
endfacet
facet normal -0.6343932841636286 -0.773010453362751 0
outer loop
vertex 265.0679692174516 -138.85538973075577 4
vertex 264.68912784703525 -138.54448265296622 4
vertex 264.68912784703525 -138.5444826529651 1
endloop
endfacet
facet normal -0.6343932841636286 -0.773010453362751 0
outer loop
vertex 265.0679692174516 -138.85538973075577 4
vertex 264.68912784703525 -138.5444826529651 1
vertex 265.0679692174516 -138.85538973075572 1
endloop
endfacet
facet normal -0.4713967368259913 -0.8819212643483585 0
outer loop
vertex 265.50018621908595 -139.08641453127905 4
vertex 265.0679692174516 -138.85538973075577 4
vertex 265.0679692174516 -138.85538973075572 1
endloop
endfacet
facet normal -0.4713967368259913 -0.8819212643483585 0
outer loop
vertex 265.50018621908595 -139.08641453127905 4
vertex 265.0679692174516 -138.85538973075572 1
vertex 265.50018621908595 -139.08641453128078 1
endloop
endfacet
facet normal -0.2902846772544899 -0.9569403357322005 0
outer loop
vertex 265.9691689949594 -139.22867890100798 4
vertex 265.50018621908595 -139.08641453127905 4
vertex 265.50018621908595 -139.08641453128078 1
endloop
endfacet
facet normal -0.2902846772544899 -0.9569403357322005 0
outer loop
vertex 265.9691689949594 -139.22867890100798 4
vertex 265.50018621908595 -139.08641453128078 1
vertex 265.9691689949594 -139.22867890100912 1
endloop
endfacet
facet normal -0.09801714032954582 -0.9951847266721984 0
outer loop
vertex 266.4568948 -139.2767157000004 4
vertex 265.9691689949594 -139.22867890100798 4
vertex 265.9691689949594 -139.22867890100912 1
endloop
endfacet
facet normal -0.09801714032954582 -0.9951847266721984 0
outer loop
vertex 266.4568948 -139.2767157000004 4
vertex 265.9691689949594 -139.22867890100912 1
vertex 266.4568948 -139.2767157000003 1
endloop
endfacet
facet normal 0.09801714032954582 -0.9951847266721984 0
outer loop
vertex 266.94462060504026 -139.22867890100798 4
vertex 266.4568948 -139.2767157000004 4
vertex 266.4568948 -139.2767157000003 1
endloop
endfacet
facet normal 0.09801714032954582 -0.9951847266721984 0
outer loop
vertex 266.94462060504026 -139.22867890100798 4
vertex 266.4568948 -139.2767157000003 1
vertex 266.94462060504026 -139.22867890100753 1
endloop
endfacet
facet normal 0.29028467725447593 -0.9569403357322048 0
outer loop
vertex 267.4136033809132 -139.08641453127905 4
vertex 266.94462060504026 -139.22867890100798 4
vertex 266.94462060504026 -139.22867890100753 1
endloop
endfacet
facet normal 0.29028467725447593 -0.9569403357322048 0
outer loop
vertex 267.4136033809132 -139.08641453127905 4
vertex 266.94462060504026 -139.22867890100753 1
vertex 267.4136033809132 -139.08641453127962 1
endloop
endfacet
facet normal 0.4713967368259914 -0.8819212643483584 0
outer loop
vertex 267.8458203825494 -138.85538973075577 4
vertex 267.4136033809132 -139.08641453127905 4
vertex 267.4136033809132 -139.08641453127962 1
endloop
endfacet
facet normal 0.4713967368259914 -0.8819212643483584 0
outer loop
vertex 267.8458203825494 -138.85538973075577 4
vertex 267.4136033809132 -139.08641453127962 1
vertex 267.8458203825494 -138.85538973075717 1
endloop
endfacet
facet normal 0.634393284163604 -0.7730104533627712 0
outer loop
vertex 268.22466175296665 -138.54448265296622 4
vertex 267.8458203825494 -138.85538973075577 4
vertex 267.8458203825494 -138.85538973075717 1
endloop
endfacet
facet normal 0.634393284163604 -0.7730104533627712 0
outer loop
vertex 268.22466175296665 -138.54448265296622 4
vertex 267.8458203825494 -138.85538973075717 1
vertex 268.22466175296665 -138.5444826529667 1
endloop
endfacet
facet normal 0 0 1
outer loop
vertex 268.53556883075885 -138.16564128254902 4
vertex 268.46806608141867 -138.24789362060412 4
vertex 268.44441241215065 -138.2767157 4
endloop
endfacet
facet normal 0 0 1
outer loop
vertex 268.53556883075885 -138.16564128254902 4
vertex 268.44441241215065 -138.2767157 4
vertex 268.22466175296665 -138.54448265296622 4
endloop
endfacet
facet normal 0 0 1
outer loop
vertex 268.53556883075885 -138.16564128254902 4
vertex 268.22466175296665 -138.54448265296622 4
vertex 268.22466175296665 -138.5444826529667 1
endloop
endfacet
facet normal 0 0 1
outer loop
vertex 268.53556883075885 -138.16564128254902 4
vertex 268.22466175296665 -138.5444826529667 1
vertex 268.53556883075885 -138.16564128255104 1
endloop
endfacet
facet normal 0 0 1
outer loop
vertex 268.76659363127806 -137.7334242809133 4
vertex 268.71103034835846 -137.83737587178126 4
vertex 268.6113203711648 -138.02392011845248 4
endloop
endfacet
facet normal 0 0 1
outer loop
vertex 268.76659363127806 -137.7334242809133 4
vertex 268.6113203711648 -138.02392011845248 4
vertex 268.53722917402905 -138.16253499876794 4
endloop
endfacet
facet normal 0 0 1
outer loop
vertex 268.76659363127806 -137.7334242809133 4
vertex 268.53722917402905 -138.16253499876794 4
vertex 268.53556883075885 -138.16564128254902 4
endloop
endfacet
facet normal 0 0 1
outer loop
vertex 268.76659363127806 -137.7334242809133 4
vertex 268.53556883075885 -138.16564128254902 4
vertex 268.53556883075885 -138.16564128255104 1
endloop
endfacet
facet normal 0 0 1
outer loop
vertex 268.76659363127806 -137.7334242809133 4
vertex 268.53556883075885 -138.16564128255104 1
vertex 268.76659363127806 -137.73342428091263 1
endloop
endfacet
facet normal 0 0 1
outer loop
vertex 268.9088580010085 -137.2644415050403 4
vertex 268.88267938135766 -137.35074084854756 4
vertex 268.8040124249314 -137.61007104952907 4
endloop
endfacet
facet normal 0 0 1
outer loop
vertex 268.9088580010085 -137.2644415050403 4
vertex 268.8040124249314 -137.61007104952907 4
vertex 268.76659363127806 -137.7334242809133 4
endloop
endfacet
facet normal 0 0 1
outer loop
vertex 268.9088580010085 -137.2644415050403 4
vertex 268.76659363127806 -137.7334242809133 4
vertex 268.76659363127806 -137.73342428091263 1
endloop
endfacet
facet normal 0 0 1
outer loop
vertex 268.9088580010085 -137.2644415050403 4
vertex 268.76659363127806 -137.73342428091263 1
vertex 268.9088580010085 -137.26444150504042 1
endloop
endfacet
facet normal 0 0 -1
outer loop
vertex 197.91718610000018 -108.25357099999987 4
vertex 197.88836402060514 -108.54620648302419 4
vertex 197.86914930100826 -108.7412968050403 4
endloop
endfacet
facet normal 0 0 -1
outer loop
vertex 197.91718610000018 -108.25357099999987 4
vertex 197.86914930100826 -108.7412968050403 4
vertex 197.86914930100826 -108.74129680504035 1
endloop
endfacet
facet normal 0 0 -1
outer loop
vertex 197.91718610000018 -108.25357099999987 4
vertex 197.86914930100826 -108.74129680504035 1
vertex 197.91718610000018 -108.25357100000004 1
endloop
endfacet
facet normal 0 0 1
outer loop
vertex 197.86914930100895 -107.76584519495941 4
vertex 197.8883640206042 -107.96093551697604 4
vertex 197.91718610000018 -108.25357099999987 4
endloop
endfacet
facet normal 0 0 1
outer loop
vertex 197.86914930100895 -107.76584519495941 4
vertex 197.91718610000018 -108.25357099999987 4
vertex 197.91718610000018 -108.25357100000004 1
endloop
endfacet
facet normal 0 0 1
outer loop
vertex 197.86914930100895 -107.76584519495941 4
vertex 197.91718610000018 -108.25357100000004 1
vertex 197.86914930100895 -107.7658451949596 1
endloop
endfacet
facet normal 0 0 -1
outer loop
vertex 197.72688493127907 -107.29686241908715 4
vertex 197.76430372493283 -107.42021565047052 4
vertex 197.84297068136257 -107.67954585145232 4
endloop
endfacet
facet normal 0 0 -1
outer loop
vertex 197.72688493127907 -107.29686241908715 4
vertex 197.84297068136257 -107.67954585145232 4
vertex 197.86914930100895 -107.76584519495941 4
endloop
endfacet
facet normal 0 0 -1
outer loop
vertex 197.72688493127907 -107.29686241908715 4
vertex 197.86914930100895 -107.76584519495941 4
vertex 197.86914930100895 -107.7658451949596 1
endloop
endfacet
facet normal 0 0 -1
outer loop
vertex 197.72688493127907 -107.29686241908715 4
vertex 197.86914930100895 -107.7658451949596 1
vertex 197.72688493127907 -107.29686241908703 1
endloop
endfacet
facet normal 0 0 -1
outer loop
vertex 197.4958601307547 -106.86464541745097 4
vertex 197.49752047403234 -106.8677517012328 4
vertex 197.57161167115584 -107.0063665815457 4
endloop
endfacet
facet normal 0 0 -1
outer loop
vertex 197.4958601307547 -106.86464541745097 4
vertex 197.57161167115584 -107.0063665815457 4
vertex 197.6713216483598 -107.19291082822009 4
endloop
endfacet
facet normal 0 0 -1
outer loop
vertex 197.4958601307547 -106.86464541745097 4
vertex 197.6713216483598 -107.19291082822009 4
vertex 197.72688493127907 -107.29686241908715 4
endloop
endfacet
facet normal 0 0 -1
outer loop
vertex 197.4958601307547 -106.86464541745097 4
vertex 197.72688493127907 -107.29686241908715 4
vertex 197.72688493127907 -107.29686241908703 1
endloop
endfacet
facet normal 0 0 -1
outer loop
vertex 197.4958601307547 -106.86464541745097 4
vertex 197.72688493127907 -107.29686241908703 1
vertex 197.4958601307547 -106.86464541745197 1
endloop
endfacet
facet normal 0 0 -1
outer loop
vertex 197.18495305296568 -106.4858040470304 4
vertex 197.4047037121506 -106.7535709999991 4
vertex 197.42835738141656 -106.78239307939589 4
endloop
endfacet
facet normal 0 0 -1
outer loop
vertex 197.18495305296568 -106.4858040470304 4
vertex 197.42835738141656 -106.78239307939589 4
vertex 197.4958601307547 -106.86464541745097 4
endloop
endfacet
facet normal 0 0 -1
outer loop
vertex 197.18495305296568 -106.4858040470304 4
vertex 197.4958601307547 -106.86464541745097 4
vertex 197.4958601307547 -106.86464541745197 1
endloop
endfacet
facet normal 0 0 -1
outer loop
vertex 197.18495305296568 -106.4858040470304 4
vertex 197.4958601307547 -106.86464541745197 1
vertex 197.18495305296568 -106.4858040470342 1
endloop
endfacet
facet normal 0.634393284163693 0.773010453362698 0
outer loop
vertex 196.80611168254265 -106.17489696924268 4
vertex 197.18495305296568 -106.4858040470304 4
vertex 197.18495305296568 -106.4858040470342 1
endloop
endfacet
facet normal 0.634393284163693 0.773010453362698 0
outer loop
vertex 196.80611168254265 -106.17489696924268 4
vertex 197.18495305296568 -106.4858040470342 1
vertex 196.80611168254265 -106.17489696925138 1
endloop
endfacet
facet normal 0.47139673682600314 0.881921264348352 0
outer loop
vertex 196.3738946809123 -105.94387216872042 4
vertex 196.80611168254265 -106.17489696924268 4
vertex 196.80611168254265 -106.17489696925138 1
endloop
endfacet
facet normal 0.47139673682600314 0.881921264348352 0
outer loop
vertex 196.3738946809123 -105.94387216872042 4
vertex 196.80611168254265 -106.17489696925138 1
vertex 196.3738946809123 -105.94387216872259 1
endloop
endfacet
facet normal 0.29028467725447593 0.9569403357322048 0
outer loop
vertex 195.90491190503977 -105.8016077989923 4
vertex 196.3738946809123 -105.94387216872042 4
vertex 196.3738946809123 -105.94387216872259 1
endloop
endfacet
facet normal 0.29028467725447593 0.9569403357322048 0
outer loop
vertex 195.90491190503977 -105.8016077989923 4
vertex 196.3738946809123 -105.94387216872259 1
vertex 195.90491190503977 -105.80160779899393 1
endloop
endfacet
facet normal 0.09801714032957423 0.9951847266721956 0
outer loop
vertex 195.41718609999998 -105.75357100000019 4
vertex 195.90491190503977 -105.8016077989923 4
vertex 195.90491190503977 -105.80160779899393 1
endloop
endfacet
facet normal 0.09801714032957423 0.9951847266721956 0
outer loop
vertex 195.41718609999998 -105.75357100000019 4
vertex 195.90491190503977 -105.80160779899393 1
vertex 195.41718609999998 -105.75357100000043 1
endloop
endfacet
facet normal -0.09801714032957415 0.9951847266721956 0
outer loop
vertex 194.92946029495965 -105.8016077989923 4
vertex 195.41718609999998 -105.75357100000019 4
vertex 195.41718609999998 -105.75357100000043 1
endloop
endfacet
facet normal -0.09801714032957415 0.9951847266721956 0
outer loop
vertex 194.92946029495965 -105.8016077989923 4
vertex 195.41718609999998 -105.75357100000043 1
vertex 194.92946029495965 -105.80160779899151 1
endloop
endfacet
facet normal -0.2902846772544479 0.9569403357322133 0
outer loop
vertex 194.46047751908785 -105.94387216872042 4
vertex 194.92946029495965 -105.8016077989923 4
vertex 194.92946029495965 -105.80160779899151 1
endloop
endfacet
facet normal -0.2902846772544479 0.9569403357322133 0
outer loop
vertex 194.46047751908785 -105.94387216872042 4
vertex 194.92946029495965 -105.80160779899151 1
vertex 194.46047751908785 -105.94387216872362 1
endloop
endfacet
facet normal -0.4713967368259914 0.8819212643483584 0
outer loop
vertex 194.0282605174512 -106.17489696924268 4
vertex 194.46047751908785 -105.94387216872042 4
vertex 194.46047751908785 -105.94387216872362 1
endloop
endfacet
facet normal -0.4713967368259914 0.8819212643483584 0
outer loop
vertex 194.0282605174512 -106.17489696924268 4
vertex 194.46047751908785 -105.94387216872362 1
vertex 194.0282605174512 -106.17489696924397 1
endloop
endfacet
facet normal -0.6343932841636518 0.7730104533627319 0
outer loop
vertex 193.6494191470345 -106.4858040470304 4
vertex 194.0282605174512 -106.17489696924268 4
vertex 194.0282605174512 -106.17489696924397 1
endloop
endfacet
facet normal -0.6343932841636518 0.7730104533627319 0
outer loop
vertex 193.6494191470345 -106.4858040470304 4
vertex 194.0282605174512 -106.17489696924397 1
vertex 193.6494191470345 -106.48580404703463 1
endloop
endfacet
facet normal 0 0 1
outer loop
vertex 193.3385120692434 -106.86464541745097 4
vertex 193.40601481858346 -106.78239307939589 4
vertex 193.42966848784945 -106.7535709999991 4
endloop
endfacet
facet normal 0 0 1
outer loop
vertex 193.3385120692434 -106.86464541745097 4
vertex 193.42966848784945 -106.7535709999991 4
vertex 193.6494191470345 -106.4858040470304 4
endloop
endfacet
facet normal 0 0 1
outer loop
vertex 193.3385120692434 -106.86464541745097 4
vertex 193.6494191470345 -106.4858040470304 4
vertex 193.6494191470345 -106.48580404703463 1
endloop
endfacet
facet normal 0 0 1
outer loop
vertex 193.3385120692434 -106.86464541745097 4
vertex 193.6494191470345 -106.48580404703463 1
vertex 193.3385120692434 -106.8646454174508 1
endloop
endfacet
facet normal 0 0 -1
outer loop
vertex 193.10748726872177 -107.29686241908715 4
vertex 193.16305055164014 -107.19291082822009 4
vertex 193.2627605288439 -107.0063665815457 4
endloop
endfacet
facet normal 0 0 -1
outer loop
vertex 193.10748726872177 -107.29686241908715 4
vertex 193.2627605288439 -107.0063665815457 4
vertex 193.33685172596756 -106.8677517012328 4
endloop
endfacet
facet normal 0 0 -1
outer loop
vertex 193.10748726872177 -107.29686241908715 4
vertex 193.33685172596756 -106.8677517012328 4
vertex 193.3385120692434 -106.86464541745097 4
endloop
endfacet
facet normal 0 0 -1
outer loop
vertex 193.10748726872177 -107.29686241908715 4
vertex 193.3385120692434 -106.86464541745097 4
vertex 193.3385120692434 -106.8646454174508 1
endloop
endfacet
facet normal 0 0 -1
outer loop
vertex 193.10748726872177 -107.29686241908715 4
vertex 193.3385120692434 -106.8646454174508 1
vertex 193.10748726872177 -107.29686241908725 1
endloop
endfacet
facet normal 0 0 -1
outer loop
vertex 192.9652228989915 -107.76584519495941 4
vertex 192.99140151863742 -107.67954585145232 4
vertex 193.07006847506722 -107.42021565047052 4
endloop
endfacet
facet normal 0 0 -1
outer loop
vertex 192.9652228989915 -107.76584519495941 4
vertex 193.07006847506722 -107.42021565047052 4
vertex 193.10748726872177 -107.29686241908715 4
endloop
endfacet
facet normal 0 0 -1
outer loop
vertex 192.9652228989915 -107.76584519495941 4
vertex 193.10748726872177 -107.29686241908715 4
vertex 193.10748726872177 -107.29686241908725 1
endloop
endfacet
facet normal 0 0 -1
outer loop
vertex 192.9652228989915 -107.76584519495941 4
vertex 193.10748726872177 -107.29686241908725 1
vertex 192.9652228989915 -107.76584519495954 1
endloop
endfacet
facet normal 0 0 1
outer loop
vertex 192.9171861000002 -108.25357099999987 4
vertex 192.9460081793957 -107.96093551697604 4
vertex 192.9652228989915 -107.76584519495941 4
endloop
endfacet
facet normal 0 0 1
outer loop
vertex 192.9171861000002 -108.25357099999987 4
vertex 192.9652228989915 -107.76584519495941 4
vertex 192.9652228989915 -107.76584519495954 1
endloop
endfacet
facet normal 0 0 1
outer loop
vertex 192.9171861000002 -108.25357099999987 4
vertex 192.9652228989915 -107.76584519495954 1
vertex 192.9171861000002 -108.25357100000005 1
endloop
endfacet
facet normal 0 0 -1
outer loop
vertex 192.9652228989926 -108.7412968050403 4
vertex 192.9460081793947 -108.54620648302419 4
vertex 192.9171861000002 -108.25357099999987 4
endloop
endfacet
facet normal 0 0 -1
outer loop
vertex 192.9652228989926 -108.7412968050403 4
vertex 192.9171861000002 -108.25357099999987 4
vertex 192.9171861000002 -108.25357100000005 1
endloop
endfacet
facet normal 0 0 -1
outer loop
vertex 192.9652228989926 -108.7412968050403 4
vertex 192.9171861000002 -108.25357100000005 1
vertex 192.9652228989926 -108.74129680504029 1
endloop
endfacet
facet normal 0 0 1
outer loop
vertex 193.1074872687221 -109.21027958091328 4
vertex 193.07006847507364 -109.08692634952932 4
vertex 192.99140151864333 -108.82759614854737 4
endloop
endfacet
facet normal 0 0 1
outer loop
vertex 193.1074872687221 -109.21027958091328 4
vertex 192.99140151864333 -108.82759614854737 4
vertex 192.9652228989926 -108.7412968050403 4
endloop
endfacet
facet normal 0 0 1
outer loop
vertex 193.1074872687221 -109.21027958091328 4
vertex 192.9652228989926 -108.7412968050403 4
vertex 192.9652228989926 -108.74129680504029 1
endloop
endfacet
facet normal 0 0 1
outer loop
vertex 193.1074872687221 -109.21027958091328 4
vertex 192.9652228989926 -108.74129680504029 1
vertex 193.1074872687221 -109.21027958091261 1
endloop
endfacet
facet normal 0 0 -1
outer loop
vertex 193.33851206924533 -109.64249658254964 4
vertex 193.33685172597026 -109.6393902987679 4
vertex 193.26276052883514 -109.50077541845471 4
endloop
endfacet
facet normal 0 0 -1
outer loop
vertex 193.33851206924533 -109.64249658254964 4
vertex 193.26276052883514 -109.50077541845471 4
vertex 193.16305055163713 -109.31423117178166 4
endloop
endfacet
facet normal 0 0 -1
outer loop
vertex 193.33851206924533 -109.64249658254964 4
vertex 193.16305055163713 -109.31423117178166 4
vertex 193.1074872687221 -109.21027958091328 4
endloop
endfacet
facet normal 0 0 -1
outer loop
vertex 193.33851206924533 -109.64249658254964 4
vertex 193.1074872687221 -109.21027958091328 4
vertex 193.1074872687221 -109.21027958091261 1
endloop
endfacet
facet normal 0 0 -1
outer loop
vertex 193.33851206924533 -109.64249658254964 4
vertex 193.1074872687221 -109.21027958091261 1
vertex 193.33851206924533 -109.64249658254813 1
endloop
endfacet
facet normal 0 0 1
outer loop
vertex 193.6494191470357 -110.02133795296662 4
vertex 193.4296684878493 -109.7535709999997 4
vertex 193.40601481858053 -109.72474892060526 4
endloop
endfacet
facet normal 0 0 1
outer loop
vertex 193.6494191470357 -110.02133795296662 4
vertex 193.40601481858053 -109.72474892060526 4
vertex 193.33851206924533 -109.64249658254964 4
endloop
endfacet
facet normal 0 0 1
outer loop
vertex 193.6494191470357 -110.02133795296662 4
vertex 193.33851206924533 -109.64249658254964 4
vertex 193.33851206924533 -109.64249658254813 1
endloop
endfacet
facet normal 0 0 1
outer loop
vertex 193.6494191470357 -110.02133795296662 4
vertex 193.33851206924533 -109.64249658254813 1
vertex 193.6494191470357 -110.02133795296473 1
endloop
endfacet
facet normal -0.6343932841658584 -0.7730104533609208 -4.870157316906415e-13
outer loop
vertex 194.02826051744933 -110.33224503075536 4
vertex 193.6494191470357 -110.02133795296662 4
vertex 193.6494191470357 -110.02133795296473 1
endloop
endfacet
facet normal -0.6343932841658584 -0.7730104533609208 -4.870157316906415e-13
outer loop
vertex 194.02826051744933 -110.33224503075536 4
vertex 193.6494191470357 -110.02133795296473 1
vertex 193.9996336282823 -110.30875154996784 1
endloop
endfacet
facet normal -0.6343932841658584 -0.7730104533609208 -4.870157316906415e-13
outer loop
vertex 194.02826051744933 -110.33224503075536 4
vertex 193.9996336282823 -110.30875154996784 1
vertex 194.02826051744933 -110.33224503075846 1
endloop
endfacet
facet normal -0.4713967368259916 -0.8819212643483583 0
outer loop
vertex 194.4604775190882 -110.56326983127936 4
vertex 194.02826051744933 -110.33224503075536 4
vertex 194.02826051744933 -110.33224503075846 1
endloop
endfacet
facet normal -0.4713967368259916 -0.8819212643483583 0
outer loop
vertex 194.4604775190882 -110.56326983127936 4
vertex 194.02826051744933 -110.33224503075846 1
vertex 194.4604775190882 -110.56326983127656 1
endloop
endfacet
facet normal -0.29028467725166657 -0.9569403357330569 -8.929974673974213e-13
outer loop
vertex 194.9294602949597 -110.70553420100745 4
vertex 194.4604775190882 -110.56326983127936 4
vertex 194.4604775190882 -110.56326983127656 1
endloop
endfacet
facet normal -0.29028467725166657 -0.9569403357330569 -8.929974673974213e-13
outer loop
vertex 194.9294602949597 -110.70553420100745 4
vertex 194.4604775190882 -110.56326983127656 1
vertex 194.73153753827086 -110.64549498915635 1
endloop
endfacet
facet normal -0.29028467725166657 -0.9569403357330569 -8.929974673974213e-13
outer loop
vertex 194.9294602949597 -110.70553420100745 4
vertex 194.73153753827086 -110.64549498915635 1
vertex 194.9294602949597 -110.70553420100799 1
endloop
endfacet
facet normal -0.09801714032957415 -0.9951847266721956 0
outer loop
vertex 195.41718609999992 -110.75357100000036 4
vertex 194.9294602949597 -110.70553420100745 4
vertex 194.9294602949597 -110.70553420100799 1
endloop
endfacet
facet normal -0.09801714032957415 -0.9951847266721956 0
outer loop
vertex 195.41718609999992 -110.75357100000036 4
vertex 194.9294602949597 -110.70553420100799 1
vertex 195.41718609999992 -110.75357100000096 1
endloop
endfacet
facet normal 0.09801714032957415 -0.9951847266721956 0
outer loop
vertex 195.9049119050403 -110.70553420100745 4
vertex 195.41718609999992 -110.75357100000036 4
vertex 195.41718609999992 -110.75357100000096 1
endloop
endfacet
facet normal 0.09801714032957415 -0.9951847266721956 0
outer loop
vertex 195.9049119050403 -110.70553420100745 4
vertex 195.41718609999992 -110.75357100000096 1
vertex 195.9049119050403 -110.70553420100767 1
endloop
endfacet
facet normal 0.2902846772544479 -0.9569403357322133 0
outer loop
vertex 196.37389468091334 -110.56326983127936 4
vertex 195.9049119050403 -110.70553420100745 4
vertex 195.9049119050403 -110.70553420100767 1
endloop
endfacet
facet normal 0.2902846772544479 -0.9569403357322133 0
outer loop
vertex 196.37389468091334 -110.56326983127936 4
vertex 195.9049119050403 -110.70553420100767 1
vertex 196.37389468091334 -110.56326983128005 1
endloop
endfacet
facet normal 0.47139673682599736 -0.8819212643483552 0
outer loop
vertex 196.80611168254939 -110.33224503075536 4
vertex 196.37389468091334 -110.56326983127936 4
vertex 196.37389468091334 -110.56326983128005 1
endloop
endfacet
facet normal 0.47139673682599736 -0.8819212643483552 0
outer loop
vertex 196.80611168254939 -110.33224503075536 4
vertex 196.37389468091334 -110.56326983128005 1
vertex 196.80611168254939 -110.33224503075708 1
endloop
endfacet
facet normal 0.6343932841636518 -0.7730104533627319 0
outer loop
vertex 197.18495305296685 -110.02133795296662 4
vertex 196.80611168254939 -110.33224503075536 4
vertex 196.80611168254939 -110.33224503075708 1
endloop
endfacet
facet normal 0.6343932841636518 -0.7730104533627319 0
outer loop
vertex 197.18495305296685 -110.02133795296662 4
vertex 196.80611168254939 -110.33224503075708 1
vertex 197.18495305296685 -110.02133795296695 1
endloop
endfacet
facet normal 0 0 -1
outer loop
vertex 197.49586013075614 -109.64249658254964 4
vertex 197.4283573814197 -109.72474892060526 4
vertex 197.40470371215093 -109.7535709999997 4
endloop
endfacet
facet normal 0 0 -1
outer loop
vertex 197.49586013075614 -109.64249658254964 4
vertex 197.40470371215093 -109.7535709999997 4
vertex 197.18495305296685 -110.02133795296662 4
endloop
endfacet
facet normal 0 0 -1
outer loop
vertex 197.49586013075614 -109.64249658254964 4
vertex 197.18495305296685 -110.02133795296662 4
vertex 197.18495305296685 -110.02133795296695 1
endloop
endfacet
facet normal 0 0 -1
outer loop
vertex 197.49586013075614 -109.64249658254964 4
vertex 197.18495305296685 -110.02133795296695 1
vertex 197.49586013075614 -109.64249658254879 1
endloop
endfacet
facet normal 0 0 -1
outer loop
vertex 197.72688493127808 -109.21027958091328 4
vertex 197.6713216483627 -109.31423117178166 4
vertex 197.57161167116467 -109.50077541845471 4
endloop
endfacet
facet normal 0 0 -1
outer loop
vertex 197.72688493127808 -109.21027958091328 4
vertex 197.57161167116467 -109.50077541845471 4
vertex 197.49752047402959 -109.6393902987679 4
endloop
endfacet
facet normal 0 0 -1
outer loop
vertex 197.72688493127808 -109.21027958091328 4
vertex 197.49752047402959 -109.6393902987679 4
vertex 197.49586013075614 -109.64249658254964 4
endloop
endfacet
facet normal 0 0 -1
outer loop
vertex 197.72688493127808 -109.21027958091328 4
vertex 197.49586013075614 -109.64249658254964 4
vertex 197.49586013075614 -109.64249658254879 1
endloop
endfacet
facet normal 0 0 -1
outer loop
vertex 197.72688493127808 -109.21027958091328 4
vertex 197.49586013075614 -109.64249658254879 1
vertex 197.72688493127808 -109.21027958091265 1
endloop
endfacet
facet normal 0 0 1
outer loop
vertex 197.86914930100826 -108.7412968050403 4
vertex 197.84297068135675 -108.82759614854737 4
vertex 197.7643037249264 -109.08692634952932 4
endloop
endfacet
facet normal 0 0 1
outer loop
vertex 197.86914930100826 -108.7412968050403 4
vertex 197.7643037249264 -109.08692634952932 4
vertex 197.72688493127808 -109.21027958091328 4
endloop
endfacet
facet normal 0 0 1
outer loop
vertex 197.86914930100826 -108.7412968050403 4
vertex 197.72688493127808 -109.21027958091328 4
vertex 197.72688493127808 -109.21027958091265 1
endloop
endfacet
facet normal 0 0 1
outer loop
vertex 197.86914930100826 -108.7412968050403 4
vertex 197.72688493127808 -109.21027958091265 1
vertex 197.86914930100826 -108.74129680504035 1
endloop
endfacet
facet normal 0 0 -1
outer loop
vertex 210.5890324000002 -143.06918259999995 4
vertex 210.56021032060536 -143.36181808302427 4
vertex 210.5409956010083 -143.55690840504033 4
endloop
endfacet
facet normal 0 0 -1
outer loop
vertex 210.5890324000002 -143.06918259999995 4
vertex 210.5409956010083 -143.55690840504033 4
vertex 210.5409956010083 -143.5569084050404 1
endloop
endfacet
facet normal 0 0 -1
outer loop
vertex 210.5890324000002 -143.06918259999995 4
vertex 210.5409956010083 -143.5569084050404 1
vertex 210.5890324000002 -143.06918260000006 1
endloop
endfacet
facet normal 0 0 -1
outer loop
vertex 210.54099560100875 -142.58145679496002 4
vertex 210.560210320606 -142.7765471169754 4
vertex 210.5890324000002 -143.06918259999995 4
endloop
endfacet
facet normal 0 0 -1
outer loop
vertex 210.54099560100875 -142.58145679496002 4
vertex 210.5890324000002 -143.06918259999995 4
vertex 210.5890324000002 -143.06918260000006 1
endloop
endfacet
facet normal 0 0 -1
outer loop
vertex 210.54099560100875 -142.58145679496002 4
vertex 210.5890324000002 -143.06918260000006 1
vertex 210.54099560100875 -142.58145679495965 1
endloop
endfacet
facet normal 0 0 1
outer loop
vertex 210.39873123127626 -142.11247401908724 4
vertex 210.43615002492407 -142.2358272504702 4
vertex 210.51481698136212 -142.49515745145268 4
endloop
endfacet
facet normal 0 0 1
outer loop
vertex 210.39873123127626 -142.11247401908724 4
vertex 210.51481698136212 -142.49515745145268 4
vertex 210.54099560100875 -142.58145679496002 4
endloop
endfacet
facet normal 0 0 1
outer loop
vertex 210.39873123127626 -142.11247401908724 4
vertex 210.54099560100875 -142.58145679496002 4
vertex 210.54099560100875 -142.58145679495965 1
endloop
endfacet
facet normal 0 0 1
outer loop
vertex 210.39873123127626 -142.11247401908724 4
vertex 210.54099560100875 -142.58145679495965 1
vertex 210.39873123127626 -142.11247401908793 1
endloop
endfacet
facet normal 0 0 -1
outer loop
vertex 210.16770643075543 -141.6802570174512 4
vertex 210.1693667740293 -141.68336330123284 4
vertex 210.24345797116175 -141.82197818154617 4
endloop
endfacet
facet normal 0 0 -1
outer loop
vertex 210.16770643075543 -141.6802570174512 4
vertex 210.24345797116175 -141.82197818154617 4
vertex 210.34316794837062 -142.00852242822037 4
endloop
endfacet
facet normal 0 0 -1
outer loop
vertex 210.16770643075543 -141.6802570174512 4
vertex 210.34316794837062 -142.00852242822037 4
vertex 210.39873123127626 -142.11247401908724 4
endloop
endfacet
facet normal 0 0 -1
outer loop
vertex 210.16770643075543 -141.6802570174512 4
vertex 210.39873123127626 -142.11247401908724 4
vertex 210.39873123127626 -142.11247401908793 1
endloop
endfacet
facet normal 0 0 -1
outer loop
vertex 210.16770643075543 -141.6802570174512 4
vertex 210.39873123127626 -142.11247401908793 1
vertex 210.16770643075543 -141.68025701745154 1
endloop
endfacet
facet normal 0 0 1
outer loop
vertex 209.85679935296565 -141.30141564703013 4
vertex 210.07655001215088 -141.56918260000182 4
vertex 210.10020368141977 -141.5980046793939 4
endloop
endfacet
facet normal 0 0 1
outer loop
vertex 209.85679935296565 -141.30141564703013 4
vertex 210.10020368141977 -141.5980046793939 4
vertex 210.16770643075543 -141.6802570174512 4
endloop
endfacet
facet normal 0 0 1
outer loop
vertex 209.85679935296565 -141.30141564703013 4
vertex 210.16770643075543 -141.6802570174512 4
vertex 210.16770643075543 -141.68025701745154 1
endloop
endfacet
facet normal 0 0 1
outer loop
vertex 209.85679935296565 -141.30141564703013 4
vertex 210.16770643075543 -141.68025701745154 1
vertex 209.85679935296565 -141.3014156470343 1
endloop
endfacet
facet normal 0.6343932841636385 0.7730104533627428 0
outer loop
vertex 209.4779579825507 -140.99050856924165 4
vertex 209.85679935296565 -141.30141564703013 4
vertex 209.85679935296565 -141.3014156470343 1
endloop
endfacet
facet normal 0.6343932841636385 0.7730104533627428 0
outer loop
vertex 209.4779579825507 -140.99050856924165 4
vertex 209.85679935296565 -141.3014156470343 1
vertex 209.4779579825507 -140.99050856924163 1
endloop
endfacet
facet normal 0.4713967368259909 0.8819212643483587 0
outer loop
vertex 209.04574098091265 -140.75948376872324 4
vertex 209.4779579825507 -140.99050856924165 4
vertex 209.4779579825507 -140.99050856924163 1
endloop
endfacet
facet normal 0.4713967368259909 0.8819212643483587 0
outer loop
vertex 209.04574098091265 -140.75948376872324 4
vertex 209.4779579825507 -140.99050856924163 1
vertex 209.04574098091265 -140.75948376872208 1
endloop
endfacet
facet normal 0.2902846772544769 0.9569403357322044 0
outer loop
vertex 208.5767582050412 -140.6172193989931 4
vertex 209.04574098091265 -140.75948376872324 4
vertex 209.04574098091265 -140.75948376872208 1
endloop
endfacet
facet normal 0.2902846772544769 0.9569403357322044 0
outer loop
vertex 208.5767582050412 -140.6172193989931 4
vertex 209.04574098091265 -140.75948376872208 1
vertex 208.5767582050412 -140.61721939898914 1
endloop
endfacet
facet normal 0.09801714032954582 0.9951847266721984 0
outer loop
vertex 208.08903239999995 -140.56918260000091 4
vertex 208.5767582050412 -140.6172193989931 4
vertex 208.5767582050412 -140.61721939898914 1
endloop
endfacet
facet normal 0.09801714032954582 0.9951847266721984 0
outer loop
vertex 208.08903239999995 -140.56918260000091 4
vertex 208.5767582050412 -140.61721939898914 1
vertex 208.08903239999995 -140.56918260000066 1
endloop
endfacet
facet normal -0.09801714032954566 0.9951847266721985 0
outer loop
vertex 207.60130659495974 -140.6172193989931 4
vertex 208.08903239999995 -140.56918260000091 4
vertex 208.08903239999995 -140.56918260000066 1
endloop
endfacet
facet normal -0.09801714032954566 0.9951847266721985 0
outer loop
vertex 207.60130659495974 -140.6172193989931 4
vertex 208.08903239999995 -140.56918260000066 1
vertex 207.60130659495974 -140.61721939899206 1
endloop
endfacet
facet normal -0.29028467725447593 0.9569403357322048 0
outer loop
vertex 207.13232381908784 -140.75948376872324 4
vertex 207.60130659495974 -140.6172193989931 4
vertex 207.60130659495974 -140.61721939899206 1
endloop
endfacet
facet normal -0.29028467725447593 0.9569403357322048 0
outer loop
vertex 207.13232381908784 -140.75948376872324 4
vertex 207.60130659495974 -140.61721939899206 1
vertex 207.13232381908784 -140.75948376872356 1
endloop
endfacet
facet normal -0.47139673682602534 0.8819212643483402 0
outer loop
vertex 206.7001068174505 -140.99050856924165 4
vertex 207.13232381908784 -140.75948376872324 4
vertex 207.13232381908784 -140.75948376872356 1
endloop
endfacet
facet normal -0.47139673682602534 0.8819212643483402 0
outer loop
vertex 206.7001068174505 -140.99050856924165 4
vertex 207.13232381908784 -140.75948376872356 1
vertex 206.7001068174505 -140.9905085692426 1
endloop
endfacet
facet normal -0.6343932841636828 0.7730104533627065 0
outer loop
vertex 206.32126544703343 -141.30141564703013 4
vertex 206.7001068174505 -140.99050856924165 4
vertex 206.7001068174505 -140.9905085692426 1
endloop
endfacet
facet normal -0.6343932841636828 0.7730104533627065 0
outer loop
vertex 206.32126544703343 -141.30141564703013 4
vertex 206.7001068174505 -140.9905085692426 1
vertex 206.32126544703343 -141.30141564703337 1
endloop
endfacet
facet normal 0 0 -1
outer loop
vertex 206.01035836924393 -141.6802570174512 4
vertex 206.07786111858118 -141.5980046793939 4
vertex 206.10151478785033 -141.56918260000182 4
endloop
endfacet
facet normal 0 0 -1
outer loop
vertex 206.01035836924393 -141.6802570174512 4
vertex 206.10151478785033 -141.56918260000182 4
vertex 206.32126544703343 -141.30141564703013 4
endloop
endfacet
facet normal 0 0 -1
outer loop
vertex 206.01035836924393 -141.6802570174512 4
vertex 206.32126544703343 -141.30141564703013 4
vertex 206.32126544703343 -141.30141564703337 1
endloop
endfacet
facet normal 0 0 -1
outer loop
vertex 206.01035836924393 -141.6802570174512 4
vertex 206.32126544703343 -141.30141564703337 1
vertex 206.01035836924393 -141.68025701745123 1
endloop
endfacet
facet normal 0 0 -1
outer loop
vertex 205.77933356872214 -142.11247401908724 4
vertex 205.83489685162945 -142.00852242822037 4
vertex 205.93460682883838 -141.82197818154617 4
endloop
endfacet
facet normal 0 0 -1
outer loop
vertex 205.77933356872214 -142.11247401908724 4
vertex 205.93460682883838 -141.82197818154617 4
vertex 206.00869802597092 -141.68336330123284 4
endloop
endfacet
facet normal 0 0 -1
outer loop
vertex 205.77933356872214 -142.11247401908724 4
vertex 206.00869802597092 -141.68336330123284 4
vertex 206.01035836924393 -141.6802570174512 4
endloop
endfacet
facet normal 0 0 -1
outer loop
vertex 205.77933356872214 -142.11247401908724 4
vertex 206.01035836924393 -141.6802570174512 4
vertex 206.01035836924393 -141.68025701745123 1
endloop
endfacet
facet normal 0 0 -1
outer loop
vertex 205.77933356872214 -142.11247401908724 4
vertex 206.01035836924393 -141.68025701745123 1
vertex 205.77933356872214 -142.11247401908744 1
endloop
endfacet
facet normal 0 0 -1
outer loop
vertex 205.63706919899272 -142.58145679496002 4
vertex 205.66324781863787 -142.49515745145268 4
vertex 205.741914775076 -142.2358272504702 4
endloop
endfacet
facet normal 0 0 -1
outer loop
vertex 205.63706919899272 -142.58145679496002 4
vertex 205.741914775076 -142.2358272504702 4
vertex 205.77933356872214 -142.11247401908724 4
endloop
endfacet
facet normal 0 0 -1
outer loop
vertex 205.63706919899272 -142.58145679496002 4
vertex 205.77933356872214 -142.11247401908724 4
vertex 205.77933356872214 -142.11247401908744 1
endloop
endfacet
facet normal 0 0 -1
outer loop
vertex 205.63706919899272 -142.58145679496002 4
vertex 205.77933356872214 -142.11247401908744 1
vertex 205.63706919899272 -142.58145679495988 1
endloop
endfacet
facet normal 0 0 -1
outer loop
vertex 205.5890323999999 -143.06918259999995 4
vertex 205.61785447939397 -142.7765471169754 4
vertex 205.63706919899272 -142.58145679496002 4
endloop
endfacet
facet normal 0 0 -1
outer loop
vertex 205.5890323999999 -143.06918259999995 4
vertex 205.63706919899272 -142.58145679496002 4
vertex 205.63706919899272 -142.58145679495988 1
endloop
endfacet
facet normal 0 0 -1
outer loop
vertex 205.5890323999999 -143.06918259999995 4
vertex 205.63706919899272 -142.58145679495988 1
vertex 205.5890323999999 -143.06918260000003 1
endloop
endfacet
facet normal 0 0 -1
outer loop
vertex 205.6370691989927 -143.55690840504033 4
vertex 205.61785447939457 -143.36181808302427 4
vertex 205.5890323999999 -143.06918259999995 4
endloop
endfacet
facet normal 0 0 -1
outer loop
vertex 205.6370691989927 -143.55690840504033 4
vertex 205.5890323999999 -143.06918259999995 4
vertex 205.5890323999999 -143.06918260000003 1
endloop
endfacet
facet normal 0 0 -1
outer loop
vertex 205.6370691989927 -143.55690840504033 4
vertex 205.5890323999999 -143.06918260000003 1
vertex 205.6370691989927 -143.55690840504033 1
endloop
endfacet
facet normal 0 0 -1
outer loop
vertex 205.77933356872055 -144.0258911809127 4
vertex 205.74191477506778 -143.9025379495306 4
vertex 205.66324781864571 -143.6432077485475 4
endloop
endfacet
facet normal 0 0 -1
outer loop
vertex 205.77933356872055 -144.0258911809127 4
vertex 205.66324781864571 -143.6432077485475 4
vertex 205.6370691989927 -143.55690840504033 4
endloop
endfacet
facet normal 0 0 -1
outer loop
vertex 205.77933356872055 -144.0258911809127 4
vertex 205.6370691989927 -143.55690840504033 4
vertex 205.6370691989927 -143.55690840504033 1
endloop
endfacet
facet normal 0 0 -1
outer loop
vertex 205.77933356872055 -144.0258911809127 4
vertex 205.6370691989927 -143.55690840504033 1
vertex 205.77933356872055 -144.02589118091308 1
endloop
endfacet
facet normal 0 0 1
outer loop
vertex 206.01035836924274 -144.45810818254944 4
vertex 206.0086980259696 -144.45500189876492 4
vertex 205.9346068288242 -144.31638701845753 4
endloop
endfacet
facet normal 0 0 1
outer loop
vertex 206.01035836924274 -144.45810818254944 4
vertex 205.9346068288242 -144.31638701845753 4
vertex 205.83489685164218 -144.12984277178128 4
endloop
endfacet
facet normal 0 0 1
outer loop
vertex 206.01035836924274 -144.45810818254944 4
vertex 205.83489685164218 -144.12984277178128 4
vertex 205.77933356872055 -144.0258911809127 4
endloop
endfacet
facet normal 0 0 1
outer loop
vertex 206.01035836924274 -144.45810818254944 4
vertex 205.77933356872055 -144.0258911809127 4
vertex 205.77933356872055 -144.02589118091308 1
endloop
endfacet
facet normal 0 0 1
outer loop
vertex 206.01035836924274 -144.45810818254944 4
vertex 205.77933356872055 -144.02589118091308 1
vertex 206.01035836924274 -144.45810818254952 1
endloop
endfacet
facet normal 0 0 1
outer loop
vertex 206.32126544703175 -144.836949552966 4
vertex 206.10151478785167 -144.56918260000083 4
vertex 206.07786111858235 -144.54036052060357 4
endloop
endfacet
facet normal 0 0 1
outer loop
vertex 206.32126544703175 -144.836949552966 4
vertex 206.07786111858235 -144.54036052060357 4
vertex 206.01035836924274 -144.45810818254944 4
endloop
endfacet
facet normal 0 0 1
outer loop
vertex 206.32126544703175 -144.836949552966 4
vertex 206.01035836924274 -144.45810818254944 4
vertex 206.01035836924274 -144.45810818254952 1
endloop
endfacet
facet normal 0 0 1
outer loop
vertex 206.32126544703175 -144.836949552966 4
vertex 206.01035836924274 -144.45810818254952 1
vertex 206.32126544703175 -144.83694955296798 1
endloop
endfacet
facet normal -0.634393284163652 -0.7730104533627318 0
outer loop
vertex 206.70010681744992 -145.14785663075617 4
vertex 206.32126544703175 -144.836949552966 4
vertex 206.32126544703175 -144.83694955296798 1
endloop
endfacet
facet normal -0.634393284163652 -0.7730104533627318 0
outer loop
vertex 206.70010681744992 -145.14785663075617 4
vertex 206.32126544703175 -144.83694955296798 1
vertex 206.70010681744992 -145.14785663075776 1
endloop
endfacet
facet normal -0.47139673682601535 -0.8819212643483455 0
outer loop
vertex 207.13232381908628 -145.37888143127918 4
vertex 206.70010681744992 -145.14785663075617 4
vertex 206.70010681744992 -145.14785663075776 1
endloop
endfacet
facet normal -0.47139673682601535 -0.8819212643483455 0
outer loop
vertex 207.13232381908628 -145.37888143127918 4
vertex 206.70010681744992 -145.14785663075776 1
vertex 207.13232381908628 -145.37888143128015 1
endloop
endfacet
facet normal -0.2902846772545049 -0.9569403357321961 0
outer loop
vertex 207.60130659495866 -145.52114580100746 4
vertex 207.13232381908628 -145.37888143127918 4
vertex 207.13232381908628 -145.37888143128015 1
endloop
endfacet
facet normal -0.2902846772545049 -0.9569403357321961 0
outer loop
vertex 207.60130659495866 -145.52114580100746 4
vertex 207.13232381908628 -145.37888143128015 1
vertex 207.60130659495866 -145.5211458010116 1
endloop
endfacet
facet normal -0.09801714032954582 -0.9951847266721984 0
outer loop
vertex 208.08903239999995 -145.5691826000004 4
vertex 207.60130659495866 -145.52114580100746 4
vertex 207.60130659495866 -145.5211458010116 1
endloop
endfacet
facet normal -0.09801714032954582 -0.9951847266721984 0
outer loop
vertex 208.08903239999995 -145.5691826000004 4
vertex 207.60130659495866 -145.5211458010116 1
vertex 208.08903239999995 -145.5691826000006 1
endloop
endfacet
facet normal 0.09801714032954581 -0.9951847266721984 0
outer loop
vertex 208.57675820504028 -145.52114580100746 4
vertex 208.08903239999995 -145.5691826000004 4
vertex 208.08903239999995 -145.5691826000006 1
endloop
endfacet
facet normal 0.09801714032954581 -0.9951847266721984 0
outer loop
vertex 208.57675820504028 -145.52114580100746 4
vertex 208.08903239999995 -145.5691826000006 1
vertex 208.57675820504028 -145.52114580100732 1
endloop
endfacet
facet normal 0.29028467725447593 -0.9569403357322049 0
outer loop
vertex 209.04574098091345 -145.37888143127918 4
vertex 208.57675820504028 -145.52114580100746 4
vertex 208.57675820504028 -145.52114580100732 1
endloop
endfacet
facet normal 0.29028467725447593 -0.9569403357322049 0
outer loop
vertex 209.04574098091345 -145.37888143127918 4
vertex 208.57675820504028 -145.52114580100732 1
vertex 209.04574098091345 -145.37888143128055 1
endloop
endfacet
facet normal 0.4713967368259914 -0.8819212643483584 0
outer loop
vertex 209.47795798254919 -145.14785663075617 4
vertex 209.04574098091345 -145.37888143127918 4
vertex 209.04574098091345 -145.37888143128055 1
endloop
endfacet
facet normal 0.4713967368259914 -0.8819212643483584 0
outer loop
vertex 209.47795798254919 -145.14785663075617 4
vertex 209.04574098091345 -145.37888143128055 1
vertex 209.47795798254919 -145.14785663075668 1
endloop
endfacet
facet normal 0.6343932841636518 -0.7730104533627319 0
outer loop
vertex 209.8567993529657 -144.836949552966 4
vertex 209.47795798254919 -145.14785663075617 4
vertex 209.47795798254919 -145.14785663075668 1
endloop
endfacet
facet normal 0.6343932841636518 -0.7730104533627319 0
outer loop
vertex 209.8567993529657 -144.836949552966 4
vertex 209.47795798254919 -145.14785663075668 1
vertex 209.8567993529657 -144.83694955296556 1
endloop
endfacet
facet normal 0 0 -1
outer loop
vertex 210.1677064307566 -144.45810818254944 4
vertex 210.1002036814194 -144.54036052060357 4
vertex 210.07655001215002 -144.56918260000083 4
endloop
endfacet
facet normal 0 0 -1
outer loop
vertex 210.1677064307566 -144.45810818254944 4
vertex 210.07655001215002 -144.56918260000083 4
vertex 209.8567993529657 -144.836949552966 4
endloop
endfacet
facet normal 0 0 -1
outer loop
vertex 210.1677064307566 -144.45810818254944 4
vertex 209.8567993529657 -144.836949552966 4
vertex 209.8567993529657 -144.83694955296556 1
endloop
endfacet
facet normal 0 0 -1
outer loop
vertex 210.1677064307566 -144.45810818254944 4
vertex 209.8567993529657 -144.83694955296556 1
vertex 210.1677064307566 -144.4581081825492 1
endloop
endfacet
facet normal 0 0 1
outer loop
vertex 210.3987312312782 -144.0258911809127 4
vertex 210.34316794835712 -144.12984277178128 4
vertex 210.2434579711754 -144.31638701845753 4
endloop
endfacet
facet normal 0 0 1
outer loop
vertex 210.3987312312782 -144.0258911809127 4
vertex 210.2434579711754 -144.31638701845753 4
vertex 210.16936677403018 -144.45500189876492 4
endloop
endfacet
facet normal 0 0 1
outer loop
vertex 210.3987312312782 -144.0258911809127 4
vertex 210.16936677403018 -144.45500189876492 4
vertex 210.1677064307566 -144.45810818254944 4
endloop
endfacet
facet normal 0 0 1
outer loop
vertex 210.3987312312782 -144.0258911809127 4
vertex 210.1677064307566 -144.45810818254944 4
vertex 210.1677064307566 -144.4581081825492 1
endloop
endfacet
facet normal 0 0 1
outer loop
vertex 210.3987312312782 -144.0258911809127 4
vertex 210.1677064307566 -144.4581081825492 1
vertex 210.3987312312782 -144.0258911809127 1
endloop
endfacet
facet normal 0 0 1
outer loop
vertex 210.5409956010083 -143.55690840504033 4
vertex 210.51481698135467 -143.6432077485475 4
vertex 210.43615002493243 -143.9025379495306 4
endloop
endfacet
facet normal 0 0 1
outer loop
vertex 210.5409956010083 -143.55690840504033 4
vertex 210.43615002493243 -143.9025379495306 4
vertex 210.3987312312782 -144.0258911809127 4
endloop
endfacet
facet normal 0 0 1
outer loop
vertex 210.5409956010083 -143.55690840504033 4
vertex 210.3987312312782 -144.0258911809127 4
vertex 210.3987312312782 -144.0258911809127 1
endloop
endfacet
facet normal 0 0 1
outer loop
vertex 210.5409956010083 -143.55690840504033 4
vertex 210.3987312312782 -144.0258911809127 1
vertex 210.5409956010083 -143.5569084050404 1
endloop
endfacet
facet normal -0.9951847266721969 0.09801714032956006 0
outer loop
vertex 81.21275622060486 -101.36103158302417 4
vertex 81.24157830000001 -101.06839610000002 4
vertex 81.24157830000001 -101.06839609999999 1
endloop
endfacet
facet normal -0.9951847266721969 0.09801714032956006 0
outer loop
vertex 81.21275622060486 -101.36103158302417 4
vertex 81.24157830000001 -101.06839609999999 1
vertex 81.21275622060486 -101.3610315830242 1
endloop
endfacet
facet normal -0.9951847266721969 -0.09801714032955997 0
outer loop
vertex 81.24157830000001 -101.06839610000002 4
vertex 81.21275622060467 -100.77576061697573 4
vertex 81.21275622060467 -100.77576061697582 1
endloop
endfacet
facet normal -0.9951847266721969 -0.09801714032955997 0
outer loop
vertex 81.24157830000001 -101.06839610000002 4
vertex 81.21275622060467 -100.77576061697582 1
vertex 81.24157830000001 -101.06839609999999 1
endloop
endfacet
facet normal -0.9569403357322048 -0.29028467725447593 0
outer loop
vertex 81.21275622060467 -100.77576061697573 4
vertex 81.1273975987702 -100.49437095145208 4
vertex 81.1273975987702 -100.49437095145139 1
endloop
endfacet
facet normal -0.9569403357322048 -0.29028467725447593 0
outer loop
vertex 81.21275622060467 -100.77576061697573 4
vertex 81.1273975987702 -100.49437095145139 1
vertex 81.21275622060467 -100.77576061697582 1
endloop
endfacet
facet normal -0.8819212643483587 -0.4713967368259909 0
outer loop
vertex 81.1273975987702 -100.49437095145208 4
vertex 80.9887827184519 -100.2350407504709 4
vertex 80.9887827184519 -100.23504075047165 1
endloop
endfacet
facet normal -0.8819212643483587 -0.4713967368259909 0
outer loop
vertex 81.1273975987702 -100.49437095145208 4
vertex 80.9887827184519 -100.23504075047165 1
vertex 81.1273975987702 -100.49437095145139 1
endloop
endfacet
facet normal -0.7730104533627179 -0.6343932841636688 0
outer loop
vertex 80.9887827184519 -100.2350407504709 4
vertex 80.80223847178112 -100.00773592821972 4
vertex 80.80223847178112 -100.00773592821912 1
endloop
endfacet
facet normal -0.7730104533627179 -0.6343932841636688 0
outer loop
vertex 80.9887827184519 -100.2350407504709 4
vertex 80.80223847178112 -100.00773592821912 1
vertex 80.9887827184519 -100.23504075047165 1
endloop
endfacet
facet normal -0.6343932841636822 -0.7730104533627069 0
outer loop
vertex 80.80223847178112 -100.00773592821972 4
vertex 80.57493364952862 -99.82119168154658 4
vertex 80.57493364952862 -99.82119168154718 1
endloop
endfacet
facet normal -0.6343932841636822 -0.7730104533627069 0
outer loop
vertex 80.80223847178112 -100.00773592821972 4
vertex 80.57493364952862 -99.82119168154718 1
vertex 80.80223847178112 -100.00773592821912 1
endloop
endfacet
facet normal -0.4713967368259944 -0.8819212643483568 0
outer loop
vertex 80.57493364952862 -99.82119168154658 4
vertex 80.31560344854711 -99.68257680123494 4
vertex 80.31560344854711 -99.6825768012341 1
endloop
endfacet
facet normal -0.4713967368259944 -0.8819212643483568 0
outer loop
vertex 80.57493364952862 -99.82119168154658 4
vertex 80.31560344854711 -99.6825768012341 1
vertex 80.57493364952862 -99.82119168154718 1
endloop
endfacet
facet normal -0.2902846772544619 -0.956940335732209 0
outer loop
vertex 80.31560344854711 -99.68257680123494 4
vertex 80.03421378302409 -99.59721817939653 4
vertex 80.03421378302409 -99.59721817939553 1
endloop
endfacet
facet normal -0.2902846772544619 -0.956940335732209 0
outer loop
vertex 80.31560344854711 -99.68257680123494 4
vertex 80.03421378302409 -99.59721817939553 1
vertex 80.31560344854711 -99.6825768012341 1
endloop
endfacet
facet normal -0.09801714032955997 -0.9951847266721969 0
outer loop
vertex 80.03421378302409 -99.59721817939653 4
vertex 79.74157830000006 -99.5683960999994 4
vertex 79.74157830000006 -99.5683960999994 1
endloop
endfacet
facet normal -0.09801714032955997 -0.9951847266721969 0
outer loop
vertex 80.03421378302409 -99.59721817939653 4
vertex 79.74157830000006 -99.5683960999994 1
vertex 80.03421378302409 -99.59721817939553 1
endloop
endfacet
facet normal 0.09801714032957415 -0.9951847266721956 0
outer loop
vertex 79.74157830000006 -99.5683960999994 4
vertex 79.44894281697594 -99.59721817939653 4
vertex 79.44894281697594 -99.59721817939653 1
endloop
endfacet
facet normal 0.09801714032957415 -0.9951847266721956 0
outer loop
vertex 79.74157830000006 -99.5683960999994 4
vertex 79.44894281697594 -99.59721817939653 1
vertex 79.74157830000006 -99.5683960999994 1
endloop
endfacet
facet normal 0.29028467725447593 -0.9569403357322049 0
outer loop
vertex 79.44894281697594 -99.59721817939653 4
vertex 79.16755315145294 -99.68257680123494 4
vertex 79.16755315145294 -99.68257680123494 1
endloop
endfacet
facet normal 0.29028467725447593 -0.9569403357322049 0
outer loop
vertex 79.44894281697594 -99.59721817939653 4
vertex 79.16755315145294 -99.68257680123494 1
vertex 79.44894281697594 -99.59721817939653 1
endloop
endfacet
facet normal 0.47139673682600847 -0.8819212643483494 0
outer loop
vertex 79.16755315145294 -99.68257680123494 4
vertex 78.90822295047082 -99.82119168154658 4
vertex 78.90822295047082 -99.82119168154658 1
endloop
endfacet
facet normal 0.47139673682600847 -0.8819212643483494 0
outer loop
vertex 79.16755315145294 -99.68257680123494 4
vertex 78.90822295047082 -99.82119168154658 1
vertex 79.16755315145294 -99.68257680123494 1
endloop
endfacet
facet normal 0.6343932841636518 -0.7730104533627319 0
outer loop
vertex 78.90822295047082 -99.82119168154658 4
vertex 78.68091812821979 -100.00773592821972 4
vertex 78.68091812821979 -100.00773592821972 1
endloop
endfacet
facet normal 0.6343932841636518 -0.7730104533627319 0
outer loop
vertex 78.90822295047082 -99.82119168154658 4
vertex 78.68091812821979 -100.00773592821972 1
vertex 78.90822295047082 -99.82119168154658 1
endloop
endfacet
facet normal 0.7730104533627319 -0.6343932841636518 0
outer loop
vertex 78.68091812821979 -100.00773592821972 4
vertex 78.49437388154652 -100.2350407504709 4
vertex 78.49437388154652 -100.2350407504709 1
endloop
endfacet
facet normal 0.7730104533627319 -0.6343932841636518 0
outer loop
vertex 78.68091812821979 -100.00773592821972 4
vertex 78.49437388154652 -100.2350407504709 1
vertex 78.68091812821979 -100.00773592821972 1
endloop
endfacet
facet normal 0.8819212643483493 -0.47139673682600836 0
outer loop
vertex 78.49437388154652 -100.2350407504709 4
vertex 78.35575900123256 -100.49437095145208 4
vertex 78.35575900123256 -100.49437095145208 1
endloop
endfacet
facet normal 0.8819212643483493 -0.47139673682600836 0
outer loop
vertex 78.49437388154652 -100.2350407504709 4
vertex 78.35575900123256 -100.49437095145208 1
vertex 78.49437388154652 -100.2350407504709 1
endloop
endfacet
facet normal 0.956940335732209 -0.2902846772544619 0
outer loop
vertex 78.35575900123256 -100.49437095145208 4
vertex 78.27040037939491 -100.77576061697573 4
vertex 78.27040037939491 -100.77576061697573 1
endloop
endfacet
facet normal 0.956940335732209 -0.2902846772544619 0
outer loop
vertex 78.35575900123256 -100.49437095145208 4
vertex 78.27040037939491 -100.77576061697573 1
vertex 78.35575900123256 -100.49437095145208 1
endloop
endfacet
facet normal 0.9951847266721969 -0.09801714032955997 0
outer loop
vertex 78.27040037939491 -100.77576061697573 4
vertex 78.24157830000013 -101.06839610000002 4
vertex 78.24157830000013 -101.06839610000002 1
endloop
endfacet
facet normal 0.9951847266721969 -0.09801714032955997 0
outer loop
vertex 78.27040037939491 -100.77576061697573 4
vertex 78.24157830000013 -101.06839610000002 1
vertex 78.27040037939491 -100.77576061697573 1
endloop
endfacet
facet normal 0.9951847266721969 0.09801714032955997 0
outer loop
vertex 78.24157830000013 -101.06839610000002 4
vertex 78.27040037939541 -101.36103158302417 4
vertex 78.27040037939541 -101.36103158302417 1
endloop
endfacet
facet normal 0.9951847266721969 0.09801714032955997 0
outer loop
vertex 78.24157830000013 -101.06839610000002 4
vertex 78.27040037939541 -101.36103158302417 1
vertex 78.24157830000013 -101.06839610000002 1
endloop
endfacet
facet normal 0.9569403357322133 0.2902846772544479 0
outer loop
vertex 78.27040037939541 -101.36103158302417 4
vertex 78.35575900123166 -101.64242124854806 4
vertex 78.35575900123166 -101.64242124854806 1
endloop
endfacet
facet normal 0.9569403357322133 0.2902846772544479 0
outer loop
vertex 78.27040037939541 -101.36103158302417 4
vertex 78.35575900123166 -101.64242124854806 1
vertex 78.27040037939541 -101.36103158302417 1
endloop
endfacet
facet normal 0.8819212643483587 0.4713967368259909 0
outer loop
vertex 78.35575900123166 -101.64242124854806 4
vertex 78.49437388154641 -101.90175144952931 4
vertex 78.49437388154641 -101.90175144952931 1
endloop
endfacet
facet normal 0.8819212643483587 0.4713967368259909 0
outer loop
vertex 78.35575900123166 -101.64242124854806 4
vertex 78.49437388154641 -101.90175144952931 1
vertex 78.35575900123166 -101.64242124854806 1
endloop
endfacet
facet normal 0.7730104533627319 0.6343932841636517 0
outer loop
vertex 78.49437388154641 -101.90175144952931 4
vertex 78.68091812822205 -102.12905627177828 4
vertex 78.68091812822205 -102.12905627177828 1
endloop
endfacet
facet normal 0.7730104533627319 0.6343932841636517 0
outer loop
vertex 78.49437388154641 -101.90175144952931 4
vertex 78.68091812822205 -102.12905627177828 1
vertex 78.49437388154641 -101.90175144952931 1
endloop
endfacet
facet normal 0.63439328416365 0.7730104533627331 0
outer loop
vertex 78.68091812822205 -102.12905627177828 4
vertex 78.90822295047174 -102.31560051845247 4
vertex 78.90822295047174 -102.31560051845247 1
endloop
endfacet
facet normal 0.63439328416365 0.7730104533627331 0
outer loop
vertex 78.68091812822205 -102.12905627177828 4
vertex 78.90822295047174 -102.31560051845247 1
vertex 78.68091812822205 -102.12905627177828 1
endloop
endfacet
facet normal 0.4713967368259944 0.8819212643483568 0
outer loop
vertex 78.90822295047174 -102.31560051845247 4
vertex 79.16755315145072 -102.45421539877003 4
vertex 79.16755315145072 -102.45421539877003 1
endloop
endfacet
facet normal 0.4713967368259944 0.8819212643483568 0
outer loop
vertex 78.90822295047174 -102.31560051845247 4
vertex 79.16755315145072 -102.45421539877003 1
vertex 78.90822295047174 -102.31560051845247 1
endloop
endfacet
facet normal 0.2902846772544769 0.9569403357322044 0
outer loop
vertex 79.16755315145072 -102.45421539877003 4
vertex 79.448942816976 -102.53957402060423 4
vertex 79.448942816976 -102.53957402060423 1
endloop
endfacet
facet normal 0.2902846772544769 0.9569403357322044 0
outer loop
vertex 79.16755315145072 -102.45421539877003 4
vertex 79.448942816976 -102.53957402060423 1
vertex 79.16755315145072 -102.45421539877003 1
endloop
endfacet
facet normal 0.09801714032956006 0.9951847266721969 0
outer loop
vertex 79.448942816976 -102.53957402060423 4
vertex 79.74157830000001 -102.56839609999979 4
vertex 79.74157830000001 -102.56839609999989 1
endloop
endfacet
facet normal 0.09801714032956006 0.9951847266721969 0
outer loop
vertex 79.448942816976 -102.53957402060423 4
vertex 79.74157830000001 -102.56839609999989 1
vertex 79.448942816976 -102.53957402060423 1
endloop
endfacet
facet normal -0.09801714032956006 0.9951847266721969 0
outer loop
vertex 79.74157830000001 -102.56839609999979 4
vertex 80.03421378302417 -102.53957402060423 4
vertex 80.03421378302417 -102.53957402060453 1
endloop
endfacet
facet normal -0.09801714032956006 0.9951847266721969 0
outer loop
vertex 79.74157830000001 -102.56839609999979 4
vertex 80.03421378302417 -102.53957402060453 1
vertex 79.74157830000001 -102.56839609999989 1
endloop
endfacet
facet normal -0.29028467725447593 0.9569403357322048 0
outer loop
vertex 80.03421378302417 -102.53957402060423 4
vertex 80.3156034485479 -102.45421539877003 4
vertex 80.3156034485479 -102.45421539876781 1
endloop
endfacet
facet normal -0.29028467725447593 0.9569403357322048 0
outer loop
vertex 80.03421378302417 -102.53957402060423 4
vertex 80.3156034485479 -102.45421539876781 1
vertex 80.03421378302417 -102.53957402060453 1
endloop
endfacet
facet normal -0.4713967368260224 0.8819212643483418 0
outer loop
vertex 80.3156034485479 -102.45421539877003 4
vertex 80.57493364952971 -102.31560051845247 4
vertex 80.57493364952971 -102.31560051845439 1
endloop
endfacet
facet normal -0.4713967368260224 0.8819212643483418 0
outer loop
vertex 80.3156034485479 -102.45421539877003 4
vertex 80.57493364952971 -102.31560051845439 1
vertex 80.3156034485479 -102.45421539876781 1
endloop
endfacet
facet normal -0.6343932841636518 0.7730104533627319 0
outer loop
vertex 80.57493364952971 -102.31560051845247 4
vertex 80.80223847177942 -102.12905627177828 4
vertex 80.80223847177942 -102.12905627177933 1
endloop
endfacet
facet normal -0.6343932841636518 0.7730104533627319 0
outer loop
vertex 80.57493364952971 -102.31560051845247 4
vertex 80.80223847177942 -102.12905627177933 1
vertex 80.57493364952971 -102.31560051845439 1
endloop
endfacet
facet normal -0.7730104533627248 0.6343932841636603 0
outer loop
vertex 80.80223847177942 -102.12905627177828 4
vertex 80.98878271845379 -101.90175144952931 4
vertex 80.98878271845379 -101.90175144952937 1
endloop
endfacet
facet normal -0.7730104533627248 0.6343932841636603 0
outer loop
vertex 80.80223847177942 -102.12905627177828 4
vertex 80.98878271845379 -101.90175144952937 1
vertex 80.80223847177942 -102.12905627177933 1
endloop
endfacet
facet normal -0.8819212643483493 0.47139673682600836 0
outer loop
vertex 80.98878271845379 -101.90175144952931 4
vertex 81.12739759876663 -101.64242124854806 4
vertex 81.12739759876663 -101.64242124854748 1
endloop
endfacet
facet normal -0.8819212643483493 0.47139673682600836 0
outer loop
vertex 80.98878271845379 -101.90175144952931 4
vertex 81.12739759876663 -101.64242124854748 1
vertex 80.98878271845379 -101.90175144952937 1
endloop
endfacet
facet normal -0.9569403357322087 0.2902846772544629 0
outer loop
vertex 81.12739759876663 -101.64242124854806 4
vertex 81.21275622060486 -101.36103158302417 4
vertex 81.21275622060486 -101.3610315830242 1
endloop
endfacet
facet normal -0.9569403357322087 0.2902846772544629 0
outer loop
vertex 81.12739759876663 -101.64242124854806 4
vertex 81.21275622060486 -101.3610315830242 1
vertex 81.12739759876663 -101.64242124854748 1
endloop
endfacet
facet normal -0.9951847266721969 0.09801714032956006 0
outer loop
vertex 68.21599072060577 -137.06935118302428 4
vertex 68.24481280000093 -136.7767157000001 4
vertex 68.24481280000093 -136.7767157000001 1
endloop
endfacet
facet normal -0.9951847266721969 0.09801714032956006 0
outer loop
vertex 68.21599072060577 -137.06935118302428 4
vertex 68.24481280000093 -136.7767157000001 1
vertex 68.21599072060577 -137.06935118302428 1
endloop
endfacet
facet normal -0.9951847266721956 -0.09801714032957415 0
outer loop
vertex 68.24481280000093 -136.7767157000001 4
vertex 68.21599072060638 -136.48408021697577 4
vertex 68.21599072060638 -136.48408021697568 1
endloop
endfacet
facet normal -0.9951847266721956 -0.09801714032957415 0
outer loop
vertex 68.24481280000093 -136.7767157000001 4
vertex 68.21599072060638 -136.48408021697568 1
vertex 68.24481280000093 -136.7767157000001 1
endloop
endfacet
facet normal -0.9569403357322133 -0.2902846772544479 0
outer loop
vertex 68.21599072060638 -136.48408021697577 4
vertex 68.13063209876807 -136.2026905514523 4
vertex 68.13063209876807 -136.20269055145206 1
endloop
endfacet
facet normal -0.9569403357322133 -0.2902846772544479 0
outer loop
vertex 68.21599072060638 -136.48408021697577 4
vertex 68.13063209876807 -136.20269055145206 1
vertex 68.21599072060638 -136.48408021697568 1
endloop
endfacet
facet normal -0.8819212643483584 -0.4713967368259913 0
outer loop
vertex 68.13063209876807 -136.2026905514523 4
vertex 67.99201721845267 -135.94336035047064 4
vertex 67.99201721845267 -135.94336035047127 1
endloop
endfacet
facet normal -0.8819212643483584 -0.4713967368259913 0
outer loop
vertex 68.13063209876807 -136.2026905514523 4
vertex 67.99201721845267 -135.94336035047127 1
vertex 68.13063209876807 -136.20269055145206 1
endloop
endfacet
facet normal -0.7730104533627206 -0.6343932841636656 0
outer loop
vertex 67.99201721845267 -135.94336035047064 4
vertex 67.8054729717798 -135.71605552821902 4
vertex 67.8054729717798 -135.7160555282202 1
endloop
endfacet
facet normal -0.7730104533627206 -0.6343932841636656 0
outer loop
vertex 67.99201721845267 -135.94336035047064 4
vertex 67.8054729717798 -135.7160555282202 1
vertex 67.99201721845267 -135.94336035047127 1
endloop
endfacet
facet normal -0.6343932841636208 -0.7730104533627572 0
outer loop
vertex 67.8054729717798 -135.71605552821902 4
vertex 67.57816814952994 -135.52951128154785 4
vertex 67.57816814952994 -135.52951128154555 1
endloop
endfacet
facet normal -0.6343932841636208 -0.7730104533627572 0
outer loop
vertex 67.8054729717798 -135.71605552821902 4
vertex 67.57816814952994 -135.52951128154555 1
vertex 67.8054729717798 -135.7160555282202 1
endloop
endfacet
facet normal -0.4713967368260505 -0.881921264348327 0
outer loop
vertex 67.57816814952994 -135.52951128154785 4
vertex 67.3188379485484 -135.3908964012334 4
vertex 67.3188379485484 -135.3908964012317 1
endloop
endfacet
facet normal -0.4713967368260505 -0.881921264348327 0
outer loop
vertex 67.57816814952994 -135.52951128154785 4
vertex 67.3188379485484 -135.3908964012317 1
vertex 67.57816814952994 -135.52951128154555 1
endloop
endfacet
facet normal -0.29028467725447593 -0.9569403357322048 0
outer loop
vertex 67.3188379485484 -135.3908964012334 4
vertex 67.03744828302445 -135.30553777939414 4
vertex 67.03744828302445 -135.30553777939443 1
endloop
endfacet
facet normal -0.29028467725447593 -0.9569403357322048 0
outer loop
vertex 67.3188379485484 -135.3908964012334 4
vertex 67.03744828302445 -135.30553777939443 1
vertex 67.3188379485484 -135.3908964012317 1
endloop
endfacet
facet normal 0.09801714032957415 -0.9951847266721956 0
outer loop
vertex 66.74481279999989 -135.27671570000138 4
vertex 66.4521773169757 -135.30553777939414 4
vertex 66.4521773169757 -135.30553777939414 1
endloop
endfacet
facet normal 0.09801714032957415 -0.9951847266721956 0
outer loop
vertex 66.74481279999989 -135.27671570000138 4
vertex 66.4521773169757 -135.30553777939414 1
vertex 66.74481279999989 -135.27671570000138 1
endloop
endfacet
facet normal 0.2902846772544479 -0.9569403357322133 0
outer loop
vertex 66.4521773169757 -135.30553777939414 4
vertex 66.17078765145247 -135.3908964012334 4
vertex 66.17078765145247 -135.3908964012334 1
endloop
endfacet
facet normal 0.2902846772544479 -0.9569403357322133 0
outer loop
vertex 66.4521773169757 -135.30553777939414 4
vertex 66.17078765145247 -135.3908964012334 1
vertex 66.4521773169757 -135.30553777939414 1
endloop
endfacet
facet normal 0.4713967368260534 -0.8819212643483252 0
outer loop
vertex 66.17078765145247 -135.3908964012334 4
vertex 65.91145745047149 -135.52951128154785 4
vertex 65.91145745047149 -135.52951128154785 1
endloop
endfacet
facet normal 0.4713967368260534 -0.8819212643483252 0
outer loop
vertex 66.17078765145247 -135.3908964012334 4
vertex 65.91145745047149 -135.52951128154785 1
vertex 66.17078765145247 -135.3908964012334 1
endloop
endfacet
facet normal 0.63439328416359 -0.7730104533627825 0
outer loop
vertex 65.91145745047149 -135.52951128154785 4
vertex 65.68415262821922 -135.71605552821902 4
vertex 65.68415262821922 -135.71605552821902 1
endloop
endfacet
facet normal 0.63439328416359 -0.7730104533627825 0
outer loop
vertex 65.91145745047149 -135.52951128154785 4
vertex 65.68415262821922 -135.71605552821902 1
vertex 65.91145745047149 -135.52951128154785 1
endloop
endfacet
facet normal 0.7730104533627445 -0.6343932841636364 0
outer loop
vertex 65.68415262821922 -135.71605552821902 4
vertex 65.49760838154624 -135.94336035047064 4
vertex 65.49760838154624 -135.94336035047064 1
endloop
endfacet
facet normal 0.7730104533627445 -0.6343932841636364 0
outer loop
vertex 65.68415262821922 -135.71605552821902 4
vertex 65.49760838154624 -135.94336035047064 1
vertex 65.68415262821922 -135.71605552821902 1
endloop
endfacet
facet normal 0.8819212643483494 -0.47139673682600847 0
outer loop
vertex 65.49760838154624 -135.94336035047064 4
vertex 65.35899350123286 -136.2026905514523 4
vertex 65.35899350123286 -136.2026905514523 1
endloop
endfacet
facet normal 0.8819212643483494 -0.47139673682600847 0
outer loop
vertex 65.49760838154624 -135.94336035047064 4
vertex 65.35899350123286 -136.2026905514523 1
vertex 65.49760838154624 -135.94336035047064 1
endloop
endfacet
facet normal 0.9569403357322133 -0.2902846772544479 0
outer loop
vertex 65.35899350123286 -136.2026905514523 4
vertex 65.27363487939493 -136.48408021697577 4
vertex 65.27363487939493 -136.48408021697577 1
endloop
endfacet
facet normal 0.9569403357322133 -0.2902846772544479 0
outer loop
vertex 65.35899350123286 -136.2026905514523 4
vertex 65.27363487939493 -136.48408021697577 1
vertex 65.35899350123286 -136.2026905514523 1
endloop
endfacet
facet normal 0.9951847266721969 -0.09801714032955997 0
outer loop
vertex 65.27363487939493 -136.48408021697577 4
vertex 65.24481280000082 -136.7767157000001 4
vertex 65.24481280000082 -136.7767157000001 1
endloop
endfacet
facet normal 0.9951847266721969 -0.09801714032955997 0
outer loop
vertex 65.27363487939493 -136.48408021697577 4
vertex 65.24481280000082 -136.7767157000001 1
vertex 65.27363487939493 -136.48408021697577 1
endloop
endfacet
facet normal 0.9951847266721969 0.09801714032955997 0
outer loop
vertex 65.24481280000082 -136.7767157000001 4
vertex 65.27363487939428 -137.06935118302428 4
vertex 65.27363487939428 -137.06935118302428 1
endloop
endfacet
facet normal 0.9951847266721969 0.09801714032955997 0
outer loop
vertex 65.24481280000082 -136.7767157000001 4
vertex 65.27363487939428 -137.06935118302428 1
vertex 65.24481280000082 -136.7767157000001 1
endloop
endfacet
facet normal 0.9569403357322133 0.2902846772544479 0
outer loop
vertex 65.27363487939428 -137.06935118302428 4
vertex 65.35899350123337 -137.35074084854756 4
vertex 65.35899350123337 -137.35074084854756 1
endloop
endfacet
facet normal 0.9569403357322133 0.2902846772544479 0
outer loop
vertex 65.27363487939428 -137.06935118302428 4
vertex 65.35899350123337 -137.35074084854756 1
vertex 65.27363487939428 -137.06935118302428 1
endloop
endfacet
facet normal 0.8819212643483403 0.47139673682602545 0
outer loop
vertex 65.35899350123337 -137.35074084854756 4
vertex 65.49760838154684 -137.61007104952907 4
vertex 65.49760838154684 -137.61007104952907 1
endloop
endfacet
facet normal 0.8819212643483403 0.47139673682602545 0
outer loop
vertex 65.35899350123337 -137.35074084854756 4
vertex 65.49760838154684 -137.61007104952907 1
vertex 65.35899350123337 -137.35074084854756 1
endloop
endfacet
facet normal 0.7730104533627395 0.6343932841636424 0
outer loop
vertex 65.49760838154684 -137.61007104952907 4
vertex 65.68415262821848 -137.83737587178126 4
vertex 65.68415262821848 -137.83737587178126 1
endloop
endfacet
facet normal 0.7730104533627395 0.6343932841636424 0
outer loop
vertex 65.49760838154684 -137.61007104952907 4
vertex 65.68415262821848 -137.83737587178126 1
vertex 65.49760838154684 -137.61007104952907 1
endloop
endfacet
facet normal 0.6343932841635934 0.7730104533627797 0
outer loop
vertex 65.68415262821848 -137.83737587178126 4
vertex 65.9114574504717 -138.02392011845248 4
vertex 65.9114574504717 -138.02392011845248 1
endloop
endfacet
facet normal 0.6343932841635934 0.7730104533627797 0
outer loop
vertex 65.68415262821848 -137.83737587178126 4
vertex 65.9114574504717 -138.02392011845248 1
vertex 65.68415262821848 -137.83737587178126 1
endloop
endfacet
facet normal 0.29028467725447593 0.9569403357322048 0
outer loop
vertex 66.17078765145189 -138.16253499876794 4
vertex 66.45217731697605 -138.24789362060412 4
vertex 66.45217731697605 -138.24789362060412 1
endloop
endfacet
facet normal 0.29028467725447593 0.9569403357322048 0
outer loop
vertex 66.17078765145189 -138.16253499876794 4
vertex 66.45217731697605 -138.24789362060412 1
vertex 66.17078765145189 -138.16253499876794 1
endloop
endfacet
facet normal 0.09801714032957415 0.9951847266721956 0
outer loop
vertex 66.45217731697605 -138.24789362060412 4
vertex 66.74481279999995 -138.2767157 4
vertex 66.74481279999995 -138.27671570000064 1
endloop
endfacet
facet normal 0.09801714032957415 0.9951847266721956 0
outer loop
vertex 66.45217731697605 -138.24789362060412 4
vertex 66.74481279999995 -138.27671570000064 1
vertex 66.45217731697605 -138.24789362060412 1
endloop
endfacet
facet normal -0.09801714032957415 0.9951847266721956 0
outer loop
vertex 66.74481279999995 -138.2767157 4
vertex 67.03744828302416 -138.24789362060412 4
vertex 67.03744828302416 -138.2478936206043 1
endloop
endfacet
facet normal -0.09801714032957415 0.9951847266721956 0
outer loop
vertex 66.74481279999995 -138.2767157 4
vertex 67.03744828302416 -138.2478936206043 1
vertex 66.74481279999995 -138.27671570000064 1
endloop
endfacet
facet normal -0.2902846772544479 0.9569403357322133 0
outer loop
vertex 67.03744828302416 -138.24789362060412 4
vertex 67.31883794854772 -138.16253499876794 4
vertex 67.31883794854772 -138.16253499876723 1
endloop
endfacet
facet normal -0.2902846772544479 0.9569403357322133 0
outer loop
vertex 67.03744828302416 -138.24789362060412 4
vertex 67.31883794854772 -138.16253499876723 1
vertex 67.03744828302416 -138.2478936206043 1
endloop
endfacet
facet normal -0.4713967368260534 0.8819212643483252 0
outer loop
vertex 67.31883794854772 -138.16253499876794 4
vertex 67.57816814952949 -138.02392011845248 4
vertex 67.57816814952949 -138.023920118454 1
endloop
endfacet
facet normal -0.4713967368260534 0.8819212643483252 0
outer loop
vertex 67.31883794854772 -138.16253499876794 4
vertex 67.57816814952949 -138.023920118454 1
vertex 67.31883794854772 -138.16253499876723 1
endloop
endfacet
facet normal -0.6343932841636054 0.7730104533627699 0
outer loop
vertex 67.57816814952949 -138.02392011845248 4
vertex 67.80547297177984 -137.83737587178126 4
vertex 67.80547297177984 -137.83737587177987 1
endloop
endfacet
facet normal -0.6343932841636054 0.7730104533627699 0
outer loop
vertex 67.57816814952949 -138.02392011845248 4
vertex 67.80547297177984 -137.83737587177987 1
vertex 67.57816814952949 -138.023920118454 1
endloop
endfacet
facet normal -0.7730104533627374 0.6343932841636448 0
outer loop
vertex 67.80547297177984 -137.83737587178126 4
vertex 67.99201721845319 -137.61007104952907 4
vertex 67.99201721845319 -137.6100710495289 1
endloop
endfacet
facet normal -0.7730104533627374 0.6343932841636448 0
outer loop
vertex 67.80547297177984 -137.83737587178126 4
vertex 67.99201721845319 -137.6100710495289 1
vertex 67.80547297177984 -137.83737587177987 1
endloop
endfacet
facet normal -0.8819212643483494 0.47139673682600847 0
outer loop
vertex 67.99201721845319 -137.61007104952907 4
vertex 68.13063209876674 -137.35074084854756 4
vertex 68.13063209876674 -137.35074084854756 1
endloop
endfacet
facet normal -0.8819212643483494 0.47139673682600847 0
outer loop
vertex 67.99201721845319 -137.61007104952907 4
vertex 68.13063209876674 -137.35074084854756 1
vertex 67.99201721845319 -137.6100710495289 1
endloop
endfacet
facet normal -0.9569403357322133 0.2902846772544479 0
outer loop
vertex 68.13063209876674 -137.35074084854756 4
vertex 68.21599072060577 -137.06935118302428 4
vertex 68.21599072060577 -137.06935118302428 1
endloop
endfacet
facet normal -0.9569403357322133 0.2902846772544479 0
outer loop
vertex 68.13063209876674 -137.35074084854756 4
vertex 68.21599072060577 -137.06935118302428 1
vertex 68.13063209876674 -137.35074084854756 1
endloop
endfacet
facet normal -0.9951847266721956 0.09801714032957415 0
outer loop
vertex 139.2556994206039 -108.54620648302419 4
vertex 139.28452149999904 -108.25357099999987 4
vertex 139.28452149999904 -108.25357099999992 1
endloop
endfacet
facet normal -0.9951847266721956 0.09801714032957415 0
outer loop
vertex 139.2556994206039 -108.54620648302419 4
vertex 139.28452149999904 -108.25357099999992 1
vertex 139.2556994206039 -108.54620648302411 1
endloop
endfacet
facet normal -0.9951847266721984 -0.09801714032954582 0
outer loop
vertex 139.28452149999904 -108.25357099999987 4
vertex 139.25569942060497 -107.96093551697604 4
vertex 139.25569942060497 -107.96093551697578 1
endloop
endfacet
facet normal -0.9951847266721984 -0.09801714032954582 0
outer loop
vertex 139.28452149999904 -108.25357099999987 4
vertex 139.25569942060497 -107.96093551697578 1
vertex 139.28452149999904 -108.25357099999992 1
endloop
endfacet
facet normal -0.9569403357322092 -0.29028467725446194 0
outer loop
vertex 139.25569942060497 -107.96093551697604 4
vertex 139.17034079876822 -107.67954585145232 4
vertex 139.17034079876822 -107.67954585145193 1
endloop
endfacet
facet normal -0.9569403357322092 -0.29028467725446194 0
outer loop
vertex 139.25569942060497 -107.96093551697604 4
vertex 139.17034079876822 -107.67954585145193 1
vertex 139.25569942060497 -107.96093551697578 1
endloop
endfacet
facet normal -0.8819212643483223 -0.47139673682605887 0
outer loop
vertex 139.17034079876822 -107.67954585145232 4
vertex 139.03172591845194 -107.42021565047052 4
vertex 139.03172591845194 -107.42021565047159 1
endloop
endfacet
facet normal -0.8819212643483223 -0.47139673682605887 0
outer loop
vertex 139.17034079876822 -107.67954585145232 4
vertex 139.03172591845194 -107.42021565047159 1
vertex 139.17034079876822 -107.67954585145193 1
endloop
endfacet
facet normal -0.7730104533627716 -0.6343932841636032 0
outer loop
vertex 139.03172591845194 -107.42021565047052 4
vertex 138.84518167177714 -107.19291082822009 4
vertex 138.84518167177714 -107.19291082822242 1
endloop
endfacet
facet normal -0.7730104533627716 -0.6343932841636032 0
outer loop
vertex 139.03172591845194 -107.42021565047052 4
vertex 138.84518167177714 -107.19291082822242 1
vertex 139.03172591845194 -107.42021565047159 1
endloop
endfacet
facet normal -0.6343932841636432 -0.7730104533627389 0
outer loop
vertex 138.84518167177714 -107.19291082822009 4
vertex 138.61787684952762 -107.0063665815457 4
vertex 138.61787684952762 -107.00636658154836 1
endloop
endfacet
facet normal -0.6343932841636432 -0.7730104533627389 0
outer loop
vertex 138.84518167177714 -107.19291082822009 4
vertex 138.61787684952762 -107.00636658154836 1
vertex 138.84518167177714 -107.19291082822242 1
endloop
endfacet
facet normal -0.4713967368259909 -0.8819212643483587 0
outer loop
vertex 138.61787684952762 -107.0063665815457 4
vertex 138.35854664854918 -106.8677517012328 4
vertex 138.35854664854918 -106.86775170123026 1
endloop
endfacet
facet normal -0.4713967368259909 -0.8819212643483587 0
outer loop
vertex 138.61787684952762 -107.0063665815457 4
vertex 138.35854664854918 -106.86775170123026 1
vertex 138.61787684952762 -107.00636658154836 1
endloop
endfacet
facet normal -0.2902846772544479 -0.9569403357322133 0
outer loop
vertex 138.35854664854918 -106.8677517012328 4
vertex 138.07715698302408 -106.78239307939589 4
vertex 138.07715698302408 -106.78239307939555 1
endloop
endfacet
facet normal -0.2902846772544479 -0.9569403357322133 0
outer loop
vertex 138.35854664854918 -106.8677517012328 4
vertex 138.07715698302408 -106.78239307939555 1
vertex 138.35854664854918 -106.86775170123026 1
endloop
endfacet
facet normal -0.09801714032956006 -0.9951847266721969 0
outer loop
vertex 138.07715698302408 -106.78239307939589 4
vertex 137.7845215000001 -106.7535709999991 4
vertex 137.7845215000001 -106.7535709999991 1
endloop
endfacet
facet normal -0.09801714032956006 -0.9951847266721969 0
outer loop
vertex 138.07715698302408 -106.78239307939589 4
vertex 137.7845215000001 -106.7535709999991 1
vertex 138.07715698302408 -106.78239307939555 1
endloop
endfacet
facet normal 0.09801714032956006 -0.9951847266721969 0
outer loop
vertex 137.7845215000001 -106.7535709999991 4
vertex 137.4918860169759 -106.78239307939589 4
vertex 137.4918860169759 -106.78239307939589 1
endloop
endfacet
facet normal 0.09801714032956006 -0.9951847266721969 0
outer loop
vertex 137.7845215000001 -106.7535709999991 4
vertex 137.4918860169759 -106.78239307939589 1
vertex 137.7845215000001 -106.7535709999991 1
endloop
endfacet
facet normal 0.2902846772544479 -0.9569403357322133 0
outer loop
vertex 137.4918860169759 -106.78239307939589 4
vertex 137.21049635145232 -106.8677517012328 4
vertex 137.21049635145232 -106.8677517012328 1
endloop
endfacet
facet normal 0.2902846772544479 -0.9569403357322133 0
outer loop
vertex 137.4918860169759 -106.78239307939589 4
vertex 137.21049635145232 -106.8677517012328 1
vertex 137.4918860169759 -106.78239307939589 1
endloop
endfacet
facet normal 0.4713967368259914 -0.8819212643483584 0
outer loop
vertex 137.21049635145232 -106.8677517012328 4
vertex 136.95116615047036 -107.0063665815457 4
vertex 136.95116615047036 -107.0063665815457 1
endloop
endfacet
facet normal 0.4713967368259914 -0.8819212643483584 0
outer loop
vertex 137.21049635145232 -106.8677517012328 4
vertex 136.95116615047036 -107.0063665815457 1
vertex 137.21049635145232 -106.8677517012328 1
endloop
endfacet
facet normal 0.6343932841636518 -0.7730104533627319 0
outer loop
vertex 136.95116615047036 -107.0063665815457 4
vertex 136.72386132822012 -107.19291082822009 4
vertex 136.72386132822012 -107.19291082822009 1
endloop
endfacet
facet normal 0.6343932841636518 -0.7730104533627319 0
outer loop
vertex 136.95116615047036 -107.0063665815457 4
vertex 136.72386132822012 -107.19291082822009 1
vertex 136.95116615047036 -107.0063665815457 1
endloop
endfacet
facet normal 0.7730104533627572 -0.6343932841636208 0
outer loop
vertex 136.72386132822012 -107.19291082822009 4
vertex 136.53731708154612 -107.42021565047052 4
vertex 136.53731708154612 -107.42021565047052 1
endloop
endfacet
facet normal 0.7730104533627572 -0.6343932841636208 0
outer loop
vertex 136.72386132822012 -107.19291082822009 4
vertex 136.53731708154612 -107.42021565047052 1
vertex 136.72386132822012 -107.19291082822009 1
endloop
endfacet
facet normal 0.8819212643483284 -0.47139673682604744 0
outer loop
vertex 136.53731708154612 -107.42021565047052 4
vertex 136.398702201233 -107.67954585145232 4
vertex 136.398702201233 -107.67954585145232 1
endloop
endfacet
facet normal 0.8819212643483284 -0.47139673682604744 0
outer loop
vertex 136.53731708154612 -107.42021565047052 4
vertex 136.398702201233 -107.67954585145232 1
vertex 136.53731708154612 -107.42021565047052 1
endloop
endfacet
facet normal 0.9569403357322133 -0.2902846772544479 0
outer loop
vertex 136.398702201233 -107.67954585145232 4
vertex 136.31334357939588 -107.96093551697604 4
vertex 136.31334357939588 -107.96093551697604 1
endloop
endfacet
facet normal 0.9569403357322133 -0.2902846772544479 0
outer loop
vertex 136.398702201233 -107.67954585145232 4
vertex 136.31334357939588 -107.96093551697604 1
vertex 136.398702201233 -107.67954585145232 1
endloop
endfacet
facet normal 0.9951847266721984 -0.09801714032954582 0
outer loop
vertex 136.31334357939588 -107.96093551697604 4
vertex 136.28452149999868 -108.25357099999987 4
vertex 136.28452149999868 -108.25357099999987 1
endloop
endfacet
facet normal 0.9951847266721984 -0.09801714032954582 0
outer loop
vertex 136.31334357939588 -107.96093551697604 4
vertex 136.28452149999868 -108.25357099999987 1
vertex 136.31334357939588 -107.96093551697604 1
endloop
endfacet
facet normal 0.9951847266721984 0.09801714032954582 0
outer loop
vertex 136.28452149999868 -108.25357099999987 4
vertex 136.31334357939545 -108.54620648302419 4
vertex 136.31334357939545 -108.54620648302419 1
endloop
endfacet
facet normal 0.9951847266721984 0.09801714032954582 0
outer loop
vertex 136.28452149999868 -108.25357099999987 4
vertex 136.31334357939545 -108.54620648302419 1
vertex 136.28452149999868 -108.25357099999987 1
endloop
endfacet
facet normal 0.9569403357322217 0.2902846772544199 0
outer loop
vertex 136.31334357939545 -108.54620648302419 4
vertex 136.39870220123387 -108.82759614854737 4
vertex 136.39870220123387 -108.82759614854737 1
endloop
endfacet
facet normal 0.9569403357322217 0.2902846772544199 0
outer loop
vertex 136.31334357939545 -108.54620648302419 4
vertex 136.39870220123387 -108.82759614854737 1
vertex 136.31334357939545 -108.54620648302419 1
endloop
endfacet
facet normal 0.8819212643483297 0.4713967368260449 0
outer loop
vertex 136.39870220123387 -108.82759614854737 4
vertex 136.53731708154635 -109.08692634952932 4
vertex 136.53731708154635 -109.08692634952932 1
endloop
endfacet
facet normal 0.8819212643483297 0.4713967368260449 0
outer loop
vertex 136.39870220123387 -108.82759614854737 4
vertex 136.53731708154635 -109.08692634952932 1
vertex 136.39870220123387 -108.82759614854737 1
endloop
endfacet
facet normal 0.7730104533627828 0.6343932841635896 0
outer loop
vertex 136.53731708154635 -109.08692634952932 4
vertex 136.72386132821794 -109.31423117178166 4
vertex 136.72386132821794 -109.31423117178166 1
endloop
endfacet
facet normal 0.7730104533627828 0.6343932841635896 0
outer loop
vertex 136.53731708154635 -109.08692634952932 4
vertex 136.72386132821794 -109.31423117178166 1
vertex 136.53731708154635 -109.08692634952932 1
endloop
endfacet
facet normal 0.6343932841636517 0.7730104533627318 0
outer loop
vertex 136.72386132821794 -109.31423117178166 4
vertex 136.9511661504699 -109.50077541845471 4
vertex 136.9511661504699 -109.50077541845471 1
endloop
endfacet
facet normal 0.6343932841636517 0.7730104533627318 0
outer loop
vertex 136.72386132821794 -109.31423117178166 4
vertex 136.9511661504699 -109.50077541845471 1
vertex 136.72386132821794 -109.31423117178166 1
endloop
endfacet
facet normal 0.47139673682602595 0.88192126434834 0
outer loop
vertex 136.9511661504699 -109.50077541845471 4
vertex 137.21049635145187 -109.6393902987679 4
vertex 137.21049635145187 -109.6393902987679 1
endloop
endfacet
facet normal 0.47139673682602595 0.88192126434834 0
outer loop
vertex 136.9511661504699 -109.50077541845471 4
vertex 137.21049635145187 -109.6393902987679 1
vertex 136.9511661504699 -109.50077541845471 1
endloop
endfacet
facet normal 0.2902846772544479 0.9569403357322133 0
outer loop
vertex 137.21049635145187 -109.6393902987679 4
vertex 137.4918860169757 -109.72474892060526 4
vertex 137.4918860169757 -109.72474892060526 1
endloop
endfacet
facet normal 0.2902846772544479 0.9569403357322133 0
outer loop
vertex 137.21049635145187 -109.6393902987679 4
vertex 137.4918860169757 -109.72474892060526 1
vertex 137.21049635145187 -109.6393902987679 1
endloop
endfacet
facet normal 0.09801714032956006 0.9951847266721969 0
outer loop
vertex 137.4918860169757 -109.72474892060526 4
vertex 137.78452150000015 -109.7535709999997 4
vertex 137.78452150000015 -109.75357099999864 1
endloop
endfacet
facet normal 0.09801714032956006 0.9951847266721969 0
outer loop
vertex 137.4918860169757 -109.72474892060526 4
vertex 137.78452150000015 -109.75357099999864 1
vertex 137.4918860169757 -109.72474892060526 1
endloop
endfacet
facet normal -0.09801714032956006 0.9951847266721969 0
outer loop
vertex 137.78452150000015 -109.7535709999997 4
vertex 138.07715698302428 -109.72474892060526 4
vertex 138.07715698302428 -109.7247489206056 1
endloop
endfacet
facet normal -0.09801714032956006 0.9951847266721969 0
outer loop
vertex 137.78452150000015 -109.7535709999997 4
vertex 138.07715698302428 -109.7247489206056 1
vertex 137.78452150000015 -109.75357099999864 1
endloop
endfacet
facet normal -0.2902846772544479 0.9569403357322133 0
outer loop
vertex 138.07715698302428 -109.72474892060526 4
vertex 138.35854664854756 -109.6393902987679 4
vertex 138.35854664854756 -109.63939029876663 1
endloop
endfacet
facet normal -0.2902846772544479 0.9569403357322133 0
outer loop
vertex 138.07715698302428 -109.72474892060526 4
vertex 138.35854664854756 -109.63939029876663 1
vertex 138.07715698302428 -109.7247489206056 1
endloop
endfacet
facet normal -0.4713967368259914 0.8819212643483584 0
outer loop
vertex 138.35854664854756 -109.6393902987679 4
vertex 138.6178768495297 -109.50077541845471 4
vertex 138.6178768495297 -109.50077541845431 1
endloop
endfacet
facet normal -0.4713967368259914 0.8819212643483584 0
outer loop
vertex 138.35854664854756 -109.6393902987679 4
vertex 138.6178768495297 -109.50077541845431 1
vertex 138.35854664854756 -109.63939029876663 1
endloop
endfacet
facet normal -0.6343932841636448 0.7730104533627375 0
outer loop
vertex 138.6178768495297 -109.50077541845471 4
vertex 138.8451816717793 -109.31423117178166 4
vertex 138.8451816717793 -109.31423117177913 1
endloop
endfacet
facet normal -0.6343932841636448 0.7730104533627375 0
outer loop
vertex 138.6178768495297 -109.50077541845471 4
vertex 138.8451816717793 -109.31423117177913 1
vertex 138.6178768495297 -109.50077541845431 1
endloop
endfacet
facet normal -0.7730104533627825 0.63439328416359 0
outer loop
vertex 138.8451816717793 -109.31423117178166 4
vertex 139.03172591845373 -109.08692634952932 4
vertex 139.03172591845373 -109.08692634952934 1
endloop
endfacet
facet normal -0.7730104533627825 0.63439328416359 0
outer loop
vertex 138.8451816717793 -109.31423117178166 4
vertex 139.03172591845373 -109.08692634952934 1
vertex 138.8451816717793 -109.31423117177913 1
endloop
endfacet
facet normal -0.8819212643483253 0.47139673682605343 0
outer loop
vertex 139.03172591845373 -109.08692634952932 4
vertex 139.17034079876683 -108.82759614854737 4
vertex 139.17034079876683 -108.82759614854757 1
endloop
endfacet
facet normal -0.8819212643483253 0.47139673682605343 0
outer loop
vertex 139.03172591845373 -109.08692634952932 4
vertex 139.17034079876683 -108.82759614854757 1
vertex 139.03172591845373 -109.08692634952934 1
endloop
endfacet
facet normal -0.9569403357322133 0.2902846772544479 0
outer loop
vertex 139.17034079876683 -108.82759614854737 4
vertex 139.2556994206039 -108.54620648302419 4
vertex 139.2556994206039 -108.54620648302411 1
endloop
endfacet
facet normal -0.9569403357322133 0.2902846772544479 0
outer loop
vertex 139.17034079876683 -108.82759614854737 4
vertex 139.2556994206039 -108.54620648302411 1
vertex 139.17034079876683 -108.82759614854757 1
endloop
endfacet
facet normal -0.9951847266721956 0.09801714032957415 0
outer loop
vertex 126.58385312060376 -143.36181808302427 4
vertex 126.61267519999892 -143.06918259999995 4
vertex 126.61267519999892 -143.0691825999999 1
endloop
endfacet
facet normal -0.9951847266721956 0.09801714032957415 0
outer loop
vertex 126.58385312060376 -143.36181808302427 4
vertex 126.61267519999892 -143.0691825999999 1
vertex 126.58385312060376 -143.3618180830241 1
endloop
endfacet
facet normal -0.9951847266721956 -0.09801714032957415 0
outer loop
vertex 126.61267519999892 -143.06918259999995 4
vertex 126.58385312060435 -142.7765471169754 4
vertex 126.58385312060435 -142.7765471169759 1
endloop
endfacet
facet normal -0.9951847266721956 -0.09801714032957415 0
outer loop
vertex 126.61267519999892 -143.06918259999995 4
vertex 126.58385312060435 -142.7765471169759 1
vertex 126.61267519999892 -143.0691825999999 1
endloop
endfacet
facet normal -0.9569403357322133 -0.2902846772544479 0
outer loop
vertex 126.58385312060435 -142.7765471169754 4
vertex 126.49849449876734 -142.49515745145268 4
vertex 126.49849449876734 -142.49515745145223 1
endloop
endfacet
facet normal -0.9569403357322133 -0.2902846772544479 0
outer loop
vertex 126.58385312060435 -142.7765471169754 4
vertex 126.49849449876734 -142.49515745145223 1
vertex 126.58385312060435 -142.7765471169759 1
endloop
endfacet
facet normal -0.8819212643483568 -0.4713967368259944 0
outer loop
vertex 126.49849449876734 -142.49515745145268 4
vertex 126.35987961845369 -142.2358272504702 4
vertex 126.35987961845369 -142.2358272504707 1
endloop
endfacet
facet normal -0.8819212643483568 -0.4713967368259944 0
outer loop
vertex 126.49849449876734 -142.49515745145268 4
vertex 126.35987961845369 -142.2358272504707 1
vertex 126.49849449876734 -142.49515745145223 1
endloop
endfacet
facet normal -0.7730104533627455 -0.6343932841636349 0
outer loop
vertex 126.35987961845369 -142.2358272504702 4
vertex 126.1733353717829 -142.00852242822037 4
vertex 126.1733353717829 -142.00852242821773 1
endloop
endfacet
facet normal -0.7730104533627455 -0.6343932841636349 0
outer loop
vertex 126.35987961845369 -142.2358272504702 4
vertex 126.1733353717829 -142.00852242821773 1
vertex 126.35987961845369 -142.2358272504707 1
endloop
endfacet
facet normal -0.6343932841636208 -0.7730104533627572 0
outer loop
vertex 126.1733353717829 -142.00852242822037 4
vertex 125.94603054952661 -141.82197818154617 4
vertex 125.94603054952661 -141.82197818154955 1
endloop
endfacet
facet normal -0.6343932841636208 -0.7730104533627572 0
outer loop
vertex 126.1733353717829 -142.00852242822037 4
vertex 125.94603054952661 -141.82197818154955 1
vertex 126.1733353717829 -142.00852242821773 1
endloop
endfacet
facet normal -0.4713967368260239 -0.8819212643483411 0
outer loop
vertex 125.94603054952661 -141.82197818154617 4
vertex 125.68670034854703 -141.68336330123284 4
vertex 125.68670034854703 -141.6833633012342 1
endloop
endfacet
facet normal -0.4713967368260239 -0.8819212643483411 0
outer loop
vertex 125.94603054952661 -141.82197818154617 4
vertex 125.68670034854703 -141.6833633012342 1
vertex 125.94603054952661 -141.82197818154955 1
endloop
endfacet
facet normal -0.2902846772544479 -0.9569403357322133 0
outer loop
vertex 125.68670034854703 -141.68336330123284 4
vertex 125.40531068302397 -141.5980046793939 4
vertex 125.40531068302397 -141.5980046793959 1
endloop
endfacet
facet normal -0.2902846772544479 -0.9569403357322133 0
outer loop
vertex 125.68670034854703 -141.68336330123284 4
vertex 125.40531068302397 -141.5980046793959 1
vertex 125.68670034854703 -141.6833633012342 1
endloop
endfacet
facet normal -0.09801714032957415 -0.9951847266721956 0
outer loop
vertex 125.40531068302397 -141.5980046793939 4
vertex 125.11267519999983 -141.56918260000182 4
vertex 125.11267519999983 -141.56918260000182 1
endloop
endfacet
facet normal -0.09801714032957415 -0.9951847266721956 0
outer loop
vertex 125.40531068302397 -141.5980046793939 4
vertex 125.11267519999983 -141.56918260000182 1
vertex 125.40531068302397 -141.5980046793959 1
endloop
endfacet
facet normal 0.2902846772544199 -0.9569403357322217 0
outer loop
vertex 124.82003971697569 -141.5980046793939 4
vertex 124.5386500514523 -141.68336330123284 4
vertex 124.5386500514523 -141.68336330123284 1
endloop
endfacet
facet normal 0.2902846772544199 -0.9569403357322217 0
outer loop
vertex 124.82003971697569 -141.5980046793939 4
vertex 124.5386500514523 -141.68336330123284 1
vertex 124.82003971697569 -141.5980046793939 1
endloop
endfacet
facet normal 0.47139673682604744 -0.8819212643483284 0
outer loop
vertex 124.5386500514523 -141.68336330123284 4
vertex 124.27931985047059 -141.82197818154617 4
vertex 124.27931985047059 -141.82197818154617 1
endloop
endfacet
facet normal 0.47139673682604744 -0.8819212643483284 0
outer loop
vertex 124.5386500514523 -141.68336330123284 4
vertex 124.27931985047059 -141.82197818154617 1
vertex 124.5386500514523 -141.68336330123284 1
endloop
endfacet
facet normal 0.6343932841635969 -0.7730104533627769 0
outer loop
vertex 124.27931985047059 -141.82197818154617 4
vertex 124.05201502822034 -142.00852242822037 4
vertex 124.05201502822034 -142.00852242822037 1
endloop
endfacet
facet normal 0.6343932841635969 -0.7730104533627769 0
outer loop
vertex 124.27931985047059 -141.82197818154617 4
vertex 124.05201502822034 -142.00852242822037 1
vertex 124.27931985047059 -141.82197818154617 1
endloop
endfacet
facet normal 0.7730104533627319 -0.6343932841636518 0
outer loop
vertex 124.05201502822034 -142.00852242822037 4
vertex 123.86547078154571 -142.2358272504702 4
vertex 123.86547078154571 -142.2358272504702 1
endloop
endfacet
facet normal 0.7730104533627319 -0.6343932841636518 0
outer loop
vertex 124.05201502822034 -142.00852242822037 4
vertex 123.86547078154571 -142.2358272504702 1
vertex 124.05201502822034 -142.00852242822037 1
endloop
endfacet
facet normal 0.8819212643483552 -0.47139673682599736 0
outer loop
vertex 123.86547078154571 -142.2358272504702 4
vertex 123.72685590123365 -142.49515745145268 4
vertex 123.72685590123365 -142.49515745145268 1
endloop
endfacet
facet normal 0.8819212643483552 -0.47139673682599736 0
outer loop
vertex 123.86547078154571 -142.2358272504702 4
vertex 123.72685590123365 -142.49515745145268 1
vertex 123.86547078154571 -142.2358272504702 1
endloop
endfacet
facet normal 0.9569403357322048 -0.29028467725447593 0
outer loop
vertex 123.72685590123365 -142.49515745145268 4
vertex 123.64149727939368 -142.7765471169754 4
vertex 123.64149727939368 -142.7765471169754 1
endloop
endfacet
facet normal 0.9569403357322048 -0.29028467725447593 0
outer loop
vertex 123.72685590123365 -142.49515745145268 4
vertex 123.64149727939368 -142.7765471169754 1
vertex 123.72685590123365 -142.49515745145268 1
endloop
endfacet
facet normal 0.9951847266721957 -0.09801714032957415 0
outer loop
vertex 123.64149727939368 -142.7765471169754 4
vertex 123.61267519999899 -143.06918259999995 4
vertex 123.61267519999899 -143.06918259999995 1
endloop
endfacet
facet normal 0.9951847266721957 -0.09801714032957415 0
outer loop
vertex 123.64149727939368 -142.7765471169754 4
vertex 123.61267519999899 -143.06918259999995 1
vertex 123.64149727939368 -142.7765471169754 1
endloop
endfacet
facet normal 0.9951847266721956 0.09801714032957415 0
outer loop
vertex 123.61267519999899 -143.06918259999995 4
vertex 123.6414972793945 -143.36181808302427 4
vertex 123.6414972793945 -143.36181808302427 1
endloop
endfacet
facet normal 0.9951847266721956 0.09801714032957415 0
outer loop
vertex 123.61267519999899 -143.06918259999995 4
vertex 123.6414972793945 -143.36181808302427 1
vertex 123.61267519999899 -143.06918259999995 1
endloop
endfacet
facet normal 0.9569403357322133 0.2902846772544479 0
outer loop
vertex 123.6414972793945 -143.36181808302427 4
vertex 123.72685590123345 -143.6432077485475 4
vertex 123.72685590123345 -143.6432077485475 1
endloop
endfacet
facet normal 0.9569403357322133 0.2902846772544479 0
outer loop
vertex 123.6414972793945 -143.36181808302427 4
vertex 123.72685590123345 -143.6432077485475 1
vertex 123.6414972793945 -143.36181808302427 1
endloop
endfacet
facet normal 0.8819212643483568 0.4713967368259944 0
outer loop
vertex 123.72685590123345 -143.6432077485475 4
vertex 123.86547078154393 -143.9025379495306 4
vertex 123.86547078154393 -143.9025379495306 1
endloop
endfacet
facet normal 0.8819212643483568 0.4713967368259944 0
outer loop
vertex 123.72685590123345 -143.6432077485475 4
vertex 123.86547078154393 -143.9025379495306 1
vertex 123.72685590123345 -143.6432077485475 1
endloop
endfacet
facet normal 0.7730104533627573 0.6343932841636208 0
outer loop
vertex 123.86547078154393 -143.9025379495306 4
vertex 124.05201502821848 -144.12984277178128 4
vertex 124.05201502821848 -144.12984277178128 1
endloop
endfacet
facet normal 0.7730104533627573 0.6343932841636208 0
outer loop
vertex 123.86547078154393 -143.9025379495306 4
vertex 124.05201502821848 -144.12984277178128 1
vertex 123.86547078154393 -143.9025379495306 1
endloop
endfacet
facet normal 0.4713967368260449 0.8819212643483297 0
outer loop
vertex 124.27931985046756 -144.31638701845753 4
vertex 124.53865005145349 -144.45500189876492 4
vertex 124.53865005145349 -144.45500189876492 1
endloop
endfacet
facet normal 0.4713967368260449 0.8819212643483297 0
outer loop
vertex 124.27931985046756 -144.31638701845753 4
vertex 124.53865005145349 -144.45500189876492 1
vertex 124.27931985046756 -144.31638701845753 1
endloop
endfacet
facet normal 0.29028467725447593 0.9569403357322049 0
outer loop
vertex 124.53865005145349 -144.45500189876492 4
vertex 124.82003971697617 -144.54036052060357 4
vertex 124.82003971697617 -144.54036052060357 1
endloop
endfacet
facet normal 0.29028467725447593 0.9569403357322049 0
outer loop
vertex 124.53865005145349 -144.45500189876492 4
vertex 124.82003971697617 -144.54036052060357 1
vertex 124.53865005145349 -144.45500189876492 1
endloop
endfacet
facet normal 0.09801714032957415 0.9951847266721956 0
outer loop
vertex 124.82003971697617 -144.54036052060357 4
vertex 125.11267519999973 -144.56918260000083 4
vertex 125.11267519999973 -144.5691826000029 1
endloop
endfacet
facet normal 0.09801714032957415 0.9951847266721956 0
outer loop
vertex 124.82003971697617 -144.54036052060357 4
vertex 125.11267519999973 -144.5691826000029 1
vertex 124.82003971697617 -144.54036052060357 1
endloop
endfacet
facet normal -0.09801714032957415 0.9951847266721956 0
outer loop
vertex 125.11267519999973 -144.56918260000083 4
vertex 125.40531068302408 -144.54036052060357 4
vertex 125.40531068302408 -144.54036052060357 1
endloop
endfacet
facet normal -0.09801714032957415 0.9951847266721956 0
outer loop
vertex 125.11267519999973 -144.56918260000083 4
vertex 125.40531068302408 -144.54036052060357 1
vertex 125.11267519999973 -144.5691826000029 1
endloop
endfacet
facet normal -0.2902846772544199 0.9569403357322217 0
outer loop
vertex 125.40531068302408 -144.54036052060357 4
vertex 125.68670034854756 -144.45500189876492 4
vertex 125.68670034854756 -144.4550018987667 1
endloop
endfacet
facet normal -0.2902846772544199 0.9569403357322217 0
outer loop
vertex 125.40531068302408 -144.54036052060357 4
vertex 125.68670034854756 -144.4550018987667 1
vertex 125.40531068302408 -144.54036052060357 1
endloop
endfacet
facet normal -0.4713967368260534 0.8819212643483252 0
outer loop
vertex 125.68670034854756 -144.45500189876492 4
vertex 125.94603054952975 -144.31638701845753 4
vertex 125.94603054952975 -144.31638701845446 1
endloop
endfacet
facet normal -0.4713967368260534 0.8819212643483252 0
outer loop
vertex 125.68670034854756 -144.45500189876492 4
vertex 125.94603054952975 -144.31638701845446 1
vertex 125.68670034854756 -144.4550018987667 1
endloop
endfacet
facet normal -0.6343932841636208 0.7730104533627572 0
outer loop
vertex 125.94603054952975 -144.31638701845753 4
vertex 126.17333537178035 -144.12984277178128 4
vertex 126.17333537178035 -144.12984277178052 1
endloop
endfacet
facet normal -0.6343932841636208 0.7730104533627572 0
outer loop
vertex 125.94603054952975 -144.31638701845753 4
vertex 126.17333537178035 -144.12984277178052 1
vertex 125.94603054952975 -144.31638701845446 1
endloop
endfacet
facet normal -0.7730104533627319 0.6343932841636518 0
outer loop
vertex 126.17333537178035 -144.12984277178128 4
vertex 126.35987961845342 -143.9025379495306 4
vertex 126.35987961845342 -143.9025379495291 1
endloop
endfacet
facet normal -0.7730104533627319 0.6343932841636518 0
outer loop
vertex 126.17333537178035 -144.12984277178128 4
vertex 126.35987961845342 -143.9025379495291 1
vertex 126.17333537178035 -144.12984277178052 1
endloop
endfacet
facet normal -0.8819212643483584 0.4713967368259914 0
outer loop
vertex 126.35987961845342 -143.9025379495306 4
vertex 126.49849449876771 -143.6432077485475 4
vertex 126.49849449876771 -143.64320774854806 1
endloop
endfacet
facet normal -0.8819212643483584 0.4713967368259914 0
outer loop
vertex 126.35987961845342 -143.9025379495306 4
vertex 126.49849449876771 -143.64320774854806 1
vertex 126.35987961845342 -143.9025379495291 1
endloop
endfacet
facet normal -0.9569403357322049 0.29028467725447593 0
outer loop
vertex 126.49849449876771 -143.6432077485475 4
vertex 126.58385312060376 -143.36181808302427 4
vertex 126.58385312060376 -143.3618180830241 1
endloop
endfacet
facet normal -0.9569403357322049 0.29028467725447593 0
outer loop
vertex 126.49849449876771 -143.6432077485475 4
vertex 126.58385312060376 -143.3618180830241 1
vertex 126.49849449876771 -143.64320774854806 1
endloop
endfacet
facet normal -0.9951847266721985 0.09801714032954566 0
outer loop
vertex 254.93130722060636 -101.36103158302417 4
vertex 254.9601293000015 -101.06839610000002 4
vertex 254.9601293000015 -101.06839610000017 1
endloop
endfacet
facet normal -0.9951847266721985 0.09801714032954566 0
outer loop
vertex 254.93130722060636 -101.36103158302417 4
vertex 254.9601293000015 -101.06839610000017 1
vertex 254.93130722060636 -101.36103158302437 1
endloop
endfacet
facet normal -0.9951847266721927 -0.09801714032960263 0
outer loop
vertex 254.9601293000015 -101.06839610000002 4
vertex 254.93130722060624 -100.77576061697573 4
vertex 254.93130722060624 -100.77576061697567 1
endloop
endfacet
facet normal -0.9951847266721927 -0.09801714032960263 0
outer loop
vertex 254.9601293000015 -101.06839610000002 4
vertex 254.93130722060624 -100.77576061697567 1
vertex 254.9601293000015 -101.06839610000017 1
endloop
endfacet
facet normal -0.9569403357322133 -0.2902846772544479 0
outer loop
vertex 254.93130722060624 -100.77576061697573 4
vertex 254.845948598765 -100.49437095145208 4
vertex 254.845948598765 -100.49437095145296 1
endloop
endfacet
facet normal -0.9569403357322133 -0.2902846772544479 0
outer loop
vertex 254.93130722060624 -100.77576061697573 4
vertex 254.845948598765 -100.49437095145296 1
vertex 254.93130722060624 -100.77576061697567 1
endloop
endfacet
facet normal -0.8819212643483402 -0.47139673682602534 0
outer loop
vertex 254.845948598765 -100.49437095145208 4
vertex 254.70733371845205 -100.2350407504709 4
vertex 254.70733371845205 -100.23504075047158 1
endloop
endfacet
facet normal -0.8819212643483402 -0.47139673682602534 0
outer loop
vertex 254.845948598765 -100.49437095145208 4
vertex 254.70733371845205 -100.23504075047158 1
vertex 254.845948598765 -100.49437095145296 1
endloop
endfacet
facet normal -0.7730104533627572 -0.6343932841636208 0
outer loop
vertex 254.70733371845205 -100.2350407504709 4
vertex 254.52078947178225 -100.00773592821972 4
vertex 254.52078947178225 -100.00773592821824 1
endloop
endfacet
facet normal -0.7730104533627572 -0.6343932841636208 0
outer loop
vertex 254.70733371845205 -100.2350407504709 4
vertex 254.52078947178225 -100.00773592821824 1
vertex 254.70733371845205 -100.23504075047158 1
endloop
endfacet
facet normal -0.6343932841636364 -0.7730104533627445 0
outer loop
vertex 254.52078947178225 -100.00773592821972 4
vertex 254.29348464952795 -99.82119168154658 4
vertex 254.29348464952795 -99.821191681548 1
endloop
endfacet
facet normal -0.6343932841636364 -0.7730104533627445 0
outer loop
vertex 254.52078947178225 -100.00773592821972 4
vertex 254.29348464952795 -99.821191681548 1
vertex 254.52078947178225 -100.00773592821824 1
endloop
endfacet
facet normal -0.4713967368259909 -0.8819212643483587 0
outer loop
vertex 254.29348464952795 -99.82119168154658 4
vertex 254.03415444854986 -99.68257680123494 4
vertex 254.03415444854986 -99.68257680122903 1
endloop
endfacet
facet normal -0.4713967368259909 -0.8819212643483587 0
outer loop
vertex 254.29348464952795 -99.82119168154658 4
vertex 254.03415444854986 -99.68257680122903 1
vertex 254.29348464952795 -99.821191681548 1
endloop
endfacet
facet normal -0.2902846772544479 -0.9569403357322133 0
outer loop
vertex 254.03415444854986 -99.68257680123494 4
vertex 253.75276478302405 -99.59721817939653 4
vertex 253.75276478302405 -99.59721817939581 1
endloop
endfacet
facet normal -0.2902846772544479 -0.9569403357322133 0
outer loop
vertex 254.03415444854986 -99.68257680123494 4
vertex 253.75276478302405 -99.59721817939581 1
vertex 254.03415444854986 -99.68257680122903 1
endloop
endfacet
facet normal -0.09801714032955997 -0.9951847266721969 0
outer loop
vertex 253.75276478302405 -99.59721817939653 4
vertex 253.46012930000012 -99.5683960999994 4
vertex 253.46012930000012 -99.56839609999842 1
endloop
endfacet
facet normal -0.09801714032955997 -0.9951847266721969 0
outer loop
vertex 253.75276478302405 -99.59721817939653 4
vertex 253.46012930000012 -99.56839609999842 1
vertex 253.75276478302405 -99.59721817939581 1
endloop
endfacet
facet normal 0.0980171403295599 -0.9951847266721969 0
outer loop
vertex 253.46012930000012 -99.5683960999994 4
vertex 253.16749381697596 -99.59721817939653 4
vertex 253.16749381697596 -99.59721817939669 1
endloop
endfacet
facet normal 0.0980171403295599 -0.9951847266721969 0
outer loop
vertex 253.46012930000012 -99.5683960999994 4
vertex 253.16749381697596 -99.59721817939669 1
vertex 253.46012930000012 -99.56839609999842 1
endloop
endfacet
facet normal 0.2902846772544479 -0.9569403357322133 0
outer loop
vertex 253.16749381697596 -99.59721817939653 4
vertex 252.88610415145223 -99.68257680123494 4
vertex 252.88610415145223 -99.68257680123256 1
endloop
endfacet
facet normal 0.2902846772544479 -0.9569403357322133 0
outer loop
vertex 253.16749381697596 -99.59721817939653 4
vertex 252.88610415145223 -99.68257680123256 1
vertex 253.16749381697596 -99.59721817939669 1
endloop
endfacet
facet normal 0.4713967368259914 -0.8819212643483584 0
outer loop
vertex 252.88610415145223 -99.68257680123494 4
vertex 252.62677395047172 -99.82119168154658 4
vertex 252.62677395047172 -99.82119168154829 1
endloop
endfacet
facet normal 0.4713967368259914 -0.8819212643483584 0
outer loop
vertex 252.88610415145223 -99.68257680123494 4
vertex 252.62677395047172 -99.82119168154829 1
vertex 252.88610415145223 -99.68257680123256 1
endloop
endfacet
facet normal 0.6343932841636518 -0.7730104533627319 0
outer loop
vertex 252.62677395047172 -99.82119168154658 4
vertex 252.39946912821927 -100.00773592821972 4
vertex 252.39946912821927 -100.00773592821903 1
endloop
endfacet
facet normal 0.6343932841636518 -0.7730104533627319 0
outer loop
vertex 252.62677395047172 -99.82119168154658 4
vertex 252.39946912821927 -100.00773592821903 1
vertex 252.62677395047172 -99.82119168154829 1
endloop
endfacet
facet normal 0.7730104533627825 -0.63439328416359 0
outer loop
vertex 252.39946912821927 -100.00773592821972 4
vertex 252.21292488154523 -100.2350407504709 4
vertex 252.21292488154523 -100.23504075046984 1
endloop
endfacet
facet normal 0.7730104533627825 -0.63439328416359 0
outer loop
vertex 252.39946912821927 -100.00773592821972 4
vertex 252.21292488154523 -100.23504075046984 1
vertex 252.39946912821927 -100.00773592821903 1
endloop
endfacet
facet normal 0.8819212643483285 -0.47139673682604755 0
outer loop
vertex 252.21292488154523 -100.2350407504709 4
vertex 252.07431000123321 -100.49437095145208 4
vertex 252.07431000123321 -100.49437095145245 1
endloop
endfacet
facet normal 0.8819212643483285 -0.47139673682604755 0
outer loop
vertex 252.21292488154523 -100.2350407504709 4
vertex 252.07431000123321 -100.49437095145245 1
vertex 252.21292488154523 -100.23504075046984 1
endloop
endfacet
facet normal 0.9569403357322042 -0.2902846772544779 0
outer loop
vertex 252.07431000123321 -100.49437095145208 4
vertex 251.9889513793951 -100.77576061697573 4
vertex 251.9889513793951 -100.77576061697579 1
endloop
endfacet
facet normal 0.9569403357322042 -0.2902846772544779 0
outer loop
vertex 252.07431000123321 -100.49437095145208 4
vertex 251.9889513793951 -100.77576061697579 1
vertex 252.07431000123321 -100.49437095145245 1
endloop
endfacet
facet normal 0.9951847266721985 -0.09801714032954566 0
outer loop
vertex 251.9889513793951 -100.77576061697573 4
vertex 251.9601293000016 -101.06839610000002 4
vertex 251.9601293000016 -101.06839610000017 1
endloop
endfacet
facet normal 0.9951847266721985 -0.09801714032954566 0
outer loop
vertex 251.9889513793951 -100.77576061697573 4
vertex 251.9601293000016 -101.06839610000017 1
vertex 251.9889513793951 -100.77576061697579 1
endloop
endfacet
facet normal 0.9951847266721957 0.09801714032957415 0
outer loop
vertex 251.9601293000016 -101.06839610000002 4
vertex 251.9889513793968 -101.36103158302417 4
vertex 251.9889513793968 -101.36103158302407 1
endloop
endfacet
facet normal 0.9951847266721957 0.09801714032957415 0
outer loop
vertex 251.9601293000016 -101.06839610000002 4
vertex 251.9889513793968 -101.36103158302407 1
vertex 251.9601293000016 -101.06839610000017 1
endloop
endfacet
facet normal 0.9569403357322217 0.2902846772544199 0
outer loop
vertex 251.9889513793968 -101.36103158302417 4
vertex 252.0743100012313 -101.64242124854806 4
vertex 252.0743100012313 -101.64242124854816 1
endloop
endfacet
facet normal 0.9569403357322217 0.2902846772544199 0
outer loop
vertex 251.9889513793968 -101.36103158302417 4
vertex 252.0743100012313 -101.64242124854816 1
vertex 251.9889513793968 -101.36103158302407 1
endloop
endfacet
facet normal 0.8819212643483285 0.47139673682604755 0
outer loop
vertex 252.0743100012313 -101.64242124854806 4
vertex 252.21292488154717 -101.90175144952931 4
vertex 252.21292488154717 -101.90175144952892 1
endloop
endfacet
facet normal 0.8819212643483285 0.47139673682604755 0
outer loop
vertex 252.0743100012313 -101.64242124854806 4
vertex 252.21292488154717 -101.90175144952892 1
vertex 252.0743100012313 -101.64242124854816 1
endloop
endfacet
facet normal 0.7730104533627825 0.63439328416359 0
outer loop
vertex 252.21292488154717 -101.90175144952931 4
vertex 252.39946912822023 -102.12905627177828 4
vertex 252.39946912822023 -102.12905627177975 1
endloop
endfacet
facet normal 0.7730104533627825 0.63439328416359 0
outer loop
vertex 252.21292488154717 -101.90175144952931 4
vertex 252.39946912822023 -102.12905627177975 1
vertex 252.21292488154717 -101.90175144952892 1
endloop
endfacet
facet normal 0.6343932841636716 0.7730104533627157 0
outer loop
vertex 252.39946912822023 -102.12905627177828 4
vertex 252.62677395046833 -102.31560051845247 4
vertex 252.62677395046833 -102.31560051845665 1
endloop
endfacet
facet normal 0.6343932841636716 0.7730104533627157 0
outer loop
vertex 252.39946912822023 -102.12905627177828 4
vertex 252.62677395046833 -102.31560051845665 1
vertex 252.39946912822023 -102.12905627177975 1
endloop
endfacet
facet normal 0.47139673682602595 0.8819212643483401 0
outer loop
vertex 252.62677395046833 -102.31560051845247 4
vertex 252.88610415144964 -102.45421539877003 4
vertex 252.88610415144964 -102.45421539877223 1
endloop
endfacet
facet normal 0.47139673682602595 0.8819212643483401 0
outer loop
vertex 252.62677395046833 -102.31560051845247 4
vertex 252.88610415144964 -102.45421539877223 1
vertex 252.62677395046833 -102.31560051845665 1
endloop
endfacet
facet normal 0.2902846772544479 0.9569403357322133 0
outer loop
vertex 252.88610415144964 -102.45421539877003 4
vertex 253.16749381697565 -102.53957402060423 4
vertex 253.16749381697565 -102.53957402060547 1
endloop
endfacet
facet normal 0.2902846772544479 0.9569403357322133 0
outer loop
vertex 252.88610415144964 -102.45421539877003 4
vertex 253.16749381697565 -102.53957402060547 1
vertex 252.88610415144964 -102.45421539877223 1
endloop
endfacet
facet normal 0.09801714032957415 0.9951847266721956 0
outer loop
vertex 253.16749381697565 -102.53957402060423 4
vertex 253.46012930000006 -102.56839609999979 4
vertex 253.46012930000006 -102.56839609999966 1
endloop
endfacet
facet normal 0.09801714032957415 0.9951847266721956 0
outer loop
vertex 253.16749381697565 -102.53957402060423 4
vertex 253.46012930000006 -102.56839609999966 1
vertex 253.16749381697565 -102.53957402060547 1
endloop
endfacet
facet normal -0.09801714032956006 0.9951847266721969 0
outer loop
vertex 253.46012930000006 -102.56839609999979 4
vertex 253.75276478302433 -102.53957402060423 4
vertex 253.75276478302433 -102.53957402060635 1
endloop
endfacet
facet normal -0.09801714032956006 0.9951847266721969 0
outer loop
vertex 253.46012930000006 -102.56839609999979 4
vertex 253.75276478302433 -102.53957402060635 1
vertex 253.46012930000006 -102.56839609999966 1
endloop
endfacet
facet normal -0.2902846772544479 0.9569403357322133 0
outer loop
vertex 253.75276478302433 -102.53957402060423 4
vertex 254.0341544485475 -102.45421539877003 4
vertex 254.0341544485475 -102.45421539876644 1
endloop
endfacet
facet normal -0.2902846772544479 0.9569403357322133 0
outer loop
vertex 253.75276478302433 -102.53957402060423 4
vertex 254.0341544485475 -102.45421539876644 1
vertex 253.75276478302433 -102.53957402060635 1
endloop
endfacet
facet normal -0.4713967368259914 0.8819212643483584 0
outer loop
vertex 254.0341544485475 -102.45421539877003 4
vertex 254.2934846495308 -102.31560051845247 4
vertex 254.2934846495308 -102.31560051845638 1
endloop
endfacet
facet normal -0.4713967368259914 0.8819212643483584 0
outer loop
vertex 254.0341544485475 -102.45421539877003 4
vertex 254.2934846495308 -102.31560051845638 1
vertex 254.0341544485475 -102.45421539876644 1
endloop
endfacet
facet normal -0.6343932841636518 0.7730104533627319 0
outer loop
vertex 254.2934846495308 -102.31560051845247 4
vertex 254.52078947177836 -102.12905627177828 4
vertex 254.52078947177836 -102.129056271778 1
endloop
endfacet
facet normal -0.6343932841636518 0.7730104533627319 0
outer loop
vertex 254.2934846495308 -102.31560051845247 4
vertex 254.52078947177836 -102.129056271778 1
vertex 254.2934846495308 -102.31560051845638 1
endloop
endfacet
facet normal -0.7730104533627711 0.634393284163604 0
outer loop
vertex 254.52078947177836 -102.12905627177828 4
vertex 254.70733371845387 -101.90175144952931 4
vertex 254.70733371845387 -101.90175144952944 1
endloop
endfacet
facet normal -0.7730104533627711 0.634393284163604 0
outer loop
vertex 254.52078947177836 -102.12905627177828 4
vertex 254.70733371845387 -101.90175144952944 1
vertex 254.52078947177836 -102.129056271778 1
endloop
endfacet
facet normal -0.8819212643483285 0.47139673682604755 0
outer loop
vertex 254.70733371845387 -101.90175144952931 4
vertex 254.8459485987671 -101.64242124854806 4
vertex 254.8459485987671 -101.64242124854775 1
endloop
endfacet
facet normal -0.8819212643483285 0.47139673682604755 0
outer loop
vertex 254.70733371845387 -101.90175144952931 4
vertex 254.8459485987671 -101.64242124854775 1
vertex 254.70733371845387 -101.90175144952944 1
endloop
endfacet
facet normal -0.9569403357322042 0.2902846772544779 0
outer loop
vertex 254.8459485987671 -101.64242124854806 4
vertex 254.93130722060636 -101.36103158302417 4
vertex 254.93130722060636 -101.36103158302437 1
endloop
endfacet
facet normal -0.9569403357322042 0.2902846772544779 0
outer loop
vertex 254.8459485987671 -101.64242124854806 4
vertex 254.93130722060636 -101.36103158302437 1
vertex 254.8459485987671 -101.64242124854775 1
endloop
endfacet
facet normal -0.995184726672204 0.09801714032948901 0
outer loop
vertex 267.9280727206035 -137.06935118302428 4
vertex 267.9568947999986 -136.7767157000001 4
vertex 267.9568947999986 -136.7767156999999 1
endloop
endfacet
facet normal -0.995184726672204 0.09801714032948901 0
outer loop
vertex 267.9280727206035 -137.06935118302428 4
vertex 267.9568947999986 -136.7767156999999 1
vertex 267.9280727206035 -137.06935118302408 1
endloop
endfacet
facet normal -0.9951847266722096 -0.09801714032943201 0
outer loop
vertex 267.9568947999986 -136.7767157000001 4
vertex 267.9280727206027 -136.48408021697577 4
vertex 267.9280727206027 -136.48408021697603 1
endloop
endfacet
facet normal -0.9951847266722096 -0.09801714032943201 0
outer loop
vertex 267.9568947999986 -136.7767157000001 4
vertex 267.9280727206027 -136.48408021697603 1
vertex 267.9568947999986 -136.7767156999999 1
endloop
endfacet
facet normal -0.9569403357321872 -0.2902846772545339 0
outer loop
vertex 267.9280727206027 -136.48408021697577 4
vertex 267.8427140987677 -136.2026905514523 4
vertex 267.8427140987677 -136.20269055145212 1
endloop
endfacet
facet normal -0.9569403357321872 -0.2902846772545339 0
outer loop
vertex 267.9280727206027 -136.48408021697577 4
vertex 267.8427140987677 -136.20269055145212 1
vertex 267.9280727206027 -136.48408021697603 1
endloop
endfacet
facet normal -0.8819212643483103 -0.4713967368260814 0
outer loop
vertex 267.8427140987677 -136.2026905514523 4
vertex 267.70409921845896 -135.94336035047064 4
vertex 267.70409921845896 -135.94336035046788 1
endloop
endfacet
facet normal -0.8819212643483103 -0.4713967368260814 0
outer loop
vertex 267.8427140987677 -136.2026905514523 4
vertex 267.70409921845896 -135.94336035046788 1
vertex 267.8427140987677 -136.20269055145212 1
endloop
endfacet
facet normal -0.7730104533628022 -0.634393284163566 0
outer loop
vertex 267.70409921845896 -135.94336035047064 4
vertex 267.5175549717782 -135.71605552821902 4
vertex 267.5175549717782 -135.71605552822155 1
endloop
endfacet
facet normal -0.7730104533628022 -0.634393284163566 0
outer loop
vertex 267.70409921845896 -135.94336035047064 4
vertex 267.5175549717782 -135.71605552822155 1
vertex 267.70409921845896 -135.94336035046788 1
endloop
endfacet
facet normal -0.6343932841636208 -0.7730104533627572 0
outer loop
vertex 267.5175549717782 -135.71605552821902 4
vertex 267.2902501495311 -135.52951128154785 4
vertex 267.2902501495311 -135.52951128154416 1
endloop
endfacet
facet normal -0.6343932841636208 -0.7730104533627572 0
outer loop
vertex 267.5175549717782 -135.71605552821902 4
vertex 267.2902501495311 -135.52951128154416 1
vertex 267.5175549717782 -135.71605552822155 1
endloop
endfacet
facet normal -0.4713967368260361 -0.8819212643483345 0
outer loop
vertex 267.2902501495311 -135.52951128154785 4
vertex 267.03091994854776 -135.3908964012334 4
vertex 267.03091994854776 -135.39089640123296 1
endloop
endfacet
facet normal -0.4713967368260361 -0.8819212643483345 0
outer loop
vertex 267.2902501495311 -135.52951128154785 4
vertex 267.03091994854776 -135.39089640123296 1
vertex 267.2902501495311 -135.52951128154416 1
endloop
endfacet
facet normal -0.2902846772544479 -0.9569403357322133 0
outer loop
vertex 267.03091994854776 -135.3908964012334 4
vertex 266.74953028302315 -135.30553777939414 4
vertex 266.74953028302315 -135.30553777939863 1
endloop
endfacet
facet normal -0.2902846772544479 -0.9569403357322133 0
outer loop
vertex 267.03091994854776 -135.3908964012334 4
vertex 266.74953028302315 -135.30553777939863 1
vertex 267.03091994854776 -135.39089640123296 1
endloop
endfacet
facet normal -0.09801714032956006 -0.9951847266721969 0
outer loop
vertex 266.74953028302315 -135.30553777939414 4
vertex 266.45689480000027 -135.27671570000138 4
vertex 266.45689480000027 -135.27671569999782 1
endloop
endfacet
facet normal -0.09801714032956006 -0.9951847266721969 0
outer loop
vertex 266.74953028302315 -135.30553777939414 4
vertex 266.45689480000027 -135.27671569999782 1
vertex 266.74953028302315 -135.30553777939863 1
endloop
endfacet
facet normal 0.09801714032957415 -0.9951847266721956 0
outer loop
vertex 266.45689480000027 -135.27671570000138 4
vertex 266.1642593169756 -135.30553777939414 4
vertex 266.1642593169756 -135.30553777939286 1
endloop
endfacet
facet normal 0.09801714032957415 -0.9951847266721956 0
outer loop
vertex 266.45689480000027 -135.27671570000138 4
vertex 266.1642593169756 -135.30553777939286 1
vertex 266.45689480000027 -135.27671569999782 1
endloop
endfacet
facet normal 0.2902846772544199 -0.9569403357322217 0
outer loop
vertex 266.1642593169756 -135.30553777939414 4
vertex 265.8828696514518 -135.3908964012334 4
vertex 265.8828696514518 -135.3908964012314 1
endloop
endfacet
facet normal 0.2902846772544199 -0.9569403357322217 0
outer loop
vertex 266.1642593169756 -135.30553777939414 4
vertex 265.8828696514518 -135.3908964012314 1
vertex 266.1642593169756 -135.30553777939286 1
endloop
endfacet
facet normal 0.47139673682602534 -0.8819212643483402 0
outer loop
vertex 265.8828696514518 -135.3908964012334 4
vertex 265.6235394504707 -135.52951128154785 4
vertex 265.6235394504707 -135.52951128154638 1
endloop
endfacet
facet normal 0.47139673682602534 -0.8819212643483402 0
outer loop
vertex 265.8828696514518 -135.3908964012334 4
vertex 265.6235394504707 -135.52951128154638 1
vertex 265.8828696514518 -135.3908964012314 1
endloop
endfacet
facet normal 0.6343932841636518 -0.7730104533627319 0
outer loop
vertex 265.6235394504707 -135.52951128154785 4
vertex 265.3962346282186 -135.71605552821902 4
vertex 265.3962346282186 -135.7160555282182 1
endloop
endfacet
facet normal 0.6343932841636518 -0.7730104533627319 0
outer loop
vertex 265.6235394504707 -135.52951128154785 4
vertex 265.3962346282186 -135.7160555282182 1
vertex 265.6235394504707 -135.52951128154638 1
endloop
endfacet
facet normal 0.7730104533627572 -0.6343932841636208 0
outer loop
vertex 265.3962346282186 -135.71605552821902 4
vertex 265.2096903815484 -135.94336035047064 4
vertex 265.2096903815484 -135.94336035047243 1
endloop
endfacet
facet normal 0.7730104533627572 -0.6343932841636208 0
outer loop
vertex 265.3962346282186 -135.71605552821902 4
vertex 265.2096903815484 -135.94336035047243 1
vertex 265.3962346282186 -135.7160555282182 1
endloop
endfacet
facet normal 0.8819212643483402 -0.47139673682602534 0
outer loop
vertex 265.2096903815484 -135.94336035047064 4
vertex 265.07107550123305 -136.2026905514523 4
vertex 265.07107550123305 -136.20269055145238 1
endloop
endfacet
facet normal 0.8819212643483402 -0.47139673682602534 0
outer loop
vertex 265.2096903815484 -135.94336035047064 4
vertex 265.07107550123305 -136.20269055145238 1
vertex 265.2096903815484 -135.94336035047243 1
endloop
endfacet
facet normal 0.9569403357321702 -0.2902846772545899 0
outer loop
vertex 265.07107550123305 -136.2026905514523 4
vertex 264.98571687939597 -136.48408021697577 4
vertex 264.98571687939597 -136.4840802169761 1
endloop
endfacet
facet normal 0.9569403357321702 -0.2902846772545899 0
outer loop
vertex 265.07107550123305 -136.2026905514523 4
vertex 264.98571687939597 -136.4840802169761 1
vertex 265.07107550123305 -136.20269055145238 1
endloop
endfacet
facet normal 0.995184726672204 -0.09801714032948901 0
outer loop
vertex 264.98571687939597 -136.48408021697577 4
vertex 264.95689479999794 -136.7767157000001 4
vertex 264.95689479999794 -136.77671569999984 1
endloop
endfacet
facet normal 0.995184726672204 -0.09801714032948901 0
outer loop
vertex 264.98571687939597 -136.48408021697577 4
vertex 264.95689479999794 -136.77671569999984 1
vertex 264.98571687939597 -136.4840802169761 1
endloop
endfacet
facet normal 0.995184726672204 0.09801714032948901 0
outer loop
vertex 264.95689479999794 -136.7767157000001 4
vertex 264.98571687939494 -137.06935118302428 4
vertex 264.98571687939494 -137.06935118302425 1
endloop
endfacet
facet normal 0.995184726672204 0.09801714032948901 0
outer loop
vertex 264.95689479999794 -136.7767157000001 4
vertex 264.98571687939494 -137.06935118302425 1
vertex 264.95689479999794 -136.77671569999984 1
endloop
endfacet
facet normal 0.9569403357321872 0.2902846772545339 0
outer loop
vertex 264.98571687939494 -137.06935118302428 4
vertex 265.0710755012344 -137.35074084854756 4
vertex 265.0710755012344 -137.35074084854722 1
endloop
endfacet
facet normal 0.9569403357321872 0.2902846772545339 0
outer loop
vertex 264.98571687939494 -137.06935118302428 4
vertex 265.0710755012344 -137.35074084854722 1
vertex 264.98571687939494 -137.06935118302425 1
endloop
endfacet
facet normal 0.8819212643483253 0.47139673682605343 0
outer loop
vertex 265.0710755012344 -137.35074084854756 4
vertex 265.2096903815486 -137.61007104952907 4
vertex 265.2096903815486 -137.61007104952813 1
endloop
endfacet
facet normal 0.8819212643483253 0.47139673682605343 0
outer loop
vertex 265.0710755012344 -137.35074084854756 4
vertex 265.2096903815486 -137.61007104952813 1
vertex 265.0710755012344 -137.35074084854722 1
endloop
endfacet
facet normal 0.7730104533627769 0.634393284163597 0
outer loop
vertex 265.2096903815486 -137.61007104952907 4
vertex 265.3962346282219 -137.83737587178126 4
vertex 265.3962346282219 -137.83737587177842 1
endloop
endfacet
facet normal 0.7730104533627769 0.634393284163597 0
outer loop
vertex 265.2096903815486 -137.61007104952907 4
vertex 265.3962346282219 -137.83737587177842 1
vertex 265.2096903815486 -137.61007104952813 1
endloop
endfacet
facet normal 0.6343932841636132 0.7730104533627636 0
outer loop
vertex 265.3962346282219 -137.83737587178126 4
vertex 265.62353945047363 -138.02392011845248 4
vertex 265.62353945047363 -138.02392011845018 1
endloop
endfacet
facet normal 0.6343932841636132 0.7730104533627636 0
outer loop
vertex 265.3962346282219 -137.83737587178126 4
vertex 265.62353945047363 -138.02392011845018 1
vertex 265.3962346282219 -137.83737587177842 1
endloop
endfacet
facet normal 0.47139673682604755 0.8819212643483283 0
outer loop
vertex 265.62353945047363 -138.02392011845248 4
vertex 265.8828696514517 -138.16253499876794 4
vertex 265.8828696514517 -138.16253499876817 1
endloop
endfacet
facet normal 0.47139673682604755 0.8819212643483283 0
outer loop
vertex 265.62353945047363 -138.02392011845248 4
vertex 265.8828696514517 -138.16253499876817 1
vertex 265.62353945047363 -138.02392011845018 1
endloop
endfacet
facet normal 0.2902846772543979 0.9569403357322284 0
outer loop
vertex 265.8828696514517 -138.16253499876794 4
vertex 266.164259316977 -138.24789362060412 4
vertex 266.164259316977 -138.24789362060127 1
endloop
endfacet
facet normal 0.2902846772543979 0.9569403357322284 0
outer loop
vertex 265.8828696514517 -138.16253499876794 4
vertex 266.164259316977 -138.24789362060127 1
vertex 265.8828696514517 -138.16253499876817 1
endloop
endfacet
facet normal 0.09801714032954582 0.9951847266721984 0
outer loop
vertex 266.164259316977 -138.24789362060412 4
vertex 266.4568948000003 -138.2767157 4
vertex 266.4568948000003 -138.27671569999688 1
endloop
endfacet
facet normal 0.09801714032954582 0.9951847266721984 0
outer loop
vertex 266.164259316977 -138.24789362060412 4
vertex 266.4568948000003 -138.27671569999688 1
vertex 266.164259316977 -138.24789362060127 1
endloop
endfacet
facet normal -0.09801714032957415 0.9951847266721956 0
outer loop
vertex 266.4568948000003 -138.2767157 4
vertex 266.74953028302406 -138.24789362060412 4
vertex 266.74953028302406 -138.24789362060295 1
endloop
endfacet
facet normal -0.09801714032957415 0.9951847266721956 0
outer loop
vertex 266.4568948000003 -138.2767157 4
vertex 266.74953028302406 -138.24789362060295 1
vertex 266.4568948000003 -138.27671569999688 1
endloop
endfacet
facet normal -0.2902846772544199 0.9569403357322217 0
outer loop
vertex 266.74953028302406 -138.24789362060412 4
vertex 267.0309199485474 -138.16253499876794 4
vertex 267.0309199485474 -138.1625349987661 1
endloop
endfacet
facet normal -0.2902846772544199 0.9569403357322217 0
outer loop
vertex 266.74953028302406 -138.24789362060412 4
vertex 267.0309199485474 -138.1625349987661 1
vertex 266.74953028302406 -138.24789362060295 1
endloop
endfacet
facet normal -0.4713967368260475 0.8819212643483284 0
outer loop
vertex 267.0309199485474 -138.16253499876794 4
vertex 267.2902501495287 -138.02392011845248 4
vertex 267.2902501495287 -138.0239201184524 1
endloop
endfacet
facet normal -0.4713967368260475 0.8819212643483284 0
outer loop
vertex 267.0309199485474 -138.16253499876794 4
vertex 267.2902501495287 -138.0239201184524 1
vertex 267.0309199485474 -138.1625349987661 1
endloop
endfacet
facet normal -0.6343932841636208 0.7730104533627572 0
outer loop
vertex 267.2902501495287 -138.02392011845248 4
vertex 267.5175549717804 -137.83737587178126 4
vertex 267.5175549717804 -137.8373758717805 1
endloop
endfacet
facet normal -0.6343932841636208 0.7730104533627572 0
outer loop
vertex 267.2902501495287 -138.02392011845248 4
vertex 267.5175549717804 -137.8373758717805 1
vertex 267.2902501495287 -138.0239201184524 1
endloop
endfacet
facet normal -0.7730104533627825 0.63439328416359 0
outer loop
vertex 267.5175549717804 -137.83737587178126 4
vertex 267.7040992184545 -137.61007104952907 4
vertex 267.7040992184545 -137.61007104952995 1
endloop
endfacet
facet normal -0.7730104533627825 0.63439328416359 0
outer loop
vertex 267.5175549717804 -137.83737587178126 4
vertex 267.7040992184545 -137.61007104952995 1
vertex 267.5175549717804 -137.8373758717805 1
endloop
endfacet
facet normal -0.8819212643483402 0.47139673682602534 0
outer loop
vertex 267.7040992184545 -137.61007104952907 4
vertex 267.8427140987668 -137.35074084854756 4
vertex 267.8427140987668 -137.35074084854762 1
endloop
endfacet
facet normal -0.8819212643483402 0.47139673682602534 0
outer loop
vertex 267.7040992184545 -137.61007104952907 4
vertex 267.8427140987668 -137.35074084854762 1
vertex 267.7040992184545 -137.61007104952995 1
endloop
endfacet
facet normal -0.9569403357321872 0.2902846772545339 0
outer loop
vertex 267.8427140987668 -137.35074084854756 4
vertex 267.9280727206035 -137.06935118302428 4
vertex 267.9280727206035 -137.06935118302408 1
endloop
endfacet
facet normal -0.9569403357321872 0.2902846772545339 0
outer loop
vertex 267.8427140987668 -137.35074084854756 4
vertex 267.9280727206035 -137.06935118302408 1
vertex 267.8427140987668 -137.35074084854762 1
endloop
endfacet
facet normal -0.9951847266721956 0.09801714032957415 0
outer loop
vertex 196.88836402060372 -108.54620648302419 4
vertex 196.91718609999887 -108.25357099999987 4
vertex 196.91718609999887 -108.25357099999991 1
endloop
endfacet
facet normal -0.9951847266721956 0.09801714032957415 0
outer loop
vertex 196.88836402060372 -108.54620648302419 4
vertex 196.91718609999887 -108.25357099999991 1
vertex 196.88836402060372 -108.5462064830241 1
endloop
endfacet
facet normal -0.9951847266721956 -0.09801714032957415 0
outer loop
vertex 196.91718609999887 -108.25357099999987 4
vertex 196.8883640206068 -107.96093551697604 4
vertex 196.8883640206068 -107.96093551697561 1
endloop
endfacet
facet normal -0.9951847266721956 -0.09801714032957415 0
outer loop
vertex 196.91718609999887 -108.25357099999987 4
vertex 196.8883640206068 -107.96093551697561 1
vertex 196.91718609999887 -108.25357099999991 1
endloop
endfacet
facet normal -0.9569403357322133 -0.2902846772544479 0
outer loop
vertex 196.8883640206068 -107.96093551697604 4
vertex 196.8030053987652 -107.67954585145232 4
vertex 196.8030053987652 -107.67954585145287 1
endloop
endfacet
facet normal -0.9569403357322133 -0.2902846772544479 0
outer loop
vertex 196.8883640206068 -107.96093551697604 4
vertex 196.8030053987652 -107.67954585145287 1
vertex 196.8883640206068 -107.96093551697561 1
endloop
endfacet
facet normal -0.8819212643483268 -0.47139673682605043 0
outer loop
vertex 196.8030053987652 -107.67954585145232 4
vertex 196.6643905184541 -107.42021565047052 4
vertex 196.6643905184541 -107.42021565047045 1
endloop
endfacet
facet normal -0.8819212643483268 -0.47139673682605043 0
outer loop
vertex 196.8030053987652 -107.67954585145232 4
vertex 196.6643905184541 -107.42021565047045 1
vertex 196.8030053987652 -107.67954585145287 1
endloop
endfacet
facet normal -0.7730104533627797 -0.6343932841635934 0
outer loop
vertex 196.6643905184541 -107.42021565047052 4
vertex 196.4778462717751 -107.19291082822009 4
vertex 196.4778462717751 -107.19291082822409 1
endloop
endfacet
facet normal -0.7730104533627797 -0.6343932841635934 0
outer loop
vertex 196.6643905184541 -107.42021565047052 4
vertex 196.4778462717751 -107.19291082822409 1
vertex 196.6643905184541 -107.42021565047045 1
endloop
endfacet
facet normal -0.6343932841636286 -0.7730104533627508 0
outer loop
vertex 196.4778462717751 -107.19291082822009 4
vertex 196.25054144953094 -107.0063665815457 4
vertex 196.25054144953094 -107.00636658154438 1
endloop
endfacet
facet normal -0.6343932841636286 -0.7730104533627508 0
outer loop
vertex 196.4778462717751 -107.19291082822009 4
vertex 196.25054144953094 -107.00636658154438 1
vertex 196.4778462717751 -107.19291082822409 1
endloop
endfacet
facet normal -0.4713967368259913 -0.8819212643483585 0
outer loop
vertex 196.25054144953094 -107.0063665815457 4
vertex 195.99121124854946 -106.8677517012328 4
vertex 195.99121124854946 -106.8677517012297 1
endloop
endfacet
facet normal -0.4713967368259913 -0.8819212643483585 0
outer loop
vertex 196.25054144953094 -107.0063665815457 4
vertex 195.99121124854946 -106.8677517012297 1
vertex 196.25054144953094 -107.00636658154438 1
endloop
endfacet
facet normal -0.2902846772544479 -0.9569403357322133 0
outer loop
vertex 195.99121124854946 -106.8677517012328 4
vertex 195.70982158302405 -106.78239307939589 4
vertex 195.70982158302405 -106.78239307939566 1
endloop
endfacet
facet normal -0.2902846772544479 -0.9569403357322133 0
outer loop
vertex 195.99121124854946 -106.8677517012328 4
vertex 195.70982158302405 -106.78239307939566 1
vertex 195.99121124854946 -106.8677517012297 1
endloop
endfacet
facet normal -0.09801714032955997 -0.9951847266721969 0
outer loop
vertex 195.70982158302405 -106.78239307939589 4
vertex 195.4171861000001 -106.7535709999991 4
vertex 195.4171861000001 -106.75357099999871 1
endloop
endfacet
facet normal -0.09801714032955997 -0.9951847266721969 0
outer loop
vertex 195.70982158302405 -106.78239307939589 4
vertex 195.4171861000001 -106.75357099999871 1
vertex 195.70982158302405 -106.78239307939566 1
endloop
endfacet
facet normal 0.09801714032954581 -0.9951847266721984 0
outer loop
vertex 195.4171861000001 -106.7535709999991 4
vertex 195.12455061697597 -106.78239307939589 4
vertex 195.12455061697597 -106.7823930793963 1
endloop
endfacet
facet normal 0.09801714032954581 -0.9951847266721984 0
outer loop
vertex 195.4171861000001 -106.7535709999991 4
vertex 195.12455061697597 -106.7823930793963 1
vertex 195.4171861000001 -106.75357099999871 1
endloop
endfacet
facet normal 0.2902846772544479 -0.9569403357322133 0
outer loop
vertex 195.12455061697597 -106.78239307939589 4
vertex 194.84316095145226 -106.8677517012328 4
vertex 194.84316095145226 -106.86775170123269 1
endloop
endfacet
facet normal 0.2902846772544479 -0.9569403357322133 0
outer loop
vertex 195.12455061697597 -106.78239307939589 4
vertex 194.84316095145226 -106.86775170123269 1
vertex 195.12455061697597 -106.7823930793963 1
endloop
endfacet
facet normal 0.4713967368259914 -0.8819212643483584 0
outer loop
vertex 194.84316095145226 -106.8677517012328 4
vertex 194.58383075047078 -107.0063665815457 4
vertex 194.58383075047078 -107.00636658154647 1
endloop
endfacet
facet normal 0.4713967368259914 -0.8819212643483584 0
outer loop
vertex 194.84316095145226 -106.8677517012328 4
vertex 194.58383075047078 -107.00636658154647 1
vertex 194.84316095145226 -106.86775170123269 1
endloop
endfacet
facet normal 0.6343932841636518 -0.7730104533627319 0
outer loop
vertex 194.58383075047078 -107.0063665815457 4
vertex 194.35652592821873 -107.19291082822009 4
vertex 194.35652592821873 -107.19291082821832 1
endloop
endfacet
facet normal 0.6343932841636518 -0.7730104533627319 0
outer loop
vertex 194.58383075047078 -107.0063665815457 4
vertex 194.35652592821873 -107.19291082821832 1
vertex 194.58383075047078 -107.00636658154647 1
endloop
endfacet
facet normal 0.7730104533627711 -0.634393284163604 0
outer loop
vertex 194.35652592821873 -107.19291082822009 4
vertex 194.16998168154626 -107.42021565047052 4
vertex 194.16998168154626 -107.42021565047062 1
endloop
endfacet
facet normal 0.7730104533627711 -0.634393284163604 0
outer loop
vertex 194.35652592821873 -107.19291082822009 4
vertex 194.16998168154626 -107.42021565047062 1
vertex 194.35652592821873 -107.19291082821832 1
endloop
endfacet
facet normal 0.8819212643483402 -0.47139673682602534 0
outer loop
vertex 194.16998168154626 -107.42021565047052 4
vertex 194.0313668012326 -107.67954585145232 4
vertex 194.0313668012326 -107.67954585145209 1
endloop
endfacet
facet normal 0.8819212643483402 -0.47139673682602534 0
outer loop
vertex 194.16998168154626 -107.42021565047052 4
vertex 194.0313668012326 -107.67954585145209 1
vertex 194.16998168154626 -107.42021565047062 1
endloop
endfacet
facet normal 0.9569403357322133 -0.2902846772544479 0
outer loop
vertex 194.0313668012326 -107.67954585145232 4
vertex 193.9460081793962 -107.96093551697604 4
vertex 193.9460081793962 -107.96093551697612 1
endloop
endfacet
facet normal 0.9569403357322133 -0.2902846772544479 0
outer loop
vertex 194.0313668012326 -107.67954585145232 4
vertex 193.9460081793962 -107.96093551697612 1
vertex 194.0313668012326 -107.67954585145209 1
endloop
endfacet
facet normal 0.9951847266721956 -0.09801714032957415 0
outer loop
vertex 193.9460081793962 -107.96093551697604 4
vertex 193.91718609999924 -108.25357099999987 4
vertex 193.91718609999924 -108.25357099999994 1
endloop
endfacet
facet normal 0.9951847266721956 -0.09801714032957415 0
outer loop
vertex 193.9460081793962 -107.96093551697604 4
vertex 193.91718609999924 -108.25357099999994 1
vertex 193.9460081793962 -107.96093551697612 1
endloop
endfacet
facet normal 0.9951847266721985 0.09801714032954566 0
outer loop
vertex 193.91718609999924 -108.25357099999987 4
vertex 193.94600817939715 -108.54620648302419 4
vertex 193.94600817939715 -108.54620648302402 1
endloop
endfacet
facet normal 0.9951847266721985 0.09801714032954566 0
outer loop
vertex 193.91718609999924 -108.25357099999987 4
vertex 193.94600817939715 -108.54620648302402 1
vertex 193.91718609999924 -108.25357099999994 1
endloop
endfacet
facet normal 0.9569403357322133 0.2902846772544479 0
outer loop
vertex 193.94600817939715 -108.54620648302419 4
vertex 194.0313668012314 -108.82759614854737 4
vertex 194.0313668012314 -108.82759614854814 1
endloop
endfacet
facet normal 0.9569403357322133 0.2902846772544479 0
outer loop
vertex 193.94600817939715 -108.54620648302419 4
vertex 194.0313668012314 -108.82759614854814 1
vertex 193.94600817939715 -108.54620648302402 1
endloop
endfacet
facet normal 0.881921264348327 0.4713967368260505 0
outer loop
vertex 194.0313668012314 -108.82759614854737 4
vertex 194.1699816815477 -109.08692634952932 4
vertex 194.1699816815477 -109.08692634952865 1
endloop
endfacet
facet normal 0.881921264348327 0.4713967368260505 0
outer loop
vertex 194.0313668012314 -108.82759614854737 4
vertex 194.1699816815477 -109.08692634952865 1
vertex 194.0313668012314 -108.82759614854814 1
endloop
endfacet
facet normal 0.7730104533627763 0.6343932841635977 0
outer loop
vertex 194.1699816815477 -109.08692634952932 4
vertex 194.35652592821634 -109.31423117178166 4
vertex 194.35652592821634 -109.314231171783 1
endloop
endfacet
facet normal 0.7730104533627763 0.6343932841635977 0
outer loop
vertex 194.1699816815477 -109.08692634952932 4
vertex 194.35652592821634 -109.314231171783 1
vertex 194.1699816815477 -109.08692634952865 1
endloop
endfacet
facet normal 0.6343932841636424 0.7730104533627395 0
outer loop
vertex 194.35652592821634 -109.31423117178166 4
vertex 194.58383075047203 -109.50077541845471 4
vertex 194.58383075047203 -109.50077541845212 1
endloop
endfacet
facet normal 0.6343932841636424 0.7730104533627395 0
outer loop
vertex 194.35652592821634 -109.31423117178166 4
vertex 194.58383075047203 -109.50077541845212 1
vertex 194.35652592821634 -109.314231171783 1
endloop
endfacet
facet normal 0.47139673682600247 0.8819212643483525 0
outer loop
vertex 194.58383075047203 -109.50077541845471 4
vertex 194.84316095145414 -109.6393902987679 4
vertex 194.84316095145414 -109.63939029876363 1
endloop
endfacet
facet normal 0.47139673682600247 0.8819212643483525 0
outer loop
vertex 194.58383075047203 -109.50077541845471 4
vertex 194.84316095145414 -109.63939029876363 1
vertex 194.58383075047203 -109.50077541845212 1
endloop
endfacet
facet normal 0.2902846772544479 0.9569403357322133 0
outer loop
vertex 194.84316095145414 -109.6393902987679 4
vertex 195.12455061697568 -109.72474892060526 4
vertex 195.12455061697568 -109.72474892060535 1
endloop
endfacet
facet normal 0.2902846772544479 0.9569403357322133 0
outer loop
vertex 194.84316095145414 -109.6393902987679 4
vertex 195.12455061697568 -109.72474892060535 1
vertex 194.84316095145414 -109.63939029876363 1
endloop
endfacet
facet normal 0.09801714032956006 0.9951847266721969 0
outer loop
vertex 195.12455061697568 -109.72474892060526 4
vertex 195.41718610000012 -109.7535709999997 4
vertex 195.41718610000012 -109.75357099999877 1
endloop
endfacet
facet normal 0.09801714032956006 0.9951847266721969 0
outer loop
vertex 195.12455061697568 -109.72474892060526 4
vertex 195.41718610000012 -109.75357099999877 1
vertex 195.12455061697568 -109.72474892060535 1
endloop
endfacet
facet normal -0.09801714032956006 0.9951847266721969 0
outer loop
vertex 195.41718610000012 -109.7535709999997 4
vertex 195.70982158302434 -109.72474892060526 4
vertex 195.70982158302434 -109.7247489206064 1
endloop
endfacet
facet normal -0.09801714032956006 0.9951847266721969 0
outer loop
vertex 195.41718610000012 -109.7535709999997 4
vertex 195.70982158302434 -109.7247489206064 1
vertex 195.41718610000012 -109.75357099999877 1
endloop
endfacet
facet normal -0.2902846772544479 0.9569403357322133 0
outer loop
vertex 195.70982158302434 -109.72474892060526 4
vertex 195.99121124854756 -109.6393902987679 4
vertex 195.99121124854756 -109.63939029876653 1
endloop
endfacet
facet normal -0.2902846772544479 0.9569403357322133 0
outer loop
vertex 195.70982158302434 -109.72474892060526 4
vertex 195.99121124854756 -109.63939029876653 1
vertex 195.70982158302434 -109.7247489206064 1
endloop
endfacet
facet normal -0.47139673682599736 0.8819212643483552 0
outer loop
vertex 195.99121124854756 -109.6393902987679 4
vertex 196.25054144953054 -109.50077541845471 4
vertex 196.25054144953054 -109.50077541845594 1
endloop
endfacet
facet normal -0.47139673682599736 0.8819212643483552 0
outer loop
vertex 195.99121124854756 -109.6393902987679 4
vertex 196.25054144953054 -109.50077541845594 1
vertex 195.99121124854756 -109.63939029876653 1
endloop
endfacet
facet normal -0.6343932841636518 0.7730104533627319 0
outer loop
vertex 196.25054144953054 -109.50077541845471 4
vertex 196.47784627177896 -109.31423117178166 4
vertex 196.47784627177896 -109.31423117177869 1
endloop
endfacet
facet normal -0.6343932841636518 0.7730104533627319 0
outer loop
vertex 196.25054144953054 -109.50077541845471 4
vertex 196.47784627177896 -109.31423117177869 1
vertex 196.25054144953054 -109.50077541845594 1
endloop
endfacet
facet normal -0.7730104533627711 0.6343932841636039 0
outer loop
vertex 196.47784627177896 -109.31423117178166 4
vertex 196.66439051845387 -109.08692634952932 4
vertex 196.66439051845387 -109.08692634952943 1
endloop
endfacet
facet normal -0.7730104533627711 0.6343932841636039 0
outer loop
vertex 196.47784627177896 -109.31423117178166 4
vertex 196.66439051845387 -109.08692634952943 1
vertex 196.47784627177896 -109.31423117177869 1
endloop
endfacet
facet normal -0.8819212643483284 0.47139673682604744 0
outer loop
vertex 196.66439051845387 -109.08692634952932 4
vertex 196.80300539876708 -108.82759614854737 4
vertex 196.80300539876708 -108.82759614854768 1
endloop
endfacet
facet normal -0.8819212643483284 0.47139673682604744 0
outer loop
vertex 196.66439051845387 -109.08692634952932 4
vertex 196.80300539876708 -108.82759614854768 1
vertex 196.66439051845387 -109.08692634952943 1
endloop
endfacet
facet normal -0.9569403357322042 0.2902846772544779 0
outer loop
vertex 196.80300539876708 -108.82759614854737 4
vertex 196.88836402060372 -108.54620648302419 4
vertex 196.88836402060372 -108.5462064830241 1
endloop
endfacet
facet normal -0.9569403357322042 0.2902846772544779 0
outer loop
vertex 196.80300539876708 -108.82759614854737 4
vertex 196.88836402060372 -108.5462064830241 1
vertex 196.80300539876708 -108.82759614854768 1
endloop
endfacet
facet normal -0.9951847266721927 0.09801714032960263 0
outer loop
vertex 209.56021032060357 -143.36181808302427 4
vertex 209.58903239999873 -143.06918259999995 4
vertex 209.58903239999873 -143.0691825999999 1
endloop
endfacet
facet normal -0.9951847266721927 0.09801714032960263 0
outer loop
vertex 209.56021032060357 -143.36181808302427 4
vertex 209.58903239999873 -143.0691825999999 1
vertex 209.56021032060357 -143.3618180830241 1
endloop
endfacet
facet normal -0.9951847266721927 -0.09801714032960263 0
outer loop
vertex 209.58903239999873 -143.06918259999995 4
vertex 209.5602103206071 -142.7765471169754 4
vertex 209.5602103206071 -142.77654711697562 1
endloop
endfacet
facet normal -0.9951847266721927 -0.09801714032960263 0
outer loop
vertex 209.58903239999873 -143.06918259999995 4
vertex 209.5602103206071 -142.77654711697562 1
vertex 209.58903239999873 -143.0691825999999 1
endloop
endfacet
facet normal -0.9569403357322217 -0.2902846772544199 0
outer loop
vertex 209.5602103206071 -142.7765471169754 4
vertex 209.47485169876677 -142.49515745145268 4
vertex 209.47485169876677 -142.4951574514524 1
endloop
endfacet
facet normal -0.9569403357322217 -0.2902846772544199 0
outer loop
vertex 209.5602103206071 -142.7765471169754 4
vertex 209.47485169876677 -142.4951574514524 1
vertex 209.5602103206071 -142.77654711697562 1
endloop
endfacet
facet normal -0.8819212643483418 -0.4713967368260224 0
outer loop
vertex 209.47485169876677 -142.49515745145268 4
vertex 209.33623681845108 -142.2358272504702 4
vertex 209.33623681845108 -142.23582725047208 1
endloop
endfacet
facet normal -0.8819212643483418 -0.4713967368260224 0
outer loop
vertex 209.47485169876677 -142.49515745145268 4
vertex 209.33623681845108 -142.23582725047208 1
vertex 209.47485169876677 -142.4951574514524 1
endloop
endfacet
facet normal -0.7730104533628023 -0.634393284163566 0
outer loop
vertex 209.33623681845108 -142.2358272504702 4
vertex 209.14969257178143 -142.00852242822037 4
vertex 209.14969257178143 -142.0085224282189 1
endloop
endfacet
facet normal -0.7730104533628023 -0.634393284163566 0
outer loop
vertex 209.33623681845108 -142.2358272504702 4
vertex 209.14969257178143 -142.0085224282189 1
vertex 209.33623681845108 -142.23582725047208 1
endloop
endfacet
facet normal -0.6343932841635896 -0.7730104533627828 0
outer loop
vertex 209.14969257178143 -142.00852242822037 4
vertex 208.9223877495273 -141.82197818154617 4
vertex 208.9223877495273 -141.82197818154881 1
endloop
endfacet
facet normal -0.6343932841635896 -0.7730104533627828 0
outer loop
vertex 209.14969257178143 -142.00852242822037 4
vertex 208.9223877495273 -141.82197818154881 1
vertex 209.14969257178143 -142.0085224282189 1
endloop
endfacet
facet normal -0.47139673682603717 -0.881921264348334 0
outer loop
vertex 208.9223877495273 -141.82197818154617 4
vertex 208.66305754854855 -141.68336330123284 4
vertex 208.66305754854855 -141.6833633012314 1
endloop
endfacet
facet normal -0.47139673682603717 -0.881921264348334 0
outer loop
vertex 208.9223877495273 -141.82197818154617 4
vertex 208.66305754854855 -141.6833633012314 1
vertex 208.9223877495273 -141.82197818154881 1
endloop
endfacet
facet normal -0.2902846772544479 -0.9569403357322133 0
outer loop
vertex 208.66305754854855 -141.68336330123284 4
vertex 208.381667883024 -141.5980046793939 4
vertex 208.381667883024 -141.59800467939576 1
endloop
endfacet
facet normal -0.2902846772544479 -0.9569403357322133 0
outer loop
vertex 208.66305754854855 -141.68336330123284 4
vertex 208.381667883024 -141.59800467939576 1
vertex 208.66305754854855 -141.6833633012314 1
endloop
endfacet
facet normal -0.09801714032954582 -0.9951847266721984 0
outer loop
vertex 208.381667883024 -141.5980046793939 4
vertex 208.0890324000002 -141.56918260000182 4
vertex 208.0890324000002 -141.56918259999804 1
endloop
endfacet
facet normal -0.09801714032954582 -0.9951847266721984 0
outer loop
vertex 208.381667883024 -141.5980046793939 4
vertex 208.0890324000002 -141.56918259999804 1
vertex 208.381667883024 -141.59800467939576 1
endloop
endfacet
facet normal 0.09801714032957431 -0.9951847266721956 0
outer loop
vertex 208.0890324000002 -141.56918260000182 4
vertex 207.7963969169757 -141.5980046793939 4
vertex 207.7963969169757 -141.59800467939374 1
endloop
endfacet
facet normal 0.09801714032957431 -0.9951847266721956 0
outer loop
vertex 208.0890324000002 -141.56918260000182 4
vertex 207.7963969169757 -141.59800467939374 1
vertex 208.0890324000002 -141.56918259999804 1
endloop
endfacet
facet normal 0.2902846772544479 -0.9569403357322133 0
outer loop
vertex 207.7963969169757 -141.5980046793939 4
vertex 207.51500725145226 -141.68336330123284 4
vertex 207.51500725145226 -141.68336330123273 1
endloop
endfacet
facet normal 0.2902846772544479 -0.9569403357322133 0
outer loop
vertex 207.7963969169757 -141.5980046793939 4
vertex 207.51500725145226 -141.68336330123273 1
vertex 207.7963969169757 -141.59800467939374 1
endloop
endfacet
facet normal 0.4713967368260534 -0.8819212643483252 0
outer loop
vertex 207.51500725145226 -141.68336330123284 4
vertex 207.25567705047064 -141.82197818154617 4
vertex 207.25567705047064 -141.82197818154623 1
endloop
endfacet
facet normal 0.4713967368260534 -0.8819212643483252 0
outer loop
vertex 207.51500725145226 -141.68336330123284 4
vertex 207.25567705047064 -141.82197818154623 1
vertex 207.51500725145226 -141.68336330123273 1
endloop
endfacet
facet normal 0.6343932841636039 -0.7730104533627711 0
outer loop
vertex 207.25567705047064 -141.82197818154617 4
vertex 207.02837222821938 -142.00852242822037 4
vertex 207.02837222821938 -142.0085224282192 1
endloop
endfacet
facet normal 0.6343932841636039 -0.7730104533627711 0
outer loop
vertex 207.25567705047064 -141.82197818154617 4
vertex 207.02837222821938 -142.0085224282192 1
vertex 207.25567705047064 -141.82197818154623 1
endloop
endfacet
facet normal 0.7730104533627711 -0.6343932841636039 0
outer loop
vertex 207.02837222821938 -142.00852242822037 4
vertex 206.84182798154657 -142.2358272504702 4
vertex 206.84182798154657 -142.23582725047092 1
endloop
endfacet
facet normal 0.7730104533627711 -0.6343932841636039 0
outer loop
vertex 207.02837222821938 -142.00852242822037 4
vertex 206.84182798154657 -142.23582725047092 1
vertex 207.02837222821938 -142.0085224282192 1
endloop
endfacet
facet normal 0.8819212643483285 -0.47139673682604755 0
outer loop
vertex 206.84182798154657 -142.2358272504702 4
vertex 206.70321310123276 -142.49515745145268 4
vertex 206.70321310123276 -142.4951574514522 1
endloop
endfacet
facet normal 0.8819212643483285 -0.47139673682604755 0
outer loop
vertex 206.84182798154657 -142.2358272504702 4
vertex 206.70321310123276 -142.4951574514522 1
vertex 206.84182798154657 -142.23582725047092 1
endloop
endfacet
facet normal 0.9569403357322224 -0.2902846772544179 0
outer loop
vertex 206.70321310123276 -142.49515745145268 4
vertex 206.61785447939585 -142.7765471169754 4
vertex 206.61785447939585 -142.77654711697602 1
endloop
endfacet
facet normal 0.9569403357322224 -0.2902846772544179 0
outer loop
vertex 206.70321310123276 -142.49515745145268 4
vertex 206.61785447939585 -142.77654711697602 1
vertex 206.70321310123276 -142.4951574514522 1
endloop
endfacet
facet normal 0.9951847266721927 -0.09801714032960263 0
outer loop
vertex 206.61785447939585 -142.7765471169754 4
vertex 206.58903239999873 -143.06918259999995 4
vertex 206.58903239999873 -143.0691825999999 1
endloop
endfacet
facet normal 0.9951847266721927 -0.09801714032960263 0
outer loop
vertex 206.61785447939585 -142.7765471169754 4
vertex 206.58903239999873 -143.0691825999999 1
vertex 206.61785447939585 -142.77654711697602 1
endloop
endfacet
facet normal 0.9951847266721927 0.09801714032960263 0
outer loop
vertex 206.58903239999873 -143.06918259999995 4
vertex 206.61785447939752 -143.36181808302427 4
vertex 206.61785447939752 -143.361818083024 1
endloop
endfacet
facet normal 0.9951847266721927 0.09801714032960263 0
outer loop
vertex 206.58903239999873 -143.06918259999995 4
vertex 206.61785447939752 -143.361818083024 1
vertex 206.58903239999873 -143.0691825999999 1
endloop
endfacet
facet normal 0.9569403357322133 0.2902846772544479 0
outer loop
vertex 206.61785447939752 -143.36181808302427 4
vertex 206.70321310123353 -143.6432077485475 4
vertex 206.70321310123353 -143.64320774854752 1
endloop
endfacet
facet normal 0.9569403357322133 0.2902846772544479 0
outer loop
vertex 206.61785447939752 -143.36181808302427 4
vertex 206.70321310123353 -143.64320774854752 1
vertex 206.61785447939752 -143.361818083024 1
endloop
endfacet
facet normal 0.8819212643483268 0.47139673682605043 0
outer loop
vertex 206.70321310123353 -143.6432077485475 4
vertex 206.8418279815456 -143.9025379495306 4
vertex 206.8418279815456 -143.90253794952974 1
endloop
endfacet
facet normal 0.8819212643483268 0.47139673682605043 0
outer loop
vertex 206.70321310123353 -143.6432077485475 4
vertex 206.8418279815456 -143.90253794952974 1
vertex 206.70321310123353 -143.64320774854752 1
endloop
endfacet
facet normal 0.7730104533627958 0.6343932841635738 0
outer loop
vertex 206.8418279815456 -143.9025379495306 4
vertex 207.02837222822052 -144.12984277178128 4
vertex 207.02837222822052 -144.12984277177952 1
endloop
endfacet
facet normal 0.7730104533627958 0.6343932841635738 0
outer loop
vertex 206.8418279815456 -143.9025379495306 4
vertex 207.02837222822052 -144.12984277177952 1
vertex 206.8418279815456 -143.90253794952974 1
endloop
endfacet
facet normal 0.6343932841635592 0.7730104533628076 0
outer loop
vertex 207.02837222822052 -144.12984277178128 4
vertex 207.2556770504704 -144.31638701845753 4
vertex 207.2556770504704 -144.31638701845407 1
endloop
endfacet
facet normal 0.6343932841635592 0.7730104533628076 0
outer loop
vertex 207.02837222822052 -144.12984277178128 4
vertex 207.2556770504704 -144.31638701845407 1
vertex 207.02837222822052 -144.12984277177952 1
endloop
endfacet
facet normal 0.4713967368260694 0.8819212643483166 0
outer loop
vertex 207.2556770504704 -144.31638701845753 4
vertex 207.51500725145027 -144.45500189876492 4
vertex 207.51500725145027 -144.45500189877097 1
endloop
endfacet
facet normal 0.4713967368260694 0.8819212643483166 0
outer loop
vertex 207.2556770504704 -144.31638701845753 4
vertex 207.51500725145027 -144.45500189877097 1
vertex 207.2556770504704 -144.31638701845407 1
endloop
endfacet
facet normal 0.2902846772544479 0.9569403357322133 0
outer loop
vertex 207.51500725145027 -144.45500189876492 4
vertex 207.79639691697565 -144.54036052060357 4
vertex 207.79639691697565 -144.54036052060542 1
endloop
endfacet
facet normal 0.2902846772544479 0.9569403357322133 0
outer loop
vertex 207.51500725145027 -144.45500189876492 4
vertex 207.79639691697565 -144.54036052060542 1
vertex 207.51500725145027 -144.45500189877097 1
endloop
endfacet
facet normal 0.09801714032954582 0.9951847266721984 0
outer loop
vertex 207.79639691697565 -144.54036052060357 4
vertex 208.0890324000002 -144.56918260000083 4
vertex 208.0890324000002 -144.5691825999981 1
endloop
endfacet
facet normal 0.09801714032954582 0.9951847266721984 0
outer loop
vertex 207.79639691697565 -144.54036052060357 4
vertex 208.0890324000002 -144.5691825999981 1
vertex 207.79639691697565 -144.54036052060542 1
endloop
endfacet
facet normal -0.09801714032957415 0.9951847266721956 0
outer loop
vertex 208.0890324000002 -144.56918260000083 4
vertex 208.38166788302408 -144.54036052060357 4
vertex 208.38166788302408 -144.54036052060354 1
endloop
endfacet
facet normal -0.09801714032957415 0.9951847266721956 0
outer loop
vertex 208.0890324000002 -144.56918260000083 4
vertex 208.38166788302408 -144.54036052060354 1
vertex 208.0890324000002 -144.5691825999981 1
endloop
endfacet
facet normal -0.2902846772544199 0.9569403357322217 0
outer loop
vertex 208.38166788302408 -144.54036052060357 4
vertex 208.66305754854773 -144.45500189876492 4
vertex 208.66305754854773 -144.45500189876725 1
endloop
endfacet
facet normal -0.2902846772544199 0.9569403357322217 0
outer loop
vertex 208.38166788302408 -144.54036052060357 4
vertex 208.66305754854773 -144.45500189876725 1
vertex 208.38166788302408 -144.54036052060354 1
endloop
endfacet
facet normal -0.47139673682601946 0.8819212643483434 0
outer loop
vertex 208.66305754854773 -144.45500189876492 4
vertex 208.92238774952938 -144.31638701845753 4
vertex 208.92238774952938 -144.3163870184537 1
endloop
endfacet
facet normal -0.47139673682601946 0.8819212643483434 0
outer loop
vertex 208.66305754854773 -144.45500189876492 4
vertex 208.92238774952938 -144.3163870184537 1
vertex 208.66305754854773 -144.45500189876725 1
endloop
endfacet
facet normal -0.63439328416359 0.7730104533627825 0
outer loop
vertex 208.92238774952938 -144.31638701845753 4
vertex 209.1496925717792 -144.12984277178128 4
vertex 209.1496925717792 -144.12984277177907 1
endloop
endfacet
facet normal -0.63439328416359 0.7730104533627825 0
outer loop
vertex 208.92238774952938 -144.31638701845753 4
vertex 209.1496925717792 -144.12984277177907 1
vertex 208.92238774952938 -144.3163870184537 1
endloop
endfacet
facet normal -0.7730104533627825 0.63439328416359 0
outer loop
vertex 209.1496925717792 -144.12984277178128 4
vertex 209.336236818454 -143.9025379495306 4
vertex 209.336236818454 -143.9025379495296 1
endloop
endfacet
facet normal -0.7730104533627825 0.63439328416359 0
outer loop
vertex 209.1496925717792 -144.12984277178128 4
vertex 209.336236818454 -143.9025379495296 1
vertex 209.1496925717792 -144.12984277177907 1
endloop
endfacet
facet normal -0.8819212643483252 0.4713967368260534 0
outer loop
vertex 209.336236818454 -143.9025379495306 4
vertex 209.4748516987672 -143.6432077485475 4
vertex 209.4748516987672 -143.64320774854778 1
endloop
endfacet
facet normal -0.8819212643483252 0.4713967368260534 0
outer loop
vertex 209.336236818454 -143.9025379495306 4
vertex 209.4748516987672 -143.64320774854778 1
vertex 209.336236818454 -143.9025379495296 1
endloop
endfacet
facet normal -0.9569403357322224 0.2902846772544179 0
outer loop
vertex 209.4748516987672 -143.6432077485475 4
vertex 209.56021032060357 -143.36181808302427 4
vertex 209.56021032060357 -143.3618180830241 1
endloop
endfacet
facet normal -0.9569403357322224 0.2902846772544179 0
outer loop
vertex 209.4748516987672 -143.6432077485475 4
vertex 209.56021032060357 -143.3618180830241 1
vertex 209.4748516987672 -143.64320774854778 1
endloop
endfacet
facet normal 0.09801714032954582 0.9951847266721984 0
outer loop
vertex 66.74481279999995 -134.2767157000008 4
vertex 67.23253860504033 -134.32475249899204 4
vertex 67.23253860504033 -134.32475249899204 1
endloop
endfacet
facet normal 0.09801714032954582 0.9951847266721984 0
outer loop
vertex 66.74481279999995 -134.2767157000008 4
vertex 67.23253860504033 -134.32475249899204 1
vertex 66.74481279999995 -134.2767157000008 1
endloop
endfacet
facet normal -0.47139673682600847 -0.8819212643483494 0
outer loop
vertex 65.78810421908912 -139.08641453127905 4
vertex 65.35588721745398 -138.85538973075577 4
vertex 65.35588721745398 -138.8553897307528 1
endloop
endfacet
facet normal -0.47139673682600847 -0.8819212643483494 0
outer loop
vertex 65.78810421908912 -139.08641453127905 4
vertex 65.35588721745398 -138.8553897307528 1
vertex 65.78810421908912 -139.0864145312748 1
endloop
endfacet
facet normal 0.09801714032954581 0.9951847266721984 0
outer loop
vertex 125.11267519999991 -140.56918260000091 4
vertex 125.60040100503997 -140.6172193989931 4
vertex 125.60040100503997 -140.6172193989931 1
endloop
endfacet
facet normal 0.09801714032954581 0.9951847266721984 0
outer loop
vertex 125.11267519999991 -140.56918260000091 4
vertex 125.60040100503997 -140.6172193989931 1
vertex 125.11267519999991 -140.56918260000091 1
endloop
endfacet
facet normal -0.4713967368259944 -0.8819212643483568 0
outer loop
vertex 124.15596661908708 -145.37888143127918 4
vertex 123.72374961745268 -145.14785663075617 4
vertex 123.72374961745268 -145.14785663075438 1
endloop
endfacet
facet normal -0.4713967368259944 -0.8819212643483568 0
outer loop
vertex 124.15596661908708 -145.37888143127918 4
vertex 123.72374961745268 -145.14785663075438 1
vertex 124.15596661908708 -145.3788814312786 1
endloop
endfacet
facet normal -0.09801714032954582 -0.9951847266721984 0
outer loop
vertex 67.03744828302445 -135.30553777939414 4
vertex 66.74481279999989 -135.27671570000138 4
vertex 66.74481279999989 -135.27671570000138 1
endloop
endfacet
facet normal -0.09801714032954582 -0.9951847266721984 0
outer loop
vertex 67.03744828302445 -135.30553777939414 4
vertex 66.74481279999989 -135.27671570000138 1
vertex 67.03744828302445 -135.30553777939443 1
endloop
endfacet
facet normal 0.4713967368260505 0.881921264348327 0
outer loop
vertex 65.9114574504717 -138.02392011845248 4
vertex 66.17078765145189 -138.16253499876794 4
vertex 66.17078765145189 -138.16253499876794 1
endloop
endfacet
facet normal 0.4713967368260505 0.881921264348327 0
outer loop
vertex 65.9114574504717 -138.02392011845248 4
vertex 66.17078765145189 -138.16253499876794 1
vertex 65.9114574504717 -138.02392011845248 1
endloop
endfacet
facet normal 0.09801714032957415 -0.9951847266721956 0
outer loop
vertex 125.11267519999983 -141.56918260000182 4
vertex 124.82003971697569 -141.5980046793939 4
vertex 124.82003971697569 -141.5980046793939 1
endloop
endfacet
facet normal 0.09801714032957415 -0.9951847266721956 0
outer loop
vertex 125.11267519999983 -141.56918260000182 4
vertex 124.82003971697569 -141.5980046793939 1
vertex 125.11267519999983 -141.56918260000182 1
endloop
endfacet
facet normal 0.6343932841636072 0.7730104533627685 0
outer loop
vertex 124.05201502821848 -144.12984277178128 4
vertex 124.27931985046756 -144.31638701845753 4
vertex 124.27931985046756 -144.31638701845753 1
endloop
endfacet
facet normal 0.6343932841636072 0.7730104533627685 0
outer loop
vertex 124.05201502821848 -144.12984277178128 4
vertex 124.27931985046756 -144.31638701845753 1
vertex 124.05201502821848 -144.12984277178128 1
endloop
endfacet
facet normal 0 0 1
outer loop
vertex 201.00809517569314 -202.7315414217162 1
vertex 201.33468645461633 -202.6310389565625 1
vertex 201.63940267695278 -202.47640832301974 1
endloop
endfacet
facet normal 0 0 1
outer loop
vertex 201.00809517569314 -202.7315414217162 1
vertex 201.63940267695278 -202.47640832301974 1
vertex 201.91334897739156 -202.27216329015275 1
endloop
endfacet
facet normal 0 0 1
outer loop
vertex 201.00809517569314 -202.7315414217162 1
vertex 201.91334897739156 -202.27216329015275 1
vertex 202.14852868475623 -202.02426590368165 1
endloop
endfacet
facet normal 0 0 1
outer loop
vertex 201.00809517569314 -202.7315414217162 1
vertex 202.14852868475623 -202.02426590368165 1
vertex 202.33807349999455 -201.73995490000627 1
endloop
endfacet
facet normal 0 0 1
outer loop
vertex 201.00809517569314 -202.7315414217162 1
vertex 202.33807349999455 -201.73995490000627 1
vertex 209.89200876716671 -187.9940982000346 1
endloop
endfacet
facet normal 0 0 1
outer loop
vertex 201.00809517569314 -202.7315414217162 1
vertex 209.89200876716671 -187.9940982000346 1
vertex 171.09259270007598 -187.9940982000346 1
endloop
endfacet
facet normal 0 0 1
outer loop
vertex 201.00809517569314 -202.7315414217162 1
vertex 171.09259270007598 -187.9940982000346 1
vertex 199.6773167500375 -202.55875245001366 1
endloop
endfacet
facet normal 0 0 1
outer loop
vertex 201.00809517569314 -202.7315414217162 1
vertex 199.6773167500375 -202.55875245001366 1
vertex 199.99391762420822 -202.68730786778102 1
endloop
endfacet
facet normal 0 0 1
outer loop
vertex 201.00809517569314 -202.7315414217162 1
vertex 199.99391762420822 -202.68730786778102 1
vertex 200.32778135844111 -202.76009259095105 1
endloop
endfacet
facet normal 0 0 1
outer loop
vertex 201.00809517569314 -202.7315414217162 1
vertex 200.32778135844111 -202.76009259095105 1
vertex 200.66916225259877 -202.7749819859821 1
endloop
endfacet
facet normal 0 0 1
outer loop
vertex 132.87392294154662 -202.76008789095076 1
vertex 133.20778667581544 -202.68730316777294 1
vertex 133.52438510000013 -202.5587454999999 1
endloop
endfacet
facet normal 0 0 1
outer loop
vertex 132.87392294154662 -202.76008789095076 1
vertex 133.52438510000013 -202.5587454999999 1
vertex 162.10911295001546 -187.9940955999921 1
endloop
endfacet
facet normal 0 0 1
outer loop
vertex 132.87392294154662 -202.76008789095076 1
vertex 162.10911295001546 -187.9940955999921 1
vertex 123.30969201200499 -187.9940955999921 1
endloop
endfacet
facet normal 0 0 1
outer loop
vertex 132.87392294154662 -202.76008789095076 1
vertex 123.30969201200499 -187.9940955999921 1
vertex 130.8636275499684 -201.7399477499556 1
endloop
endfacet
facet normal 0 0 1
outer loop
vertex 132.87392294154662 -202.76008789095076 1
vertex 130.8636275499684 -201.7399477499556 1
vertex 131.05317561523404 -202.02426120367198 1
endloop
endfacet
facet normal 0 0 1
outer loop
vertex 132.87392294154662 -202.76008789095076 1
vertex 131.05317561523404 -202.02426120367198 1
vertex 131.28835532259794 -202.2721585901423 1
endloop
endfacet
facet normal 0 0 1
outer loop
vertex 132.87392294154662 -202.76008789095076 1
vertex 131.28835532259794 -202.2721585901423 1
vertex 131.5623016230697 -202.47640362303383 1
endloop
endfacet
facet normal 0 0 1
outer loop
vertex 132.87392294154662 -202.76008789095076 1
vertex 131.5623016230697 -202.47640362303383 1
vertex 131.86701784535214 -202.63103425654919 1
endloop
endfacet
facet normal 0 0 1
outer loop
vertex 132.87392294154662 -202.76008789095076 1
vertex 131.86701784535214 -202.63103425654919 1
vertex 132.19360912432683 -202.7315367217187 1
endloop
endfacet
facet normal 0 0 1
outer loop
vertex 132.87392294154662 -202.76008789095076 1
vertex 132.19360912432683 -202.7315367217187 1
vertex 132.53254204739693 -202.77497728598146 1
endloop
endfacet
facet normal 0 0 1
outer loop
vertex 162.10911295001546 -187.9940955999921 1
vertex 162.32486336133022 -187.89972635920495 1
vertex 123.25783206517188 -187.89972635920495 1
endloop
endfacet
facet normal 0 0 1
outer loop
vertex 162.10911295001546 -187.9940955999921 1
vertex 123.25783206517188 -187.89972635920495 1
vertex 123.30969201200499 -187.9940955999921 1
endloop
endfacet
facet normal 0 0 1
outer loop
vertex 209.89200876716671 -187.9940982000346 1
vertex 209.94387012380903 -187.89972635920495 1
vertex 172.28092201196083 -187.89972635920495 1
endloop
endfacet
facet normal 0 0 1
outer loop
vertex 209.89200876716671 -187.9940982000346 1
vertex 172.28092201196083 -187.89972635920495 1
vertex 170.87684436801896 -187.89972635920495 1
endloop
endfacet
facet normal 0 0 1
outer loop
vertex 209.89200876716671 -187.9940982000346 1
vertex 170.87684436801896 -187.89972635920495 1
vertex 171.09259270007598 -187.9940982000346 1
endloop
endfacet
facet normal 0 0 1
outer loop
vertex 162.32486336133022 -187.89972635920495 1
vertex 162.55019857916392 -187.83137249608797 1
vertex 123.22026868458818 -187.83137249608797 1
endloop
endfacet
facet normal 0 0 1
outer loop
vertex 162.32486336133022 -187.89972635920495 1
vertex 123.22026868458818 -187.83137249608797 1
vertex 123.25783206517188 -187.89972635920495 1
endloop
endfacet
facet normal 0 0 1
outer loop
vertex 172.28092201196083 -187.89972635920495 1
vertex 171.12169980043194 -187.83137099609579 1
vertex 170.65150112974376 -187.83137099609579 1
endloop
endfacet
facet normal 0 0 1
outer loop
vertex 172.28092201196083 -187.89972635920495 1
vertex 170.65150112974376 -187.83137099609579 1
vertex 170.87684436801896 -187.89972635920495 1
endloop
endfacet
facet normal 0 0 1
outer loop
vertex 162.55019857916392 -187.83137249608797 1
vertex 162.78201872990743 -187.78997712155584 1
vertex 123.19752015016672 -187.78997712155584 1
endloop
endfacet
facet normal 0 0 1
outer loop
vertex 162.55019857916392 -187.83137249608797 1
vertex 123.19752015016672 -187.78997712155584 1
vertex 123.22026868458818 -187.83137249608797 1
endloop
endfacet
facet normal 0 0 1
outer loop
vertex 171.12169980043194 -187.83137099609579 1
vertex 170.41968557006558 -187.78997562155305 1
vertex 170.65150112974376 -187.83137099609579 1
endloop
endfacet
facet normal 0 0 1
outer loop
vertex 209.94387012380903 -187.89972635920495 1
vertex 210.01179836065128 -187.7761177000768 1
vertex 170.18468615427585 -187.7761177000768 1
endloop
endfacet
facet normal 0 0 1
outer loop
vertex 209.94387012380903 -187.89972635920495 1
vertex 170.18468615427585 -187.7761177000768 1
vertex 170.41968557006558 -187.78997562155305 1
endloop
endfacet
facet normal 0 0 1
outer loop
vertex 209.94387012380903 -187.89972635920495 1
vertex 170.41968557006558 -187.78997562155305 1
vertex 171.12169980043194 -187.83137099609579 1
endloop
endfacet
facet normal 0 0 1
outer loop
vertex 209.94387012380903 -187.89972635920495 1
vertex 171.12169980043194 -187.83137099609579 1
vertex 172.28092201196083 -187.89972635920495 1
endloop
endfacet
facet normal 0 0 1
outer loop
vertex 179.0824053833448 -187.7761177000768 1
vertex 170.1846113500126 -187.77611328911712 1
vertex 170.18468615427585 -187.7761177000768 1
endloop
endfacet
facet normal 0 0 -1
outer loop
vertex 210.01179836065128 -187.7761177000768 1
vertex 168.18046678199607 -187.77611328911712 1
vertex 170.1846113500126 -187.77611328911712 1
endloop
endfacet
facet normal 0 0 -1
outer loop
vertex 210.01179836065128 -187.7761177000768 1
vertex 170.1846113500126 -187.77611328911712 1
vertex 179.0824053833448 -187.7761177000768 1
endloop
endfacet
facet normal 0 0 1
outer loop
vertex 162.78201872990743 -187.78997712155584 1
vertex 163.01709590000735 -187.7761112000005 1
vertex 123.1899002313388 -187.7761112000005 1
endloop
endfacet
facet normal 0 0 1
outer loop
vertex 162.78201872990743 -187.78997712155584 1
vertex 123.1899002313388 -187.7761112000005 1
vertex 123.19752015016672 -187.78997712155584 1
endloop
endfacet
facet normal 0 0 -1
outer loop
vertex 170.18468615427585 -187.7761177000768 1
vertex 168.18046678199607 -187.77611328911712 1
vertex 170.18468615427585 -187.7761177000768 1
endloop
endfacet
facet normal 0 0 -1
outer loop
vertex 170.18468615427585 -187.7761177000768 1
vertex 170.18468615427585 -187.7761177000768 1
vertex 210.01179836065128 -187.7761177000768 1
endloop
endfacet
facet normal 0 0 -1
outer loop
vertex 170.18468615427585 -187.7761177000768 1
vertex 210.01179836065128 -187.7761177000768 1
vertex 179.0824053833448 -187.7761177000768 1
endloop
endfacet
facet normal 0 0 -1
outer loop
vertex 170.18468615427585 -187.7761177000768 1
vertex 179.0824053833448 -187.7761177000768 1
vertex 168.18046678199607 -187.77611328911712 1
endloop
endfacet
facet normal 0 0 -1
outer loop
vertex 170.18468615427585 -187.7761177000768 1
vertex 168.18046678199607 -187.77611328911712 1
vertex 163.01709590000735 -187.7761112000005 1
endloop
endfacet
facet normal 0 0 -1
outer loop
vertex 170.18468615427585 -187.7761177000768 1
vertex 163.01709590000735 -187.7761112000005 1
vertex 165.4009164936443 -187.77611328911712 1
endloop
endfacet
facet normal 0 0 1
outer loop
vertex 163.01709590000735 -187.7761112000005 1
vertex 168.18046678199607 -187.77611328911712 1
vertex 210.01179836065128 -187.7761177000768 1
endloop
endfacet
facet normal 0 0 1
outer loop
vertex 163.01709590000735 -187.7761112000005 1
vertex 210.01179836065128 -187.7761177000768 1
vertex 220.4144253478443 -168.8465114998979 1
endloop
endfacet
facet normal 0 0 1
outer loop
vertex 163.01709590000735 -187.7761112000005 1
vertex 220.4144253478443 -168.8465114998979 1
vertex 112.78727299993743 -168.8465114998979 1
endloop
endfacet
facet normal 0 0 1
outer loop
vertex 163.01709590000735 -187.7761112000005 1
vertex 112.78727299993743 -168.8465114998979 1
vertex 123.1899002313388 -187.7761112000005 1
endloop
endfacet
facet normal 0 0 1
outer loop
vertex 220.4144253478443 -168.8465114998979 1
vertex 220.54475739969232 -168.6402528655666 1
vertex 112.6569455678525 -168.6402528655666 1
endloop
endfacet
facet normal 0 0 1
outer loop
vertex 220.4144253478443 -168.8465114998979 1
vertex 112.6569455678525 -168.6402528655666 1
vertex 112.78727299993743 -168.8465114998979 1
endloop
endfacet
facet normal 0 0 1
outer loop
vertex 220.54475739969232 -168.6402528655666 1
vertex 220.69923903751416 -168.45139324771645 1
vertex 112.50246840846367 -168.45139324771645 1
endloop
endfacet
facet normal 0 0 1
outer loop
vertex 220.54475739969232 -168.6402528655666 1
vertex 112.50246840846367 -168.45139324771645 1
vertex 112.6569455678525 -168.6402528655666 1
endloop
endfacet
facet normal 0 0 1
outer loop
vertex 220.69923903751416 -168.45139324771645 1
vertex 220.7724058200891 -168.3814158339539 1
vertex 112.4293016751679 -168.3814158339539 1
endloop
endfacet
facet normal 0 0 1
outer loop
vertex 220.69923903751416 -168.45139324771645 1
vertex 112.4293016751679 -168.3814158339539 1
vertex 112.50246840846367 -168.45139324771645 1
endloop
endfacet
facet normal 0 0 1
outer loop
vertex 220.7724058200891 -168.3814158339539 1
vertex 194.99922740322444 -168.38141216404082 1
vertex 214.65950075769462 -168.3814158339539 1
endloop
endfacet
facet normal 0 0 -1
outer loop
vertex 194.99922740322444 -168.38141216404082 1
vertex 220.7724058200891 -168.3814158339539 1
vertex 214.65950075769462 -168.3814158339539 1
endloop
endfacet
facet normal 0 0 -1
outer loop
vertex 194.99922740322444 -168.38141216404082 1
vertex 214.65950075769462 -168.3814158339539 1
vertex 194.99922740322444 -168.38141216404082 1
endloop
endfacet
facet normal 0 0 -1
outer loop
vertex 194.99922740322444 -168.38141216404082 1
vertex 194.99922740322444 -168.38141216404082 1
vertex 167.517184690434 -168.38141216404082 1
endloop
endfacet
facet normal 0 0 -1
outer loop
vertex 194.99922740322444 -168.38141216404082 1
vertex 167.517184690434 -168.38141216404082 1
vertex 116.945028082394 -168.38140887257444 1
endloop
endfacet
facet normal 0 0 -1
outer loop
vertex 194.99922740322444 -168.38141216404082 1
vertex 116.945028082394 -168.38140887257444 1
vertex 167.517184690434 -168.38141216404082 1
endloop
endfacet
facet normal 0 0 1
outer loop
vertex 112.4293016751679 -168.3814158339539 1
vertex 220.7724058200891 -168.3814158339539 1
vertex 220.8755633771921 -168.28275499621753 1
endloop
endfacet
facet normal 0 0 1
outer loop
vertex 112.4293016751679 -168.3814158339539 1
vertex 220.8755633771921 -168.28275499621753 1
vertex 112.32614664445407 -168.28275499621753 1
endloop
endfacet
facet normal 0 0 1
outer loop
vertex 112.4293016751679 -168.3814158339539 1
vertex 112.32614664445407 -168.28275499621753 1
vertex 112.42929408939162 -168.38140887257444 1
endloop
endfacet
facet normal 0 0 1
outer loop
vertex 220.8755633771921 -168.28275499621753 1
vertex 220.9087605800349 -168.25798384999996 1
vertex 112.29295086270783 -168.25798384999996 1
endloop
endfacet
facet normal 0 0 1
outer loop
vertex 220.8755633771921 -168.28275499621753 1
vertex 112.29295086270783 -168.25798384999996 1
vertex 112.32614664445407 -168.28275499621753 1
endloop
endfacet
facet normal 0 0 1
outer loop
vertex 112.29295086270783 -168.25798384999996 1
vertex 220.9087605800349 -168.25798384999996 1
vertex 221.07110994835824 -168.13684187369952 1
endloop
endfacet
facet normal 0 0 1
outer loop
vertex 112.29295086270783 -168.25798384999996 1
vertex 221.07110994835824 -168.13684187369952 1
vertex 112.1306050768993 -168.13684187369952 1
endloop
endfacet
facet normal 0 0 1
outer loop
vertex 112.29295086270783 -168.25798384999996 1
vertex 112.1306050768993 -168.13684187369952 1
vertex 112.29294047671392 -168.25797610000004 1
endloop
endfacet
facet normal 0 0 1
outer loop
vertex 221.07110994835824 -168.13684187369952 1
vertex 221.07112094406546 -168.1368355925313 1
vertex 112.1306050768993 -168.13684187369952 1
endloop
endfacet
facet normal 0 0 1
outer loop
vertex 221.07112094406546 -168.1368355925313 1
vertex 221.28296740003572 -168.01582079998104 1
vertex 111.91874534060844 -168.01582079998104 1
endloop
endfacet
facet normal 0 0 1
outer loop
vertex 221.07112094406546 -168.1368355925313 1
vertex 111.91874534060844 -168.01582079998104 1
vertex 112.1306050768993 -168.13684187369952 1
endloop
endfacet
facet normal 0 0 1
outer loop
vertex 221.28296740003572 -168.01582079998104 1
vertex 221.28297764531294 -168.01581574998664 1
vertex 111.91874534060844 -168.01582079998104 1
endloop
endfacet
facet normal 0 0 1
outer loop
vertex 221.28297764531294 -168.01581574998664 1
vertex 266.82203401819396 -145.5691826000006 1
vertex 208.08903239999995 -145.5691826000006 1
endloop
endfacet
facet normal 0 0 1
outer loop
vertex 221.28297764531294 -168.01581574998664 1
vertex 208.08903239999995 -145.5691826000006 1
vertex 125.11267519999996 -145.5691826000004 1
endloop
endfacet
facet normal 0 0 1
outer loop
vertex 221.28297764531294 -168.01581574998664 1
vertex 125.11267519999996 -145.5691826000004 1
vertex 66.37968767184358 -145.5691826000006 1
endloop
endfacet
facet normal 0 0 1
outer loop
vertex 221.28297764531294 -168.01581574998664 1
vertex 66.37968767184358 -145.5691826000006 1
vertex 111.91874534060844 -168.01582079998104 1
endloop
endfacet
facet normal 0 0 1
outer loop
vertex 125.11267519999996 -145.5691826000004 1
vertex 124.62494939495983 -145.52114580100758 1
vertex 66.28223207036073 -145.5211458010116 1
endloop
endfacet
facet normal 0 0 1
outer loop
vertex 125.11267519999996 -145.5691826000004 1
vertex 66.28223207036073 -145.5211458010116 1
vertex 66.37968767184358 -145.5691826000006 1
endloop
endfacet
facet normal 0 0 1
outer loop
vertex 208.08903239999995 -145.5691826000006 1
vertex 207.60130659495866 -145.5211458010116 1
vertex 125.60040100504027 -145.52114580100746 1
endloop
endfacet
facet normal 0 0 1
outer loop
vertex 208.08903239999995 -145.5691826000006 1
vertex 125.60040100504027 -145.52114580100746 1
vertex 125.11267519999996 -145.5691826000004 1
endloop
endfacet
facet normal 0 0 1
outer loop
vertex 266.82203401819396 -145.5691826000006 1
vertex 266.9194896358231 -145.5211458010116 1
vertex 208.57675820504028 -145.52114580100732 1
endloop
endfacet
facet normal 0 0 1
outer loop
vertex 266.82203401819396 -145.5691826000006 1
vertex 208.57675820504028 -145.52114580100732 1
vertex 208.08903239999995 -145.5691826000006 1
endloop
endfacet
facet normal 0 0 1
outer loop
vertex 124.62494939495983 -145.52114580100758 1
vertex 124.15596661908708 -145.3788814312786 1
vertex 65.99361043003866 -145.37888143128015 1
endloop
endfacet
facet normal 0 0 1
outer loop
vertex 124.62494939495983 -145.52114580100758 1
vertex 65.99361043003866 -145.37888143128015 1
vertex 66.28223207036073 -145.5211458010116 1
endloop
endfacet
facet normal 0 0 1
outer loop
vertex 207.60130659495866 -145.5211458010116 1
vertex 207.13232381908628 -145.37888143128015 1
vertex 126.06938378091303 -145.37888143127918 1
endloop
endfacet
facet normal 0 0 1
outer loop
vertex 207.60130659495866 -145.5211458010116 1
vertex 126.06938378091303 -145.37888143127918 1
vertex 125.60040100504027 -145.52114580100746 1
endloop
endfacet
facet normal 0 0 1
outer loop
vertex 266.9194896358231 -145.5211458010116 1
vertex 267.20811132396256 -145.37888143128015 1
vertex 209.04574098091345 -145.37888143128055 1
endloop
endfacet
facet normal 0 0 1
outer loop
vertex 266.9194896358231 -145.5211458010116 1
vertex 209.04574098091345 -145.37888143128055 1
vertex 208.57675820504028 -145.52114580100732 1
endloop
endfacet
facet normal 0 0 1
outer loop
vertex 124.15596661908708 -145.3788814312786 1
vertex 123.72374961745268 -145.14785663075438 1
vertex 65.52491431863197 -145.14785663075776 1
endloop
endfacet
facet normal 0 0 1
outer loop
vertex 124.15596661908708 -145.3788814312786 1
vertex 65.52491431863197 -145.14785663075776 1
vertex 65.99361043003866 -145.37888143128015 1
endloop
endfacet
facet normal 0 0 1
outer loop
vertex 207.13232381908628 -145.37888143128015 1
vertex 206.70010681744992 -145.14785663075776 1
vertex 126.5016007825489 -145.14785663075617 1
endloop
endfacet
facet normal 0 0 1
outer loop
vertex 207.13232381908628 -145.37888143128015 1
vertex 126.5016007825489 -145.14785663075617 1
vertex 126.06938378091303 -145.37888143127918 1
endloop
endfacet
facet normal 0 0 1
outer loop
vertex 267.20811132396256 -145.37888143128015 1
vertex 267.6768075130211 -145.14785663075776 1
vertex 209.47795798254919 -145.14785663075668 1
endloop
endfacet
facet normal 0 0 1
outer loop
vertex 267.20811132396256 -145.37888143128015 1
vertex 209.47795798254919 -145.14785663075668 1
vertex 209.04574098091345 -145.37888143128055 1
endloop
endfacet
facet normal 0 0 1
outer loop
vertex 123.72374961745268 -145.14785663075438 1
vertex 123.34490824703579 -144.83694955296463 1
vertex 64.89415546487211 -144.83694955296798 1
endloop
endfacet
facet normal 0 0 1
outer loop
vertex 123.72374961745268 -145.14785663075438 1
vertex 64.89415546487211 -144.83694955296798 1
vertex 65.52491431863197 -145.14785663075776 1
endloop
endfacet
facet normal 0 0 1
outer loop
vertex 206.70010681744992 -145.14785663075776 1
vertex 206.32126544703175 -144.83694955296798 1
vertex 126.88044215296605 -144.836949552966 1
endloop
endfacet
facet normal 0 0 1
outer loop
vertex 206.70010681744992 -145.14785663075776 1
vertex 126.88044215296605 -144.836949552966 1
vertex 126.5016007825489 -145.14785663075617 1
endloop
endfacet
facet normal 0 0 1
outer loop
vertex 267.6768075130211 -145.14785663075776 1
vertex 268.30756647128317 -144.83694955296798 1
vertex 209.8567993529657 -144.83694955296556 1
endloop
endfacet
facet normal 0 0 1
outer loop
vertex 267.6768075130211 -145.14785663075776 1
vertex 209.8567993529657 -144.83694955296556 1
vertex 209.47795798254919 -145.14785663075668 1
endloop
endfacet
facet normal 0 0 1
outer loop
vertex 123.34490824703579 -144.83694955296463 1
vertex 123.03400116924293 -144.45810818254944 1
vertex 64.12557357775687 -144.45810818254952 1
endloop
endfacet
facet normal 0 0 1
outer loop
vertex 123.34490824703579 -144.83694955296463 1
vertex 64.12557357775687 -144.45810818254952 1
vertex 64.89415546487211 -144.83694955296798 1
endloop
endfacet
facet normal 0 0 1
outer loop
vertex 206.32126544703175 -144.83694955296798 1
vertex 206.01035836924274 -144.45810818254952 1
vertex 127.19134923075558 -144.4581081825484 1
endloop
endfacet
facet normal 0 0 1
outer loop
vertex 206.32126544703175 -144.83694955296798 1
vertex 127.19134923075558 -144.4581081825484 1
vertex 126.88044215296605 -144.836949552966 1
endloop
endfacet
facet normal 0 0 1
outer loop
vertex 268.30756647128317 -144.83694955296798 1
vertex 269.07614848573473 -144.45810818254952 1
vertex 210.1677064307566 -144.4581081825492 1
endloop
endfacet
facet normal 0 0 1
outer loop
vertex 268.30756647128317 -144.83694955296798 1
vertex 210.1677064307566 -144.4581081825492 1
vertex 209.8567993529657 -144.83694955296556 1
endloop
endfacet
facet normal 0 0 1
outer loop
vertex 123.03400116924293 -144.45810818254944 1
vertex 122.80297636872184 -144.0258911809127 1
vertex 63.24870482820483 -144.02589118091308 1
endloop
endfacet
facet normal 0 0 1
outer loop
vertex 123.03400116924293 -144.45810818254944 1
vertex 63.24870482820483 -144.02589118091308 1
vertex 64.12557357775687 -144.45810818254952 1
endloop
endfacet
facet normal 0 0 1
outer loop
vertex 206.01035836924274 -144.45810818254952 1
vertex 205.77933356872055 -144.02589118091308 1
vertex 127.42237403127828 -144.02589118091277 1
endloop
endfacet
facet normal 0 0 1
outer loop
vertex 206.01035836924274 -144.45810818254952 1
vertex 127.42237403127828 -144.02589118091277 1
vertex 127.19134923075558 -144.4581081825484 1
endloop
endfacet
facet normal 0 0 1
outer loop
vertex 269.07614848573473 -144.45810818254952 1
vertex 269.9530173805633 -144.02589118091308 1
vertex 210.3987312312782 -144.0258911809127 1
endloop
endfacet
facet normal 0 0 1
outer loop
vertex 269.07614848573473 -144.45810818254952 1
vertex 210.3987312312782 -144.0258911809127 1
vertex 210.1677064307566 -144.4581081825492 1
endloop
endfacet
facet normal 0 0 1
outer loop
vertex 122.80297636872184 -144.0258911809127 1
vertex 122.66071199899228 -143.55690840504033 1
vertex 62.297246790510734 -143.55690840504033 1
endloop
endfacet
facet normal 0 0 1
outer loop
vertex 122.80297636872184 -144.0258911809127 1
vertex 62.297246790510734 -143.55690840504033 1
vertex 63.24870482820483 -144.02589118091308 1
endloop
endfacet
facet normal 0 0 1
outer loop
vertex 205.77933356872055 -144.02589118091308 1
vertex 205.6370691989927 -143.55690840504033 1
vertex 127.56463840100866 -143.5569084050404 1
endloop
endfacet
facet normal 0 0 1
outer loop
vertex 205.77933356872055 -144.02589118091308 1
vertex 127.56463840100866 -143.5569084050404 1
vertex 127.42237403127828 -144.02589118091277 1
endloop
endfacet
facet normal 0 0 1
outer loop
vertex 269.9530173805633 -144.02589118091308 1
vertex 270.9044755758917 -143.55690840504033 1
vertex 210.5409956010083 -143.5569084050404 1
endloop
endfacet
facet normal 0 0 1
outer loop
vertex 269.9530173805633 -144.02589118091308 1
vertex 210.5409956010083 -143.5569084050404 1
vertex 210.3987312312782 -144.0258911809127 1
endloop
endfacet
facet normal 0 0 1
outer loop
vertex 122.66071199899228 -143.55690840504033 1
vertex 122.61267520000008 -143.0691826 1
vertex 61.307763463454144 -143.06918260000003 1
endloop
endfacet
facet normal 0 0 1
outer loop
vertex 122.66071199899228 -143.55690840504033 1
vertex 61.307763463454144 -143.06918260000003 1
vertex 62.297246790510734 -143.55690840504033 1
endloop
endfacet
facet normal 0 0 1
outer loop
vertex 205.6370691989927 -143.55690840504033 1
vertex 205.5890323999999 -143.06918260000003 1
vertex 127.61267520000058 -143.06918260000006 1
endloop
endfacet
facet normal 0 0 1
outer loop
vertex 205.6370691989927 -143.55690840504033 1
vertex 127.61267520000058 -143.06918260000006 1
vertex 127.56463840100866 -143.5569084050404 1
endloop
endfacet
facet normal 0 0 1
outer loop
vertex 270.9044755758917 -143.55690840504033 1
vertex 271.89395906688253 -143.06918260000003 1
vertex 210.5890324000002 -143.06918260000006 1
endloop
endfacet
facet normal 0 0 1
outer loop
vertex 270.9044755758917 -143.55690840504033 1
vertex 210.5890324000002 -143.06918260000006 1
vertex 210.5409956010083 -143.5569084050404 1
endloop
endfacet
facet normal 0 0 1
outer loop
vertex 122.61267520000008 -143.0691826 1
vertex 122.66071199899305 -142.58145679496002 1
vertex 60.31828013639721 -142.58145679495988 1
endloop
endfacet
facet normal 0 0 1
outer loop
vertex 122.61267520000008 -143.0691826 1
vertex 60.31828013639721 -142.58145679495988 1
vertex 61.307763463454144 -143.06918260000003 1
endloop
endfacet
facet normal 0 0 1
outer loop
vertex 205.5890323999999 -143.06918260000003 1
vertex 205.63706919899272 -142.58145679495988 1
vertex 127.5646384010084 -142.58145679495968 1
endloop
endfacet
facet normal 0 0 1
outer loop
vertex 205.5890323999999 -143.06918260000003 1
vertex 127.5646384010084 -142.58145679495968 1
vertex 127.61267520000058 -143.06918260000006 1
endloop
endfacet
facet normal 0 0 1
outer loop
vertex 271.89395906688253 -143.06918260000003 1
vertex 272.88344255787376 -142.58145679495988 1
vertex 210.54099560100875 -142.58145679495965 1
endloop
endfacet
facet normal 0 0 1
outer loop
vertex 271.89395906688253 -143.06918260000003 1
vertex 210.54099560100875 -142.58145679495965 1
vertex 210.5890324000002 -143.06918260000006 1
endloop
endfacet
facet normal 0 0 1
outer loop
vertex 122.66071199899305 -142.58145679496002 1
vertex 122.80297636872174 -142.11247401908724 1
vertex 59.36682209866195 -142.11247401908744 1
endloop
endfacet
facet normal 0 0 1
outer loop
vertex 122.66071199899305 -142.58145679496002 1
vertex 59.36682209866195 -142.11247401908744 1
vertex 60.31828013639721 -142.58145679495988 1
endloop
endfacet
facet normal 0 0 1
outer loop
vertex 205.63706919899272 -142.58145679495988 1
vertex 205.77933356872214 -142.11247401908744 1
vertex 127.42237403127828 -142.11247401908724 1
endloop
endfacet
facet normal 0 0 1
outer loop
vertex 205.63706919899272 -142.58145679495988 1
vertex 127.42237403127828 -142.11247401908724 1
vertex 127.5646384010084 -142.58145679495968 1
endloop
endfacet
facet normal 0 0 1
outer loop
vertex 272.88344255787376 -142.58145679495988 1
vertex 273.8349007532431 -142.11247401908744 1
vertex 210.39873123127626 -142.11247401908793 1
endloop
endfacet
facet normal 0 0 1
outer loop
vertex 272.88344255787376 -142.58145679495988 1
vertex 210.39873123127626 -142.11247401908793 1
vertex 210.54099560100875 -142.58145679495965 1
endloop
endfacet
facet normal 0 0 1
outer loop
vertex 122.80297636872174 -142.11247401908724 1
vertex 123.03400116924391 -141.6802570174512 1
vertex 58.4899533491106 -141.68025701745123 1
endloop
endfacet
facet normal 0 0 1
outer loop
vertex 122.80297636872174 -142.11247401908724 1
vertex 58.4899533491106 -141.68025701745123 1
vertex 59.36682209866195 -142.11247401908744 1
endloop
endfacet
facet normal 0 0 1
outer loop
vertex 205.77933356872214 -142.11247401908744 1
vertex 206.01035836924393 -141.68025701745123 1
vertex 127.19134923075893 -141.6802570174496 1
endloop
endfacet
facet normal 0 0 1
outer loop
vertex 205.77933356872214 -142.11247401908744 1
vertex 127.19134923075893 -141.6802570174496 1
vertex 127.42237403127828 -142.11247401908724 1
endloop
endfacet
facet normal 0 0 1
outer loop
vertex 273.8349007532431 -142.11247401908744 1
vertex 274.71176964807114 -141.68025701745123 1
vertex 210.16770643075543 -141.68025701745154 1
endloop
endfacet
facet normal 0 0 1
outer loop
vertex 273.8349007532431 -142.11247401908744 1
vertex 210.16770643075543 -141.68025701745154 1
vertex 210.39873123127626 -142.11247401908793 1
endloop
endfacet
facet normal 0 0 1
outer loop
vertex 125.40531068302408 -144.54036052060357 1
vertex 125.68670034854756 -144.4550018987667 1
vertex 125.94603054952975 -144.31638701845446 1
endloop
endfacet
facet normal 0 0 1
outer loop
vertex 125.40531068302408 -144.54036052060357 1
vertex 125.94603054952975 -144.31638701845446 1
vertex 126.17333537178035 -144.12984277178052 1
endloop
endfacet
facet normal 0 0 1
outer loop
vertex 125.40531068302408 -144.54036052060357 1
vertex 126.17333537178035 -144.12984277178052 1
vertex 126.35987961845342 -143.9025379495291 1
endloop
endfacet
facet normal 0 0 1
outer loop
vertex 125.40531068302408 -144.54036052060357 1
vertex 126.35987961845342 -143.9025379495291 1
vertex 126.49849449876771 -143.64320774854806 1
endloop
endfacet
facet normal 0 0 1
outer loop
vertex 125.40531068302408 -144.54036052060357 1
vertex 126.49849449876771 -143.64320774854806 1
vertex 126.58385312060376 -143.3618180830241 1
endloop
endfacet
facet normal 0 0 1
outer loop
vertex 125.40531068302408 -144.54036052060357 1
vertex 126.58385312060376 -143.3618180830241 1
vertex 126.61267519999892 -143.0691825999999 1
endloop
endfacet
facet normal 0 0 1
outer loop
vertex 125.40531068302408 -144.54036052060357 1
vertex 126.61267519999892 -143.0691825999999 1
vertex 126.58385312060435 -142.7765471169759 1
endloop
endfacet
facet normal 0 0 1
outer loop
vertex 125.40531068302408 -144.54036052060357 1
vertex 126.58385312060435 -142.7765471169759 1
vertex 126.49849449876734 -142.49515745145223 1
endloop
endfacet
facet normal 0 0 1
outer loop
vertex 125.40531068302408 -144.54036052060357 1
vertex 126.49849449876734 -142.49515745145223 1
vertex 126.35987961845369 -142.2358272504707 1
endloop
endfacet
facet normal 0 0 1
outer loop
vertex 125.40531068302408 -144.54036052060357 1
vertex 126.35987961845369 -142.2358272504707 1
vertex 126.1733353717829 -142.00852242821773 1
endloop
endfacet
facet normal 0 0 1
outer loop
vertex 125.40531068302408 -144.54036052060357 1
vertex 126.1733353717829 -142.00852242821773 1
vertex 125.94603054952661 -141.82197818154955 1
endloop
endfacet
facet normal 0 0 1
outer loop
vertex 125.40531068302408 -144.54036052060357 1
vertex 125.94603054952661 -141.82197818154955 1
vertex 125.68670034854703 -141.6833633012342 1
endloop
endfacet
facet normal 0 0 1
outer loop
vertex 125.40531068302408 -144.54036052060357 1
vertex 125.68670034854703 -141.6833633012342 1
vertex 125.40531068302397 -141.5980046793959 1
endloop
endfacet
facet normal 0 0 1
outer loop
vertex 125.40531068302408 -144.54036052060357 1
vertex 125.40531068302397 -141.5980046793959 1
vertex 125.11267519999983 -141.56918260000182 1
endloop
endfacet
facet normal 0 0 1
outer loop
vertex 125.40531068302408 -144.54036052060357 1
vertex 125.11267519999983 -141.56918260000182 1
vertex 124.82003971697569 -141.5980046793939 1
endloop
endfacet
facet normal 0 0 1
outer loop
vertex 125.40531068302408 -144.54036052060357 1
vertex 124.82003971697569 -141.5980046793939 1
vertex 124.5386500514523 -141.68336330123284 1
endloop
endfacet
facet normal 0 0 1
outer loop
vertex 125.40531068302408 -144.54036052060357 1
vertex 124.5386500514523 -141.68336330123284 1
vertex 124.27931985047059 -141.82197818154617 1
endloop
endfacet
facet normal 0 0 1
outer loop
vertex 125.40531068302408 -144.54036052060357 1
vertex 124.27931985047059 -141.82197818154617 1
vertex 124.05201502822034 -142.00852242822037 1
endloop
endfacet
facet normal 0 0 1
outer loop
vertex 125.40531068302408 -144.54036052060357 1
vertex 124.05201502822034 -142.00852242822037 1
vertex 123.86547078154571 -142.2358272504702 1
endloop
endfacet
facet normal 0 0 1
outer loop
vertex 125.40531068302408 -144.54036052060357 1
vertex 123.86547078154571 -142.2358272504702 1
vertex 123.72685590123365 -142.49515745145268 1
endloop
endfacet
facet normal 0 0 1
outer loop
vertex 125.40531068302408 -144.54036052060357 1
vertex 123.72685590123365 -142.49515745145268 1
vertex 123.64149727939368 -142.7765471169754 1
endloop
endfacet
facet normal 0 0 1
outer loop
vertex 125.40531068302408 -144.54036052060357 1
vertex 123.64149727939368 -142.7765471169754 1
vertex 123.61267519999899 -143.06918259999995 1
endloop
endfacet
facet normal 0 0 1
outer loop
vertex 125.40531068302408 -144.54036052060357 1
vertex 123.61267519999899 -143.06918259999995 1
vertex 123.6414972793945 -143.36181808302427 1
endloop
endfacet
facet normal 0 0 1
outer loop
vertex 125.40531068302408 -144.54036052060357 1
vertex 123.6414972793945 -143.36181808302427 1
vertex 123.72685590123345 -143.6432077485475 1
endloop
endfacet
facet normal 0 0 1
outer loop
vertex 125.40531068302408 -144.54036052060357 1
vertex 123.72685590123345 -143.6432077485475 1
vertex 123.86547078154393 -143.9025379495306 1
endloop
endfacet
facet normal 0 0 1
outer loop
vertex 125.40531068302408 -144.54036052060357 1
vertex 123.86547078154393 -143.9025379495306 1
vertex 124.05201502821848 -144.12984277178128 1
endloop
endfacet
facet normal 0 0 1
outer loop
vertex 125.40531068302408 -144.54036052060357 1
vertex 124.05201502821848 -144.12984277178128 1
vertex 124.27931985046756 -144.31638701845753 1
endloop
endfacet
facet normal 0 0 1
outer loop
vertex 125.40531068302408 -144.54036052060357 1
vertex 124.27931985046756 -144.31638701845753 1
vertex 124.53865005145349 -144.45500189876492 1
endloop
endfacet
facet normal 0 0 1
outer loop
vertex 125.40531068302408 -144.54036052060357 1
vertex 124.53865005145349 -144.45500189876492 1
vertex 124.82003971697617 -144.54036052060357 1
endloop
endfacet
facet normal 0 0 1
outer loop
vertex 125.40531068302408 -144.54036052060357 1
vertex 124.82003971697617 -144.54036052060357 1
vertex 125.11267519999973 -144.5691826000029 1
endloop
endfacet
facet normal 0 0 1
outer loop
vertex 208.38166788302408 -144.54036052060354 1
vertex 208.66305754854773 -144.45500189876725 1
vertex 208.92238774952938 -144.3163870184537 1
endloop
endfacet
facet normal 0 0 1
outer loop
vertex 208.38166788302408 -144.54036052060354 1
vertex 208.92238774952938 -144.3163870184537 1
vertex 209.1496925717792 -144.12984277177907 1
endloop
endfacet
facet normal 0 0 1
outer loop
vertex 208.38166788302408 -144.54036052060354 1
vertex 209.1496925717792 -144.12984277177907 1
vertex 209.336236818454 -143.9025379495296 1
endloop
endfacet
facet normal 0 0 1
outer loop
vertex 208.38166788302408 -144.54036052060354 1
vertex 209.336236818454 -143.9025379495296 1
vertex 209.4748516987672 -143.64320774854778 1
endloop
endfacet
facet normal 0 0 1
outer loop
vertex 208.38166788302408 -144.54036052060354 1
vertex 209.4748516987672 -143.64320774854778 1
vertex 209.56021032060357 -143.3618180830241 1
endloop
endfacet
facet normal 0 0 1
outer loop
vertex 208.38166788302408 -144.54036052060354 1
vertex 209.56021032060357 -143.3618180830241 1
vertex 209.58903239999873 -143.0691825999999 1
endloop
endfacet
facet normal 0 0 1
outer loop
vertex 208.38166788302408 -144.54036052060354 1
vertex 209.58903239999873 -143.0691825999999 1
vertex 209.5602103206071 -142.77654711697562 1
endloop
endfacet
facet normal 0 0 1
outer loop
vertex 208.38166788302408 -144.54036052060354 1
vertex 209.5602103206071 -142.77654711697562 1
vertex 209.47485169876677 -142.4951574514524 1
endloop
endfacet
facet normal 0 0 1
outer loop
vertex 208.38166788302408 -144.54036052060354 1
vertex 209.47485169876677 -142.4951574514524 1
vertex 209.33623681845108 -142.23582725047208 1
endloop
endfacet
facet normal 0 0 1
outer loop
vertex 208.38166788302408 -144.54036052060354 1
vertex 209.33623681845108 -142.23582725047208 1
vertex 209.14969257178143 -142.0085224282189 1
endloop
endfacet
facet normal 0 0 1
outer loop
vertex 208.38166788302408 -144.54036052060354 1
vertex 209.14969257178143 -142.0085224282189 1
vertex 208.9223877495273 -141.82197818154881 1
endloop
endfacet
facet normal 0 0 1
outer loop
vertex 208.38166788302408 -144.54036052060354 1
vertex 208.9223877495273 -141.82197818154881 1
vertex 208.66305754854855 -141.6833633012314 1
endloop
endfacet
facet normal 0 0 1
outer loop
vertex 208.38166788302408 -144.54036052060354 1
vertex 208.66305754854855 -141.6833633012314 1
vertex 208.381667883024 -141.59800467939576 1
endloop
endfacet
facet normal 0 0 1
outer loop
vertex 208.38166788302408 -144.54036052060354 1
vertex 208.381667883024 -141.59800467939576 1
vertex 208.0890324000002 -141.56918259999804 1
endloop
endfacet
facet normal 0 0 1
outer loop
vertex 208.38166788302408 -144.54036052060354 1
vertex 208.0890324000002 -141.56918259999804 1
vertex 207.7963969169757 -141.59800467939374 1
endloop
endfacet
facet normal 0 0 1
outer loop
vertex 208.38166788302408 -144.54036052060354 1
vertex 207.7963969169757 -141.59800467939374 1
vertex 207.51500725145226 -141.68336330123273 1
endloop
endfacet
facet normal 0 0 1
outer loop
vertex 208.38166788302408 -144.54036052060354 1
vertex 207.51500725145226 -141.68336330123273 1
vertex 207.25567705047064 -141.82197818154623 1
endloop
endfacet
facet normal 0 0 1
outer loop
vertex 208.38166788302408 -144.54036052060354 1
vertex 207.25567705047064 -141.82197818154623 1
vertex 207.02837222821938 -142.0085224282192 1
endloop
endfacet
facet normal 0 0 1
outer loop
vertex 208.38166788302408 -144.54036052060354 1
vertex 207.02837222821938 -142.0085224282192 1
vertex 206.84182798154657 -142.23582725047092 1
endloop
endfacet
facet normal 0 0 1
outer loop
vertex 208.38166788302408 -144.54036052060354 1
vertex 206.84182798154657 -142.23582725047092 1
vertex 206.70321310123276 -142.4951574514522 1
endloop
endfacet
facet normal 0 0 1
outer loop
vertex 208.38166788302408 -144.54036052060354 1
vertex 206.70321310123276 -142.4951574514522 1
vertex 206.61785447939585 -142.77654711697602 1
endloop
endfacet
facet normal 0 0 1
outer loop
vertex 208.38166788302408 -144.54036052060354 1
vertex 206.61785447939585 -142.77654711697602 1
vertex 206.58903239999873 -143.0691825999999 1
endloop
endfacet
facet normal 0 0 1
outer loop
vertex 208.38166788302408 -144.54036052060354 1
vertex 206.58903239999873 -143.0691825999999 1
vertex 206.61785447939752 -143.361818083024 1
endloop
endfacet
facet normal 0 0 1
outer loop
vertex 208.38166788302408 -144.54036052060354 1
vertex 206.61785447939752 -143.361818083024 1
vertex 206.70321310123353 -143.64320774854752 1
endloop
endfacet
facet normal 0 0 1
outer loop
vertex 208.38166788302408 -144.54036052060354 1
vertex 206.70321310123353 -143.64320774854752 1
vertex 206.8418279815456 -143.90253794952974 1
endloop
endfacet
facet normal 0 0 1
outer loop
vertex 208.38166788302408 -144.54036052060354 1
vertex 206.8418279815456 -143.90253794952974 1
vertex 207.02837222822052 -144.12984277177952 1
endloop
endfacet
facet normal 0 0 1
outer loop
vertex 208.38166788302408 -144.54036052060354 1
vertex 207.02837222822052 -144.12984277177952 1
vertex 207.2556770504704 -144.31638701845407 1
endloop
endfacet
facet normal 0 0 1
outer loop
vertex 208.38166788302408 -144.54036052060354 1
vertex 207.2556770504704 -144.31638701845407 1
vertex 207.51500725145027 -144.45500189877097 1
endloop
endfacet
facet normal 0 0 1
outer loop
vertex 208.38166788302408 -144.54036052060354 1
vertex 207.51500725145027 -144.45500189877097 1
vertex 207.79639691697565 -144.54036052060542 1
endloop
endfacet
facet normal 0 0 1
outer loop
vertex 208.38166788302408 -144.54036052060354 1
vertex 207.79639691697565 -144.54036052060542 1
vertex 208.0890324000002 -144.5691825999981 1
endloop
endfacet
facet normal 0 0 1
outer loop
vertex 123.03400116924391 -141.6802570174512 1
vertex 123.34490824703376 -141.3014156470338 1
vertex 57.72137146203271 -141.30141564703337 1
endloop
endfacet
facet normal 0 0 1
outer loop
vertex 123.03400116924391 -141.6802570174512 1
vertex 57.72137146203271 -141.30141564703337 1
vertex 58.4899533491106 -141.68025701745123 1
endloop
endfacet
facet normal 0 0 1
outer loop
vertex 206.01035836924393 -141.68025701745123 1
vertex 206.32126544703343 -141.30141564703337 1
vertex 126.88044215297079 -141.30141564703013 1
endloop
endfacet
facet normal 0 0 1
outer loop
vertex 206.01035836924393 -141.68025701745123 1
vertex 126.88044215297079 -141.30141564703013 1
vertex 127.19134923075893 -141.6802570174496 1
endloop
endfacet
facet normal 0 0 1
outer loop
vertex 274.71176964807114 -141.68025701745123 1
vertex 275.4803516624851 -141.30141564703337 1
vertex 209.85679935296565 -141.3014156470343 1
endloop
endfacet
facet normal 0 0 1
outer loop
vertex 274.71176964807114 -141.68025701745123 1
vertex 209.85679935296565 -141.3014156470343 1
vertex 210.16770643075543 -141.68025701745154 1
endloop
endfacet
facet normal 0 0 1
outer loop
vertex 123.34490824703376 -141.3014156470338 1
vertex 123.72374961745035 -140.99050856924242 1
vertex 57.09061260826245 -140.9905085692426 1
endloop
endfacet
facet normal 0 0 1
outer loop
vertex 123.34490824703376 -141.3014156470338 1
vertex 57.09061260826245 -140.9905085692426 1
vertex 57.72137146203271 -141.30141564703337 1
endloop
endfacet
facet normal 0 0 1
outer loop
vertex 206.32126544703343 -141.30141564703337 1
vertex 206.7001068174505 -140.9905085692426 1
vertex 126.50160078255067 -140.99050856924165 1
endloop
endfacet
facet normal 0 0 1
outer loop
vertex 206.32126544703343 -141.30141564703337 1
vertex 126.50160078255067 -140.99050856924165 1
vertex 126.88044215297079 -141.30141564703013 1
endloop
endfacet
facet normal 0 0 1
outer loop
vertex 275.4803516624851 -141.30141564703337 1
vertex 276.1111106207575 -140.9905085692426 1
vertex 209.4779579825507 -140.99050856924163 1
endloop
endfacet
facet normal 0 0 1
outer loop
vertex 275.4803516624851 -141.30141564703337 1
vertex 209.4779579825507 -140.99050856924163 1
vertex 209.85679935296565 -141.3014156470343 1
endloop
endfacet
facet normal 0 0 1
outer loop
vertex 123.72374961745035 -140.99050856924242 1
vertex 124.15596661908691 -140.75948376872054 1
vertex 56.621916496867335 -140.75948376872356 1
endloop
endfacet
facet normal 0 0 1
outer loop
vertex 123.72374961745035 -140.99050856924242 1
vertex 56.621916496867335 -140.75948376872356 1
vertex 57.09061260826245 -140.9905085692426 1
endloop
endfacet
facet normal 0 0 1
outer loop
vertex 206.7001068174505 -140.9905085692426 1
vertex 207.13232381908784 -140.75948376872356 1
vertex 126.06938378091198 -140.75948376872324 1
endloop
endfacet
facet normal 0 0 1
outer loop
vertex 206.7001068174505 -140.9905085692426 1
vertex 126.06938378091198 -140.75948376872324 1
vertex 126.50160078255067 -140.99050856924165 1
endloop
endfacet
facet normal 0 0 1
outer loop
vertex 276.1111106207575 -140.9905085692426 1
vertex 276.5798068098043 -140.75948376872356 1
vertex 209.04574098091265 -140.75948376872208 1
endloop
endfacet
facet normal 0 0 1
outer loop
vertex 276.1111106207575 -140.9905085692426 1
vertex 209.04574098091265 -140.75948376872208 1
vertex 209.4779579825507 -140.99050856924163 1
endloop
endfacet
facet normal 0 0 1
outer loop
vertex 124.15596661908691 -140.75948376872054 1
vertex 124.6249493949597 -140.6172193989922 1
vertex 56.333294856541606 -140.61721939899206 1
endloop
endfacet
facet normal 0 0 1
outer loop
vertex 124.15596661908691 -140.75948376872054 1
vertex 56.333294856541606 -140.61721939899206 1
vertex 56.621916496867335 -140.75948376872356 1
endloop
endfacet
facet normal 0 0 1
outer loop
vertex 207.13232381908784 -140.75948376872356 1
vertex 207.60130659495974 -140.61721939899206 1
vertex 125.60040100503997 -140.6172193989931 1
endloop
endfacet
facet normal 0 0 1
outer loop
vertex 207.13232381908784 -140.75948376872356 1
vertex 125.60040100503997 -140.6172193989931 1
vertex 126.06938378091198 -140.75948376872324 1
endloop
endfacet
facet normal 0 0 1
outer loop
vertex 276.5798068098043 -140.75948376872356 1
vertex 276.8684284979484 -140.61721939899206 1
vertex 208.5767582050412 -140.61721939898914 1
endloop
endfacet
facet normal 0 0 1
outer loop
vertex 276.5798068098043 -140.75948376872356 1
vertex 208.5767582050412 -140.61721939898914 1
vertex 209.04574098091265 -140.75948376872208 1
endloop
endfacet
facet normal 0 0 1
outer loop
vertex 124.6249493949597 -140.6172193989922 1
vertex 125.11267519999991 -140.56918260000091 1
vertex 56.2358392550606 -140.56918260000066 1
endloop
endfacet
facet normal 0 0 1
outer loop
vertex 124.6249493949597 -140.6172193989922 1
vertex 56.2358392550606 -140.56918260000066 1
vertex 56.333294856541606 -140.61721939899206 1
endloop
endfacet
facet normal 0 0 1
outer loop
vertex 207.60130659495974 -140.61721939899206 1
vertex 208.08903239999995 -140.56918260000066 1
vertex 125.11267519999991 -140.56918260000091 1
endloop
endfacet
facet normal 0 0 1
outer loop
vertex 207.60130659495974 -140.61721939899206 1
vertex 125.11267519999991 -140.56918260000091 1
vertex 125.60040100503997 -140.6172193989931 1
endloop
endfacet
facet normal 0 0 1
outer loop
vertex 276.8684284979484 -140.61721939899206 1
vertex 276.9658841155752 -140.56918260000066 1
vertex 208.08903239999995 -140.56918260000066 1
endloop
endfacet
facet normal 0 0 1
outer loop
vertex 276.8684284979484 -140.61721939899206 1
vertex 208.08903239999995 -140.56918260000066 1
vertex 208.5767582050412 -140.61721939898914 1
endloop
endfacet
facet normal 0 0 -1
outer loop
vertex 125.11267519999991 -140.56918260000091 1
vertex 208.08903239999995 -140.56918260000066 1
vertex 276.9658841155752 -140.56918260000066 1
endloop
endfacet
facet normal 0 0 -1
outer loop
vertex 125.11267519999991 -140.56918260000091 1
vertex 276.9658841155752 -140.56918260000066 1
vertex 279.5880022134624 -139.2767157000003 1
endloop
endfacet
facet normal 0 0 -1
outer loop
vertex 125.11267519999991 -140.56918260000091 1
vertex 279.5880022134624 -139.2767157000003 1
vertex 266.4568948 -139.2767157000003 1
endloop
endfacet
facet normal 0 0 -1
outer loop
vertex 125.11267519999991 -140.56918260000091 1
vertex 266.4568948 -139.2767157000003 1
vertex 66.74481279999999 -139.2767157000004 1
endloop
endfacet
facet normal 0 0 -1
outer loop
vertex 125.11267519999991 -140.56918260000091 1
vertex 66.74481279999999 -139.2767157000004 1
vertex 53.61372159159684 -139.2767157000003 1
endloop
endfacet
facet normal 0 0 -1
outer loop
vertex 125.11267519999991 -140.56918260000091 1
vertex 53.61372159159684 -139.2767157000003 1
vertex 56.2358392550606 -140.56918260000066 1
endloop
endfacet
facet normal 0 0 1
outer loop
vertex 66.74481279999999 -139.2767157000004 1
vertex 66.25708699495874 -139.2286789010112 1
vertex 53.516265990118384 -139.22867890100912 1
endloop
endfacet
facet normal 0 0 1
outer loop
vertex 66.74481279999999 -139.2767157000004 1
vertex 53.516265990118384 -139.22867890100912 1
vertex 53.61372159159684 -139.2767157000003 1
endloop
endfacet
facet normal 0 0 1
outer loop
vertex 266.4568948 -139.2767157000003 1
vertex 265.9691689949594 -139.22867890100912 1
vertex 67.23253860504032 -139.22867890100798 1
endloop
endfacet
facet normal 0 0 1
outer loop
vertex 266.4568948 -139.2767157000003 1
vertex 67.23253860504032 -139.22867890100798 1
vertex 66.74481279999999 -139.2767157000004 1
endloop
endfacet
facet normal 0 0 1
outer loop
vertex 279.5880022134624 -139.2767157000003 1
vertex 279.685457831089 -139.22867890100912 1
vertex 266.94462060504026 -139.22867890100753 1
endloop
endfacet
facet normal 0 0 1
outer loop
vertex 279.5880022134624 -139.2767157000003 1
vertex 266.94462060504026 -139.22867890100753 1
vertex 266.4568948 -139.2767157000003 1
endloop
endfacet
facet normal 0 0 1
outer loop
vertex 66.25708699495874 -139.2286789010112 1
vertex 65.78810421908912 -139.0864145312748 1
vertex 53.22764434978242 -139.08641453128078 1
endloop
endfacet
facet normal 0 0 1
outer loop
vertex 66.25708699495874 -139.2286789010112 1
vertex 53.22764434978242 -139.08641453128078 1
vertex 53.516265990118384 -139.22867890100912 1
endloop
endfacet
facet normal 0 0 1
outer loop
vertex 265.9691689949594 -139.22867890100912 1
vertex 265.50018621908595 -139.08641453128078 1
vertex 67.70152138091296 -139.08641453127905 1
endloop
endfacet
facet normal 0 0 1
outer loop
vertex 265.9691689949594 -139.22867890100912 1
vertex 67.70152138091296 -139.08641453127905 1
vertex 67.23253860504032 -139.22867890100798 1
endloop
endfacet
facet normal 0 0 1
outer loop
vertex 279.685457831089 -139.22867890100912 1
vertex 279.97407951923805 -139.08641453128078 1
vertex 267.4136033809132 -139.08641453127962 1
endloop
endfacet
facet normal 0 0 1
outer loop
vertex 279.685457831089 -139.22867890100912 1
vertex 267.4136033809132 -139.08641453127962 1
vertex 266.94462060504026 -139.22867890100753 1
endloop
endfacet
facet normal 0 0 1
outer loop
vertex 65.78810421908912 -139.0864145312748 1
vertex 65.35588721745398 -138.8553897307528 1
vertex 52.75894823839962 -138.85538973075572 1
endloop
endfacet
facet normal 0 0 1
outer loop
vertex 65.78810421908912 -139.0864145312748 1
vertex 52.75894823839962 -138.85538973075572 1
vertex 53.22764434978242 -139.08641453128078 1
endloop
endfacet
facet normal 0 0 1
outer loop
vertex 265.50018621908595 -139.08641453128078 1
vertex 265.0679692174516 -138.85538973075572 1
vertex 68.13373838254867 -138.85538973075577 1
endloop
endfacet
facet normal 0 0 1
outer loop
vertex 265.50018621908595 -139.08641453128078 1
vertex 68.13373838254867 -138.85538973075577 1
vertex 67.70152138091296 -139.08641453127905 1
endloop
endfacet
facet normal 0 0 1
outer loop
vertex 279.97407951923805 -139.08641453128078 1
vertex 280.442775708273 -138.85538973075572 1
vertex 267.8458203825494 -138.85538973075717 1
endloop
endfacet
facet normal 0 0 1
outer loop
vertex 279.97407951923805 -139.08641453128078 1
vertex 267.8458203825494 -138.85538973075717 1
vertex 267.4136033809132 -139.08641453127962 1
endloop
endfacet
facet normal 0 0 1
outer loop
vertex 65.35588721745398 -138.8553897307528 1
vertex 64.97704584703249 -138.54448265296736 1
vertex 52.12818938462843 -138.5444826529651 1
endloop
endfacet
facet normal 0 0 1
outer loop
vertex 65.35588721745398 -138.8553897307528 1
vertex 52.12818938462843 -138.5444826529651 1
vertex 52.75894823839962 -138.85538973075572 1
endloop
endfacet
facet normal 0 0 1
outer loop
vertex 265.0679692174516 -138.85538973075572 1
vertex 264.68912784703525 -138.5444826529651 1
vertex 68.51257975296622 -138.54448265296622 1
endloop
endfacet
facet normal 0 0 1
outer loop
vertex 265.0679692174516 -138.85538973075572 1
vertex 68.51257975296622 -138.54448265296622 1
vertex 68.13373838254867 -138.85538973075577 1
endloop
endfacet
facet normal 0 0 1
outer loop
vertex 280.442775708273 -138.85538973075572 1
vertex 281.0735346665491 -138.5444826529651 1
vertex 268.22466175296665 -138.5444826529667 1
endloop
endfacet
facet normal 0 0 1
outer loop
vertex 280.442775708273 -138.85538973075572 1
vertex 268.22466175296665 -138.5444826529667 1
vertex 267.8458203825494 -138.85538973075717 1
endloop
endfacet
facet normal 0 0 1
outer loop
vertex 64.97704584703249 -138.54448265296736 1
vertex 64.66613876924362 -138.16564128254902 1
vertex 51.35960749750666 -138.1656412825489 1
endloop
endfacet
facet normal 0 0 1
outer loop
vertex 64.97704584703249 -138.54448265296736 1
vertex 51.35960749750666 -138.1656412825489 1
vertex 52.12818938462843 -138.5444826529651 1
endloop
endfacet
facet normal 0 0 1
outer loop
vertex 264.68912784703525 -138.5444826529651 1
vertex 264.3782207692439 -138.1656412825489 1
vertex 68.82348683075588 -138.16564128254862 1
endloop
endfacet
facet normal 0 0 1
outer loop
vertex 264.68912784703525 -138.5444826529651 1
vertex 68.82348683075588 -138.16564128254862 1
vertex 68.51257975296622 -138.54448265296622 1
endloop
endfacet
facet normal 0 0 1
outer loop
vertex 281.0735346665491 -138.5444826529651 1
vertex 281.8421166810054 -138.1656412825489 1
vertex 268.53556883075885 -138.16564128255104 1
endloop
endfacet
facet normal 0 0 1
outer loop
vertex 281.0735346665491 -138.5444826529651 1
vertex 268.53556883075885 -138.16564128255104 1
vertex 268.22466175296665 -138.5444826529667 1
endloop
endfacet
facet normal 0 0 1
outer loop
vertex 64.66613876924362 -138.16564128254902 1
vertex 64.43511396871999 -137.7334242809133 1
vertex 50.48273874795566 -137.73342428091394 1
endloop
endfacet
facet normal 0 0 1
outer loop
vertex 64.66613876924362 -138.16564128254902 1
vertex 50.48273874795566 -137.73342428091394 1
vertex 51.35960749750666 -138.1656412825489 1
endloop
endfacet
facet normal 0 0 1
outer loop
vertex 264.3782207692439 -138.1656412825489 1
vertex 264.14719596871777 -137.73342428091394 1
vertex 69.05451163127861 -137.73342428091297 1
endloop
endfacet
facet normal 0 0 1
outer loop
vertex 264.3782207692439 -138.1656412825489 1
vertex 69.05451163127861 -137.73342428091297 1
vertex 68.82348683075588 -138.16564128254862 1
endloop
endfacet
facet normal 0 0 1
outer loop
vertex 281.8421166810054 -138.1656412825489 1
vertex 282.7189855758345 -137.73342428091394 1
vertex 268.76659363127806 -137.73342428091263 1
endloop
endfacet
facet normal 0 0 1
outer loop
vertex 281.8421166810054 -138.1656412825489 1
vertex 268.76659363127806 -137.73342428091263 1
vertex 268.53556883075885 -138.16564128255104 1
endloop
endfacet
facet normal 0 0 1
outer loop
vertex 64.43511396871999 -137.7334242809133 1
vertex 64.29284959899216 -137.2644415050403 1
vertex 49.531280710277876 -137.2644415050403 1
endloop
endfacet
facet normal 0 0 1
outer loop
vertex 64.43511396871999 -137.7334242809133 1
vertex 49.531280710277876 -137.2644415050403 1
vertex 50.48273874795566 -137.73342428091394 1
endloop
endfacet
facet normal 0 0 1
outer loop
vertex 264.14719596871777 -137.73342428091394 1
vertex 264.0049315989925 -137.2644415050403 1
vertex 69.19677600100755 -137.2644415050403 1
endloop
endfacet
facet normal 0 0 1
outer loop
vertex 264.14719596871777 -137.73342428091394 1
vertex 69.19677600100755 -137.2644415050403 1
vertex 69.05451163127861 -137.73342428091297 1
endloop
endfacet
facet normal 0 0 1
outer loop
vertex 282.7189855758345 -137.73342428091394 1
vertex 283.6704437711462 -137.2644415050403 1
vertex 268.9088580010085 -137.26444150504042 1
endloop
endfacet
facet normal 0 0 1
outer loop
vertex 282.7189855758345 -137.73342428091394 1
vertex 268.9088580010085 -137.26444150504042 1
vertex 268.76659363127806 -137.73342428091263 1
endloop
endfacet
facet normal 0 0 1
outer loop
vertex 64.29284959899216 -137.2644415050403 1
vertex 64.24481279999958 -136.77671569999998 1
vertex 48.541797383214785 -136.77671570000004 1
endloop
endfacet
facet normal 0 0 1
outer loop
vertex 64.29284959899216 -137.2644415050403 1
vertex 48.541797383214785 -136.77671570000004 1
vertex 49.531280710277876 -137.2644415050403 1
endloop
endfacet
facet normal 0 0 1
outer loop
vertex 264.0049315989925 -137.2644415050403 1
vertex 263.9568948000001 -136.77671570000004 1
vertex 69.24481279999948 -136.7767157 1
endloop
endfacet
facet normal 0 0 1
outer loop
vertex 264.0049315989925 -137.2644415050403 1
vertex 69.24481279999948 -136.7767157 1
vertex 69.19677600100755 -137.2644415050403 1
endloop
endfacet
facet normal 0 0 1
outer loop
vertex 283.6704437711462 -137.2644415050403 1
vertex 284.65992726214347 -136.77671570000004 1
vertex 268.95689480000044 -136.7767157000001 1
endloop
endfacet
facet normal 0 0 1
outer loop
vertex 283.6704437711462 -137.2644415050403 1
vertex 268.95689480000044 -136.7767157000001 1
vertex 268.9088580010085 -137.26444150504042 1
endloop
endfacet
facet normal 0 0 1
outer loop
vertex 64.24481279999958 -136.77671569999998 1
vertex 64.2928495989922 -136.2889898949598 1
vertex 47.5523140561712 -136.28898989496005 1
endloop
endfacet
facet normal 0 0 1
outer loop
vertex 64.24481279999958 -136.77671569999998 1
vertex 47.5523140561712 -136.28898989496005 1
vertex 48.541797383214785 -136.77671570000004 1
endloop
endfacet
facet normal 0 0 1
outer loop
vertex 263.9568948000001 -136.77671570000004 1
vertex 264.00493159899304 -136.28898989496005 1
vertex 69.19677600100857 -136.28898989495963 1
endloop
endfacet
facet normal 0 0 1
outer loop
vertex 263.9568948000001 -136.77671570000004 1
vertex 69.19677600100857 -136.28898989495963 1
vertex 69.24481279999948 -136.7767157 1
endloop
endfacet
facet normal 0 0 1
outer loop
vertex 284.65992726214347 -136.77671570000004 1
vertex 285.6494107531214 -136.28898989496005 1
vertex 268.90885800100733 -136.28898989495977 1
endloop
endfacet
facet normal 0 0 1
outer loop
vertex 284.65992726214347 -136.77671570000004 1
vertex 268.90885800100733 -136.28898989495977 1
vertex 268.95689480000044 -136.7767157000001 1
endloop
endfacet
facet normal 0 0 1
outer loop
vertex 64.2928495989922 -136.2889898949598 1
vertex 64.43511396872186 -135.82000711908734 1
vertex 46.607052312975036 -135.82000711908728 1
endloop
endfacet
facet normal 0 0 1
outer loop
vertex 64.2928495989922 -136.2889898949598 1
vertex 46.607052312975036 -135.82000711908728 1
vertex 46.636031600021646 -135.83734550001265 1
endloop
endfacet
facet normal 0 0 1
outer loop
vertex 64.2928495989922 -136.2889898949598 1
vertex 46.636031600021646 -135.83734550001265 1
vertex 47.5523140561712 -136.28898989496005 1
endloop
endfacet
facet normal 0 0 1
outer loop
vertex 264.00493159899304 -136.28898989496005 1
vertex 264.14719596872175 -135.82000711908728 1
vertex 69.05451163127641 -135.82000711908782 1
endloop
endfacet
facet normal 0 0 1
outer loop
vertex 264.00493159899304 -136.28898989496005 1
vertex 69.05451163127641 -135.82000711908782 1
vertex 69.19677600100857 -136.28898989495963 1
endloop
endfacet
facet normal 0 0 1
outer loop
vertex 285.6494107531214 -136.28898989496005 1
vertex 286.56568200006694 -135.8373510999626 1
vertex 286.59467008892534 -135.82000711908728 1
endloop
endfacet
facet normal 0 0 1
outer loop
vertex 285.6494107531214 -136.28898989496005 1
vertex 286.59467008892534 -135.82000711908728 1
vertex 268.7665936312748 -135.82000711908827 1
endloop
endfacet
facet normal 0 0 1
outer loop
vertex 285.6494107531214 -136.28898989496005 1
vertex 268.7665936312748 -135.82000711908827 1
vertex 268.90885800100733 -136.28898989495977 1
endloop
endfacet
facet normal 0 0 1
outer loop
vertex 64.43511396872186 -135.82000711908734 1
vertex 64.66613876924318 -135.3877901174506 1
vertex 46.046941278892675 -135.3877901174508 1
endloop
endfacet
facet normal 0 0 1
outer loop
vertex 64.43511396872186 -135.82000711908734 1
vertex 46.046941278892675 -135.3877901174508 1
vertex 46.10969608415457 -135.46128147179658 1
endloop
endfacet
facet normal 0 0 1
outer loop
vertex 64.43511396872186 -135.82000711908734 1
vertex 46.10969608415457 -135.46128147179658 1
vertex 46.3575607487514 -135.67073568319543 1
endloop
endfacet
facet normal 0 0 1
outer loop
vertex 64.43511396872186 -135.82000711908734 1
vertex 46.3575607487514 -135.67073568319543 1
vertex 46.607052312975036 -135.82000711908728 1
endloop
endfacet
facet normal 0 0 1
outer loop
vertex 264.14719596872175 -135.82000711908728 1
vertex 264.3782207692434 -135.3877901174508 1
vertex 68.82348683075374 -135.38779011745243 1
endloop
endfacet
facet normal 0 0 1
outer loop
vertex 264.14719596872175 -135.82000711908728 1
vertex 68.82348683075374 -135.38779011745243 1
vertex 69.05451163127641 -135.82000711908782 1
endloop
endfacet
facet normal 0 0 1
outer loop
vertex 286.59467008892534 -135.82000711908728 1
vertex 286.8441545712621 -135.6707370474445 1
vertex 287.0920165837964 -135.46128147179658 1
endloop
endfacet
facet normal 0 0 1
outer loop
vertex 286.59467008892534 -135.82000711908728 1
vertex 287.0920165837964 -135.46128147179658 1
vertex 287.15477031634657 -135.3877901174508 1
endloop
endfacet
facet normal 0 0 1
outer loop
vertex 286.59467008892534 -135.82000711908728 1
vertex 287.15477031634657 -135.3877901174508 1
vertex 268.5355688307615 -135.38779011744828 1
endloop
endfacet
facet normal 0 0 1
outer loop
vertex 286.59467008892534 -135.82000711908728 1
vertex 268.5355688307615 -135.38779011744828 1
vertex 268.7665936312748 -135.82000711908827 1
endloop
endfacet
facet normal 0 0 1
outer loop
vertex 67.03744828302416 -138.2478936206043 1
vertex 67.31883794854772 -138.16253499876723 1
vertex 67.57816814952949 -138.023920118454 1
endloop
endfacet
facet normal 0 0 1
outer loop
vertex 67.03744828302416 -138.2478936206043 1
vertex 67.57816814952949 -138.023920118454 1
vertex 67.80547297177984 -137.83737587177987 1
endloop
endfacet
facet normal 0 0 1
outer loop
vertex 67.03744828302416 -138.2478936206043 1
vertex 67.80547297177984 -137.83737587177987 1
vertex 67.99201721845319 -137.6100710495289 1
endloop
endfacet
facet normal 0 0 1
outer loop
vertex 67.03744828302416 -138.2478936206043 1
vertex 67.99201721845319 -137.6100710495289 1
vertex 68.13063209876674 -137.35074084854756 1
endloop
endfacet
facet normal 0 0 1
outer loop
vertex 67.03744828302416 -138.2478936206043 1
vertex 68.13063209876674 -137.35074084854756 1
vertex 68.21599072060577 -137.06935118302428 1
endloop
endfacet
facet normal 0 0 1
outer loop
vertex 67.03744828302416 -138.2478936206043 1
vertex 68.21599072060577 -137.06935118302428 1
vertex 68.24481280000093 -136.7767157000001 1
endloop
endfacet
facet normal 0 0 1
outer loop
vertex 67.03744828302416 -138.2478936206043 1
vertex 68.24481280000093 -136.7767157000001 1
vertex 68.21599072060638 -136.48408021697568 1
endloop
endfacet
facet normal 0 0 1
outer loop
vertex 67.03744828302416 -138.2478936206043 1
vertex 68.21599072060638 -136.48408021697568 1
vertex 68.13063209876807 -136.20269055145206 1
endloop
endfacet
facet normal 0 0 1
outer loop
vertex 67.03744828302416 -138.2478936206043 1
vertex 68.13063209876807 -136.20269055145206 1
vertex 67.99201721845267 -135.94336035047127 1
endloop
endfacet
facet normal 0 0 1
outer loop
vertex 67.03744828302416 -138.2478936206043 1
vertex 67.99201721845267 -135.94336035047127 1
vertex 67.8054729717798 -135.7160555282202 1
endloop
endfacet
facet normal 0 0 1
outer loop
vertex 67.03744828302416 -138.2478936206043 1
vertex 67.8054729717798 -135.7160555282202 1
vertex 67.57816814952994 -135.52951128154555 1
endloop
endfacet
facet normal 0 0 1
outer loop
vertex 67.03744828302416 -138.2478936206043 1
vertex 67.57816814952994 -135.52951128154555 1
vertex 67.3188379485484 -135.3908964012317 1
endloop
endfacet
facet normal 0 0 1
outer loop
vertex 67.03744828302416 -138.2478936206043 1
vertex 67.3188379485484 -135.3908964012317 1
vertex 67.03744828302445 -135.30553777939443 1
endloop
endfacet
facet normal 0 0 1
outer loop
vertex 67.03744828302416 -138.2478936206043 1
vertex 67.03744828302445 -135.30553777939443 1
vertex 66.74481279999989 -135.27671570000138 1
endloop
endfacet
facet normal 0 0 1
outer loop
vertex 67.03744828302416 -138.2478936206043 1
vertex 66.74481279999989 -135.27671570000138 1
vertex 66.4521773169757 -135.30553777939414 1
endloop
endfacet
facet normal 0 0 1
outer loop
vertex 67.03744828302416 -138.2478936206043 1
vertex 66.4521773169757 -135.30553777939414 1
vertex 66.17078765145247 -135.3908964012334 1
endloop
endfacet
facet normal 0 0 1
outer loop
vertex 67.03744828302416 -138.2478936206043 1
vertex 66.17078765145247 -135.3908964012334 1
vertex 65.91145745047149 -135.52951128154785 1
endloop
endfacet
facet normal 0 0 1
outer loop
vertex 67.03744828302416 -138.2478936206043 1
vertex 65.91145745047149 -135.52951128154785 1
vertex 65.68415262821922 -135.71605552821902 1
endloop
endfacet
facet normal 0 0 1
outer loop
vertex 67.03744828302416 -138.2478936206043 1
vertex 65.68415262821922 -135.71605552821902 1
vertex 65.49760838154624 -135.94336035047064 1
endloop
endfacet
facet normal 0 0 1
outer loop
vertex 67.03744828302416 -138.2478936206043 1
vertex 65.49760838154624 -135.94336035047064 1
vertex 65.35899350123286 -136.2026905514523 1
endloop
endfacet
facet normal 0 0 1
outer loop
vertex 67.03744828302416 -138.2478936206043 1
vertex 65.35899350123286 -136.2026905514523 1
vertex 65.27363487939493 -136.48408021697577 1
endloop
endfacet
facet normal 0 0 1
outer loop
vertex 67.03744828302416 -138.2478936206043 1
vertex 65.27363487939493 -136.48408021697577 1
vertex 65.24481280000082 -136.7767157000001 1
endloop
endfacet
facet normal 0 0 1
outer loop
vertex 67.03744828302416 -138.2478936206043 1
vertex 65.24481280000082 -136.7767157000001 1
vertex 65.27363487939428 -137.06935118302428 1
endloop
endfacet
facet normal 0 0 1
outer loop
vertex 67.03744828302416 -138.2478936206043 1
vertex 65.27363487939428 -137.06935118302428 1
vertex 65.35899350123337 -137.35074084854756 1
endloop
endfacet
facet normal 0 0 1
outer loop
vertex 67.03744828302416 -138.2478936206043 1
vertex 65.35899350123337 -137.35074084854756 1
vertex 65.49760838154684 -137.61007104952907 1
endloop
endfacet
facet normal 0 0 1
outer loop
vertex 67.03744828302416 -138.2478936206043 1
vertex 65.49760838154684 -137.61007104952907 1
vertex 65.68415262821848 -137.83737587178126 1
endloop
endfacet
facet normal 0 0 1
outer loop
vertex 67.03744828302416 -138.2478936206043 1
vertex 65.68415262821848 -137.83737587178126 1
vertex 65.9114574504717 -138.02392011845248 1
endloop
endfacet
facet normal 0 0 1
outer loop
vertex 67.03744828302416 -138.2478936206043 1
vertex 65.9114574504717 -138.02392011845248 1
vertex 66.17078765145189 -138.16253499876794 1
endloop
endfacet
facet normal 0 0 1
outer loop
vertex 67.03744828302416 -138.2478936206043 1
vertex 66.17078765145189 -138.16253499876794 1
vertex 66.45217731697605 -138.24789362060412 1
endloop
endfacet
facet normal 0 0 1
outer loop
vertex 67.03744828302416 -138.2478936206043 1
vertex 66.45217731697605 -138.24789362060412 1
vertex 66.74481279999995 -138.27671570000064 1
endloop
endfacet
facet normal 0 0 1
outer loop
vertex 266.74953028302406 -138.24789362060295 1
vertex 267.0309199485474 -138.1625349987661 1
vertex 267.2902501495287 -138.0239201184524 1
endloop
endfacet
facet normal 0 0 1
outer loop
vertex 266.74953028302406 -138.24789362060295 1
vertex 267.2902501495287 -138.0239201184524 1
vertex 267.5175549717804 -137.8373758717805 1
endloop
endfacet
facet normal 0 0 1
outer loop
vertex 266.74953028302406 -138.24789362060295 1
vertex 267.5175549717804 -137.8373758717805 1
vertex 267.7040992184545 -137.61007104952995 1
endloop
endfacet
facet normal 0 0 1
outer loop
vertex 266.74953028302406 -138.24789362060295 1
vertex 267.7040992184545 -137.61007104952995 1
vertex 267.8427140987668 -137.35074084854762 1
endloop
endfacet
facet normal 0 0 1
outer loop
vertex 266.74953028302406 -138.24789362060295 1
vertex 267.8427140987668 -137.35074084854762 1
vertex 267.9280727206035 -137.06935118302408 1
endloop
endfacet
facet normal 0 0 1
outer loop
vertex 266.74953028302406 -138.24789362060295 1
vertex 267.9280727206035 -137.06935118302408 1
vertex 267.9568947999986 -136.7767156999999 1
endloop
endfacet
facet normal 0 0 1
outer loop
vertex 266.74953028302406 -138.24789362060295 1
vertex 267.9568947999986 -136.7767156999999 1
vertex 267.9280727206027 -136.48408021697603 1
endloop
endfacet
facet normal 0 0 1
outer loop
vertex 266.74953028302406 -138.24789362060295 1
vertex 267.9280727206027 -136.48408021697603 1
vertex 267.8427140987677 -136.20269055145212 1
endloop
endfacet
facet normal 0 0 1
outer loop
vertex 266.74953028302406 -138.24789362060295 1
vertex 267.8427140987677 -136.20269055145212 1
vertex 267.70409921845896 -135.94336035046788 1
endloop
endfacet
facet normal 0 0 1
outer loop
vertex 266.74953028302406 -138.24789362060295 1
vertex 267.70409921845896 -135.94336035046788 1
vertex 267.5175549717782 -135.71605552822155 1
endloop
endfacet
facet normal 0 0 1
outer loop
vertex 266.74953028302406 -138.24789362060295 1
vertex 267.5175549717782 -135.71605552822155 1
vertex 267.2902501495311 -135.52951128154416 1
endloop
endfacet
facet normal 0 0 1
outer loop
vertex 266.74953028302406 -138.24789362060295 1
vertex 267.2902501495311 -135.52951128154416 1
vertex 267.03091994854776 -135.39089640123296 1
endloop
endfacet
facet normal 0 0 1
outer loop
vertex 266.74953028302406 -138.24789362060295 1
vertex 267.03091994854776 -135.39089640123296 1
vertex 266.74953028302315 -135.30553777939863 1
endloop
endfacet
facet normal 0 0 1
outer loop
vertex 266.74953028302406 -138.24789362060295 1
vertex 266.74953028302315 -135.30553777939863 1
vertex 266.45689480000027 -135.27671569999782 1
endloop
endfacet
facet normal 0 0 1
outer loop
vertex 266.74953028302406 -138.24789362060295 1
vertex 266.45689480000027 -135.27671569999782 1
vertex 266.1642593169756 -135.30553777939286 1
endloop
endfacet
facet normal 0 0 1
outer loop
vertex 266.74953028302406 -138.24789362060295 1
vertex 266.1642593169756 -135.30553777939286 1
vertex 265.8828696514518 -135.3908964012314 1
endloop
endfacet
facet normal 0 0 1
outer loop
vertex 266.74953028302406 -138.24789362060295 1
vertex 265.8828696514518 -135.3908964012314 1
vertex 265.6235394504707 -135.52951128154638 1
endloop
endfacet
facet normal 0 0 1
outer loop
vertex 266.74953028302406 -138.24789362060295 1
vertex 265.6235394504707 -135.52951128154638 1
vertex 265.3962346282186 -135.7160555282182 1
endloop
endfacet
facet normal 0 0 1
outer loop
vertex 266.74953028302406 -138.24789362060295 1
vertex 265.3962346282186 -135.7160555282182 1
vertex 265.2096903815484 -135.94336035047243 1
endloop
endfacet
facet normal 0 0 1
outer loop
vertex 266.74953028302406 -138.24789362060295 1
vertex 265.2096903815484 -135.94336035047243 1
vertex 265.07107550123305 -136.20269055145238 1
endloop
endfacet
facet normal 0 0 1
outer loop
vertex 266.74953028302406 -138.24789362060295 1
vertex 265.07107550123305 -136.20269055145238 1
vertex 264.98571687939597 -136.4840802169761 1
endloop
endfacet
facet normal 0 0 1
outer loop
vertex 266.74953028302406 -138.24789362060295 1
vertex 264.98571687939597 -136.4840802169761 1
vertex 264.95689479999794 -136.77671569999984 1
endloop
endfacet
facet normal 0 0 1
outer loop
vertex 266.74953028302406 -138.24789362060295 1
vertex 264.95689479999794 -136.77671569999984 1
vertex 264.98571687939494 -137.06935118302425 1
endloop
endfacet
facet normal 0 0 1
outer loop
vertex 266.74953028302406 -138.24789362060295 1
vertex 264.98571687939494 -137.06935118302425 1
vertex 265.0710755012344 -137.35074084854722 1
endloop
endfacet
facet normal 0 0 1
outer loop
vertex 266.74953028302406 -138.24789362060295 1
vertex 265.0710755012344 -137.35074084854722 1
vertex 265.2096903815486 -137.61007104952813 1
endloop
endfacet
facet normal 0 0 1
outer loop
vertex 266.74953028302406 -138.24789362060295 1
vertex 265.2096903815486 -137.61007104952813 1
vertex 265.3962346282219 -137.83737587177842 1
endloop
endfacet
facet normal 0 0 1
outer loop
vertex 266.74953028302406 -138.24789362060295 1
vertex 265.3962346282219 -137.83737587177842 1
vertex 265.62353945047363 -138.02392011845018 1
endloop
endfacet
facet normal 0 0 1
outer loop
vertex 266.74953028302406 -138.24789362060295 1
vertex 265.62353945047363 -138.02392011845018 1
vertex 265.8828696514517 -138.16253499876817 1
endloop
endfacet
facet normal 0 0 1
outer loop
vertex 266.74953028302406 -138.24789362060295 1
vertex 265.8828696514517 -138.16253499876817 1
vertex 266.164259316977 -138.24789362060127 1
endloop
endfacet
facet normal 0 0 1
outer loop
vertex 266.74953028302406 -138.24789362060295 1
vertex 266.164259316977 -138.24789362060127 1
vertex 266.4568948000003 -138.27671569999688 1
endloop
endfacet
facet normal 0 0 1
outer loop
vertex 64.66613876924318 -135.3877901174506 1
vertex 64.9770458470335 -135.00894874703343 1
vertex 45.77454296941498 -135.00894874703255 1
endloop
endfacet
facet normal 0 0 1
outer loop
vertex 64.66613876924318 -135.3877901174506 1
vertex 45.77454296941498 -135.00894874703255 1
vertex 45.89896733525432 -135.21449958113334 1
endloop
endfacet
facet normal 0 0 1
outer loop
vertex 64.66613876924318 -135.3877901174506 1
vertex 45.89896733525432 -135.21449958113334 1
vertex 46.046941278892675 -135.3877901174508 1
endloop
endfacet
facet normal 0 0 1
outer loop
vertex 264.3782207692434 -135.3877901174508 1
vertex 264.68912784703275 -135.00894874703255 1
vertex 68.51257975296843 -135.00894874703198 1
endloop
endfacet
facet normal 0 0 1
outer loop
vertex 264.3782207692434 -135.3877901174508 1
vertex 68.51257975296843 -135.00894874703198 1
vertex 68.82348683075374 -135.38779011745243 1
endloop
endfacet
facet normal 0 0 1
outer loop
vertex 287.15477031634657 -135.3877901174508 1
vertex 287.3027426231098 -135.21449958113334 1
vertex 287.42716432843486 -135.00894874703255 1
endloop
endfacet
facet normal 0 0 1
outer loop
vertex 287.15477031634657 -135.3877901174508 1
vertex 287.42716432843486 -135.00894874703255 1
vertex 268.22466175296137 -135.00894874703778 1
endloop
endfacet
facet normal 0 0 1
outer loop
vertex 287.15477031634657 -135.3877901174508 1
vertex 268.22466175296137 -135.00894874703778 1
vertex 268.5355688307615 -135.38779011744828 1
endloop
endfacet
facet normal 0 0 1
outer loop
vertex 64.9770458470335 -135.00894874703343 1
vertex 65.35588721745101 -134.6980416692437 1
vertex 45.63500103754478 -134.69804166924627 1
endloop
endfacet
facet normal 0 0 1
outer loop
vertex 64.9770458470335 -135.00894874703343 1
vertex 45.63500103754478 -134.69804166924627 1
vertex 45.73092235445266 -134.93688686644379 1
endloop
endfacet
facet normal 0 0 1
outer loop
vertex 64.9770458470335 -135.00894874703343 1
vertex 45.73092235445266 -134.93688686644379 1
vertex 45.77454296941498 -135.00894874703255 1
endloop
endfacet
facet normal 0 0 1
outer loop
vertex 264.68912784703275 -135.00894874703255 1
vertex 265.0679692174524 -134.69804166924627 1
vertex 68.13373838254832 -134.69804166924456 1
endloop
endfacet
facet normal 0 0 1
outer loop
vertex 264.68912784703275 -135.00894874703255 1
vertex 68.13373838254832 -134.69804166924456 1
vertex 68.51257975296843 -135.00894874703198 1
endloop
endfacet
facet normal 0 0 1
outer loop
vertex 287.42716432843486 -135.00894874703255 1
vertex 287.4707849459945 -134.93688686644379 1
vertex 287.56670384304994 -134.69804166924627 1
endloop
endfacet
facet normal 0 0 1
outer loop
vertex 287.42716432843486 -135.00894874703255 1
vertex 287.56670384304994 -134.69804166924627 1
vertex 267.8458203825502 -134.69804166924226 1
endloop
endfacet
facet normal 0 0 1
outer loop
vertex 287.42716432843486 -135.00894874703255 1
vertex 267.8458203825502 -134.69804166924226 1
vertex 268.22466175296137 -135.00894874703778 1
endloop
endfacet
facet normal 0 0 1
outer loop
vertex 65.35588721745101 -134.6980416692437 1
vertex 65.78810421908736 -134.46701686872206 1
vertex 45.57234943996619 -134.46701686872416 1
endloop
endfacet
facet normal 0 0 1
outer loop
vertex 65.35588721745101 -134.6980416692437 1
vertex 45.57234943996619 -134.46701686872416 1
vertex 45.60998525909478 -134.63575208930945 1
endloop
endfacet
facet normal 0 0 1
outer loop
vertex 65.35588721745101 -134.6980416692437 1
vertex 45.60998525909478 -134.63575208930945 1
vertex 45.63500103754478 -134.69804166924627 1
endloop
endfacet
facet normal 0 0 1
outer loop
vertex 265.0679692174524 -134.69804166924627 1
vertex 265.500186219088 -134.46701686872416 1
vertex 67.70152138091285 -134.4670168687216 1
endloop
endfacet
facet normal 0 0 1
outer loop
vertex 265.0679692174524 -134.69804166924627 1
vertex 67.70152138091285 -134.4670168687216 1
vertex 68.13373838254832 -134.69804166924456 1
endloop
endfacet
facet normal 0 0 1
outer loop
vertex 287.56670384304994 -134.69804166924627 1
vertex 287.59171953520297 -134.63575208930945 1
vertex 287.62935399046614 -134.46701686872416 1
endloop
endfacet
facet normal 0 0 1
outer loop
vertex 287.56670384304994 -134.69804166924627 1
vertex 287.62935399046614 -134.46701686872416 1
vertex 267.41360338091386 -134.46701686871964 1
endloop
endfacet
facet normal 0 0 1
outer loop
vertex 287.56670384304994 -134.69804166924627 1
vertex 267.41360338091386 -134.46701686871964 1
vertex 267.8458203825502 -134.69804166924226 1
endloop
endfacet
facet normal 0 0 1
outer loop
vertex 65.78810421908736 -134.46701686872206 1
vertex 66.25708699495962 -134.32475249899136 1
vertex 45.54061785441443 -134.3247524989918 1
endloop
endfacet
facet normal 0 0 1
outer loop
vertex 65.78810421908736 -134.46701686872206 1
vertex 45.54061785441443 -134.3247524989918 1
vertex 45.57234943996619 -134.46701686872416 1
endloop
endfacet
facet normal 0 0 1
outer loop
vertex 265.500186219088 -134.46701686872416 1
vertex 265.9691689949597 -134.3247524989918 1
vertex 67.23253860504033 -134.32475249899204 1
endloop
endfacet
facet normal 0 0 1
outer loop
vertex 265.500186219088 -134.46701686872416 1
vertex 67.23253860504033 -134.32475249899204 1
vertex 67.70152138091285 -134.4670168687216 1
endloop
endfacet
facet normal 0 0 1
outer loop
vertex 287.62935399046614 -134.46701686872416 1
vertex 287.66108462111896 -134.3247524989918 1
vertex 266.94462060504065 -134.3247524989911 1
endloop
endfacet
facet normal 0 0 1
outer loop
vertex 287.62935399046614 -134.46701686872416 1
vertex 266.94462060504065 -134.3247524989911 1
vertex 267.41360338091386 -134.46701686871964 1
endloop
endfacet
facet normal 0 0 1
outer loop
vertex 66.25708699495962 -134.32475249899136 1
vertex 66.74481279999995 -134.2767157000008 1
vertex 45.5369249670595 -134.27671570000078 1
endloop
endfacet
facet normal 0 0 1
outer loop
vertex 66.25708699495962 -134.32475249899136 1
vertex 45.5369249670595 -134.27671570000078 1
vertex 45.539339958227224 -134.3190232203403 1
endloop
endfacet
facet normal 0 0 1
outer loop
vertex 66.25708699495962 -134.32475249899136 1
vertex 45.539339958227224 -134.3190232203403 1
vertex 45.54061785441443 -134.3247524989918 1
endloop
endfacet
facet normal 0 0 1
outer loop
vertex 265.9691689949597 -134.3247524989918 1
vertex 266.4568948 -134.27671570000078 1
vertex 66.74481279999995 -134.2767157000008 1
endloop
endfacet
facet normal 0 0 1
outer loop
vertex 265.9691689949597 -134.3247524989918 1
vertex 66.74481279999995 -134.2767157000008 1
vertex 67.23253860504033 -134.32475249899204 1
endloop
endfacet
facet normal 0 0 1
outer loop
vertex 287.66108462111896 -134.3247524989918 1
vertex 287.66236256956324 -134.3190232203403 1
vertex 287.6647772897259 -134.27671570000078 1
endloop
endfacet
facet normal 0 0 1
outer loop
vertex 287.66108462111896 -134.3247524989918 1
vertex 287.6647772897259 -134.27671570000078 1
vertex 266.4568948 -134.27671570000078 1
endloop
endfacet
facet normal 0 0 1
outer loop
vertex 287.66108462111896 -134.3247524989918 1
vertex 266.4568948 -134.27671570000078 1
vertex 266.94462060504065 -134.3247524989911 1
endloop
endfacet
facet normal 0 0 -1
outer loop
vertex 66.74481279999995 -134.2767157000008 1
vertex 266.4568948 -134.27671570000078 1
vertex 287.6647772897259 -134.27671570000078 1
endloop
endfacet
facet normal 0 0 -1
outer loop
vertex 66.74481279999995 -134.2767157000008 1
vertex 287.6647772897259 -134.27671570000078 1
vertex 287.68085424372566 -133.99503877523702 1
endloop
endfacet
facet normal 0 0 -1
outer loop
vertex 66.74481279999995 -134.2767157000008 1
vertex 287.68085424372566 -133.99503877523702 1
vertex 287.6467077310293 -133.67233016224202 1
endloop
endfacet
facet normal 0 0 -1
outer loop
vertex 66.74481279999995 -134.2767157000008 1
vertex 287.6467077310293 -133.67233016224202 1
vertex 287.56082400000986 -133.3593922000381 1
endloop
endfacet
facet normal 0 0 -1
outer loop
vertex 66.74481279999995 -134.2767157000008 1
vertex 287.56082400000986 -133.3593922000381 1
vertex 280.3969619387647 -113.6768334 1
endloop
endfacet
facet normal 0 0 -1
outer loop
vertex 66.74481279999995 -134.2767157000008 1
vertex 280.3969619387647 -113.6768334 1
vertex 170.0587073999996 -113.6768334 1
endloop
endfacet
facet normal 0 0 -1
outer loop
vertex 66.74481279999995 -134.2767157000008 1
vertex 170.0587073999996 -113.6768334 1
vertex 163.14299745000025 -113.67683149895535 1
endloop
endfacet
facet normal 0 0 -1
outer loop
vertex 66.74481279999995 -134.2767157000008 1
vertex 163.14299745000025 -113.67683149895535 1
vertex 52.80474310684753 -113.6768334 1
endloop
endfacet
facet normal 0 0 -1
outer loop
vertex 66.74481279999995 -134.2767157000008 1
vertex 52.80474310684753 -113.6768334 1
vertex 45.64087579999722 -133.3593877500064 1
endloop
endfacet
facet normal 0 0 -1
outer loop
vertex 66.74481279999995 -134.2767157000008 1
vertex 45.64087579999722 -133.3593877500064 1
vertex 45.55499125439037 -133.67232828717087 1
endloop
endfacet
facet normal 0 0 -1
outer loop
vertex 66.74481279999995 -134.2767157000008 1
vertex 45.55499125439037 -133.67232828717087 1
vertex 45.52084632950323 -133.99503877523702 1
endloop
endfacet
facet normal 0 0 -1
outer loop
vertex 66.74481279999995 -134.2767157000008 1
vertex 45.52084632950323 -133.99503877523702 1
vertex 45.5369249670595 -134.27671570000078 1
endloop
endfacet
facet normal 0 0 1
outer loop
vertex 60.456355981656166 -113.6768334 1
vertex 80.99975566666461 -113.67683149895535 1
vertex 60.456355981656166 -113.6768334 1
endloop
endfacet
facet normal 0 0 1
outer loop
vertex 60.456355981656166 -113.6768334 1
vertex 60.456355981656166 -113.6768334 1
vertex 52.80474310684753 -113.6768334 1
endloop
endfacet
facet normal 0 0 -1
outer loop
vertex 162.754777776793 -113.67683149895535 1
vertex 170.0587073999996 -113.6768334 1
vertex 162.754777776793 -113.67683149895535 1
endloop
endfacet
facet normal 0 0 -1
outer loop
vertex 162.754777776793 -113.67683149895535 1
vertex 162.754777776793 -113.67683149895535 1
vertex 50.67639616352181 -113.6768334 1
endloop
endfacet
facet normal 0 0 1
outer loop
vertex 163.14299745000025 -113.67683149895535 1
vertex 162.79570286443766 -113.64644636692655 1
vertex 52.81580308762626 -113.64644636692655 1
endloop
endfacet
facet normal 0 0 1
outer loop
vertex 163.14299745000025 -113.67683149895535 1
vertex 52.81580308762626 -113.64644636692655 1
vertex 52.80474310684753 -113.6768334 1
endloop
endfacet
facet normal 0 0 1
outer loop
vertex 280.3969619387647 -113.6768334 1
vertex 280.385901968585 -113.64644636692655 1
vertex 170.4060044681994 -113.64644636692655 1
endloop
endfacet
facet normal 0 0 1
outer loop
vertex 280.3969619387647 -113.6768334 1
vertex 170.4060044681994 -113.64644636692655 1
vertex 170.0587073999996 -113.6768334 1
endloop
endfacet
facet normal 0 0 1
outer loop
vertex 162.79570286443766 -113.64644636692655 1
vertex 162.45895845122917 -113.55621536457504 1
vertex 52.848644502226996 -113.55621536457504 1
endloop
endfacet
facet normal 0 0 1
outer loop
vertex 162.79570286443766 -113.64644636692655 1
vertex 52.848644502226996 -113.55621536457504 1
vertex 52.81580308762626 -113.64644636692655 1
endloop
endfacet
facet normal 0 0 1
outer loop
vertex 280.385901968585 -113.64644636692655 1
vertex 280.3530605854569 -113.55621536457504 1
vertex 170.7427476987706 -113.55621536457504 1
endloop
endfacet
facet normal 0 0 1
outer loop
vertex 280.385901968585 -113.64644636692655 1
vertex 170.7427476987706 -113.55621536457504 1
vertex 170.4060044681994 -113.64644636692655 1
endloop
endfacet
facet normal 0 0 1
outer loop
vertex 162.45895845122917 -113.55621536457504 1
vertex 162.1429995009058 -113.40888050520502 1
vertex 52.902270030876934 -113.40888050520502 1
endloop
endfacet
facet normal 0 0 1
outer loop
vertex 162.45895845122917 -113.55621536457504 1
vertex 52.902270030876934 -113.40888050520502 1
vertex 52.848644502226996 -113.55621536457504 1
endloop
endfacet
facet normal 0 0 1
outer loop
vertex 280.3530605854569 -113.55621536457504 1
vertex 280.2994351081974 -113.40888050520502 1
vertex 171.05870664909426 -113.40888050520502 1
endloop
endfacet
facet normal 0 0 1
outer loop
vertex 280.3530605854569 -113.55621536457504 1
vertex 171.05870664909426 -113.40888050520502 1
vertex 170.7427476987706 -113.55621536457504 1
endloop
endfacet
facet normal 0 0 1
outer loop
vertex 162.1429995009058 -113.40888050520502 1
vertex 161.85742505546767 -113.20891837082019 1
vertex 52.97505033020467 -113.20891837082019 1
endloop
endfacet
facet normal 0 0 1
outer loop
vertex 162.1429995009058 -113.40888050520502 1
vertex 52.97505033020467 -113.20891837082019 1
vertex 52.902270030876934 -113.40888050520502 1
endloop
endfacet
facet normal 0 0 1
outer loop
vertex 280.2994351081974 -113.40888050520502 1
vertex 280.2266548786166 -113.20891837082019 1
vertex 171.34428109453256 -113.20891837082019 1
endloop
endfacet
facet normal 0 0 1
outer loop
vertex 280.2994351081974 -113.40888050520502 1
vertex 171.34428109453256 -113.20891837082019 1
vertex 171.05870664909426 -113.40888050520502 1
endloop
endfacet
facet normal 0 0 1
outer loop
vertex 280.2266548786166 -113.20891837082019 1
vertex 280.1479917347574 -112.99279305445204 1
vertex 171.93808640051404 -112.99279305445204 1
endloop
endfacet
facet normal 0 0 1
outer loop
vertex 280.2266548786166 -113.20891837082019 1
vertex 171.93808640051404 -112.99279305445204 1
vertex 171.56040582936433 -112.99279305445204 1
endloop
endfacet
facet normal 0 0 1
outer loop
vertex 280.2266548786166 -113.20891837082019 1
vertex 171.56040582936433 -112.99279305445204 1
vertex 171.34428109453256 -113.20891837082019 1
endloop
endfacet
facet normal 0 0 1
outer loop
vertex 161.85742505546767 -113.20891837082019 1
vertex 161.64129884879026 -112.99279150838184 1
vertex 161.26361051729134 -112.99279150838184 1
endloop
endfacet
facet normal 0 0 1
outer loop
vertex 161.85742505546767 -113.20891837082019 1
vertex 161.26361051729134 -112.99279150838184 1
vertex 53.05371411217225 -112.99279150838184 1
endloop
endfacet
facet normal 0 0 1
outer loop
vertex 161.85742505546767 -113.20891837082019 1
vertex 53.05371411217225 -112.99279150838184 1
vertex 52.97505033020467 -113.20891837082019 1
endloop
endfacet
facet normal 0 0 1
outer loop
vertex 280.1479917347574 -112.99279305445204 1
vertex 280.1369318357504 -112.96240621692401 1
vertex 172.2853921182141 -112.96240621692401 1
endloop
endfacet
facet normal 0 0 1
outer loop
vertex 280.1479917347574 -112.99279305445204 1
vertex 172.2853921182141 -112.96240621692401 1
vertex 171.93808640051404 -112.99279305445204 1
endloop
endfacet
facet normal 0 0 1
outer loop
vertex 161.26361051729134 -112.99279150838184 1
vertex 160.9163087634078 -112.96240469185007 1
vertex 160.91629779358212 -112.96240469185007 1
endloop
endfacet
facet normal 0 0 1
outer loop
vertex 161.26361051729134 -112.99279150838184 1
vertex 160.91629779358212 -112.96240469185007 1
vertex 53.064774014136205 -112.96240469185007 1
endloop
endfacet
facet normal 0 0 1
outer loop
vertex 161.26361051729134 -112.99279150838184 1
vertex 53.064774014136205 -112.96240469185007 1
vertex 53.05371411217225 -112.99279150838184 1
endloop
endfacet
facet normal 0 0 1
outer loop
vertex 280.1369318357504 -112.96240621692401 1
vertex 280.1040911737134 -112.87217719575514 1
vertex 172.62212832818065 -112.87217719575514 1
endloop
endfacet
facet normal 0 0 1
outer loop
vertex 280.1369318357504 -112.96240621692401 1
vertex 172.62212832818065 -112.87217719575514 1
vertex 172.2853921182141 -112.96240621692401 1
endloop
endfacet
facet normal 0 0 1
outer loop
vertex 160.91629779358212 -112.96240469185007 1
vertex 160.9163087634078 -112.96240469185007 1
vertex 160.5795708512 -112.87217521456286 1
endloop
endfacet
facet normal 0 0 1
outer loop
vertex 160.91629779358212 -112.96240469185007 1
vertex 160.5795708512 -112.87217521456286 1
vertex 53.097614873658685 -112.87217521456286 1
endloop
endfacet
facet normal 0 0 1
outer loop
vertex 160.91629779358212 -112.96240469185007 1
vertex 53.097614873658685 -112.87217521456286 1
vertex 53.064774014136205 -112.96240469185007 1
endloop
endfacet
facet normal 0 0 1
outer loop
vertex 160.5795708512 -112.87217521456286 1
vertex 160.26361190093002 -112.72484035521774 1
vertex 53.15124040229955 -112.72484035521774 1
endloop
endfacet
facet normal 0 0 1
outer loop
vertex 160.5795708512 -112.87217521456286 1
vertex 53.15124040229955 -112.72484035521774 1
vertex 53.097614873658685 -112.87217521456286 1
endloop
endfacet
facet normal 0 0 1
outer loop
vertex 280.1040911737134 -112.87217719575514 1
vertex 280.0504649753683 -112.72484035521774 1
vertex 172.93809429909817 -112.72484035521774 1
endloop
endfacet
facet normal 0 0 1
outer loop
vertex 280.1040911737134 -112.87217719575514 1
vertex 172.93809429909817 -112.72484035521774 1
vertex 172.6221353487706 -112.87217531457443 1
endloop
endfacet
facet normal 0 0 1
outer loop
vertex 280.1040911737134 -112.87217719575514 1
vertex 172.6221353487706 -112.87217531457443 1
vertex 172.62212832818065 -112.87217719575514 1
endloop
endfacet
facet normal 0 0 1
outer loop
vertex 160.26361190093002 -112.72484035521774 1
vertex 159.978037455467 -112.5248782208155 1
vertex 53.22402070163361 -112.5248782208155 1
endloop
endfacet
facet normal 0 0 1
outer loop
vertex 160.26361190093002 -112.72484035521774 1
vertex 53.22402070163361 -112.5248782208155 1
vertex 53.15124040229955 -112.72484035521774 1
endloop
endfacet
facet normal 0 0 1
outer loop
vertex 280.0504649753683 -112.72484035521774 1
vertex 279.9776847457811 -112.5248782208155 1
vertex 173.2236687445346 -112.5248782208155 1
endloop
endfacet
facet normal 0 0 1
outer loop
vertex 280.0504649753683 -112.72484035521774 1
vertex 173.2236687445346 -112.5248782208155 1
vertex 172.93809429909817 -112.72484035521774 1
endloop
endfacet
facet normal 0 0 1
outer loop
vertex 159.978037455467 -112.5248782208155 1
vertex 159.7315245244315 -112.27836454182102 1
vertex 53.31374438557401 -112.27836454182102 1
endloop
endfacet
facet normal 0 0 1
outer loop
vertex 159.978037455467 -112.5248782208155 1
vertex 53.31374438557401 -112.27836454182102 1
vertex 53.22402070163361 -112.5248782208155 1
endloop
endfacet
facet normal 0 0 1
outer loop
vertex 279.9776847457811 -112.5248782208155 1
vertex 279.8879611478248 -112.27836454182102 1
vertex 173.47018167554114 -112.27836454182102 1
endloop
endfacet
facet normal 0 0 1
outer loop
vertex 279.9776847457811 -112.5248782208155 1
vertex 173.47018167554114 -112.27836454182102 1
vertex 173.2236687445346 -112.5248782208155 1
endloop
endfacet
facet normal 0 0 1
outer loop
vertex 159.7315245244315 -112.27836454182102 1
vertex 159.5315632565636 -111.99278948972501 1
vertex 53.417685253358904 -111.99278948972501 1
endloop
endfacet
facet normal 0 0 1
outer loop
vertex 159.7315245244315 -112.27836454182102 1
vertex 53.417685253358904 -111.99278948972501 1
vertex 53.31374438557401 -112.27836454182102 1
endloop
endfacet
facet normal 0 0 1
outer loop
vertex 279.8879611478248 -112.27836454182102 1
vertex 279.7840203796486 -111.99278948972501 1
vertex 173.67014294345304 -111.99278948972501 1
endloop
endfacet
facet normal 0 0 1
outer loop
vertex 279.8879611478248 -112.27836454182102 1
vertex 173.67014294345304 -111.99278948972501 1
vertex 173.47018167554114 -112.27836454182102 1
endloop
endfacet
facet normal 0 0 1
outer loop
vertex 159.5315632565636 -111.99278948972501 1
vertex 159.38422976865357 -111.67683097760349 1
vertex 53.53268480143877 -111.67683097760349 1
endloop
endfacet
facet normal 0 0 1
outer loop
vertex 159.5315632565636 -111.99278948972501 1
vertex 53.53268480143877 -111.67683097760349 1
vertex 53.417685253358904 -111.99278948972501 1
endloop
endfacet
facet normal 0 0 1
outer loop
vertex 279.7840203796486 -111.99278948972501 1
vertex 279.6690209417752 -111.67683097760349 1
vertex 173.8174766337413 -111.67683097760349 1
endloop
endfacet
facet normal 0 0 1
outer loop
vertex 279.7840203796486 -111.99278948972501 1
vertex 173.8174766337413 -111.67683097760349 1
vertex 173.67014294345304 -111.99278948972501 1
endloop
endfacet
facet normal 0 0 1
outer loop
vertex 159.38422976865357 -111.67683097760349 1
vertex 159.29399946801777 -111.34008658798722 1
vertex 53.65524979379895 -111.34008658798722 1
endloop
endfacet
facet normal 0 0 1
outer loop
vertex 159.38422976865357 -111.67683097760349 1
vertex 53.65524979379895 -111.34008658798722 1
vertex 53.53268480143877 -111.67683097760349 1
endloop
endfacet
facet normal 0 0 1
outer loop
vertex 279.6690209417752 -111.67683097760349 1
vertex 279.5464560668716 -111.34008658798722 1
vertex 173.9077067247754 -111.34008658798722 1
endloop
endfacet
facet normal 0 0 1
outer loop
vertex 279.6690209417752 -111.67683097760349 1
vertex 173.9077067247754 -111.34008658798722 1
vertex 173.8174766337413 -111.67683097760349 1
endloop
endfacet
facet normal 0 0 1
outer loop
vertex 159.29399946801777 -111.34008658798722 1
vertex 159.26361528097354 -110.99279170000014 1
vertex 53.781654855339454 -110.99279170000014 1
endloop
endfacet
facet normal 0 0 1
outer loop
vertex 159.29399946801777 -111.34008658798722 1
vertex 53.781654855339454 -110.99279170000014 1
vertex 53.65524979379895 -111.34008658798722 1
endloop
endfacet
facet normal 0 0 1
outer loop
vertex 279.5464560668716 -111.34008658798722 1
vertex 279.42005112646774 -110.99279170000014 1
vertex 173.93809108042203 -110.99279170000014 1
endloop
endfacet
facet normal 0 0 1
outer loop
vertex 279.5464560668716 -111.34008658798722 1
vertex 173.93809108042203 -110.99279170000014 1
vertex 173.9077067247754 -111.34008658798722 1
endloop
endfacet
facet normal 0 0 1
outer loop
vertex 159.26361528097354 -110.99279170000014 1
vertex 159.28454426626908 -110.75357100000036 1
vertex 137.78452149999998 -110.75357100000036 1
endloop
endfacet
facet normal 0 0 1
outer loop
vertex 159.26361528097354 -110.99279170000014 1
vertex 137.78452149999998 -110.75357100000036 1
vertex 53.86872411075108 -110.75357100000036 1
endloop
endfacet
facet normal 0 0 1
outer loop
vertex 159.26361528097354 -110.99279170000014 1
vertex 53.86872411075108 -110.75357100000036 1
vertex 53.781654855339454 -110.99279170000014 1
endloop
endfacet
facet normal 0 0 1
outer loop
vertex 279.42005112646774 -110.99279170000014 1
vertex 279.3329819544964 -110.75357100000036 1
vertex 195.41718609999992 -110.75357100000096 1
endloop
endfacet
facet normal 0 0 1
outer loop
vertex 279.42005112646774 -110.99279170000014 1
vertex 195.41718609999992 -110.75357100000096 1
vertex 173.91716192498131 -110.75357100000036 1
endloop
endfacet
facet normal 0 0 1
outer loop
vertex 279.42005112646774 -110.99279170000014 1
vertex 173.91716192498131 -110.75357100000036 1
vertex 173.93809108042203 -110.99279170000014 1
endloop
endfacet
facet normal 0 0 1
outer loop
vertex 137.78452149999998 -110.75357100000036 1
vertex 137.29679569495957 -110.7055342010084 1
vertex 53.8862080840048 -110.7055342010084 1
endloop
endfacet
facet normal 0 0 1
outer loop
vertex 137.78452149999998 -110.75357100000036 1
vertex 53.8862080840048 -110.7055342010084 1
vertex 53.86872411075108 -110.75357100000036 1
endloop
endfacet
facet normal 0 0 1
outer loop
vertex 159.28454426626908 -110.75357100000036 1
vertex 159.28874695288005 -110.7055342010084 1
vertex 138.27224730504028 -110.70553420100745 1
endloop
endfacet
facet normal 0 0 1
outer loop
vertex 159.28454426626908 -110.75357100000036 1
vertex 138.27224730504028 -110.70553420100745 1
vertex 137.78452149999998 -110.75357100000036 1
endloop
endfacet
facet normal 0 0 1
outer loop
vertex 195.41718609999992 -110.75357100000096 1
vertex 194.9294602949597 -110.70553420100799 1
vertex 173.91295923837035 -110.7055342010084 1
endloop
endfacet
facet normal 0 0 1
outer loop
vertex 195.41718609999992 -110.75357100000096 1
vertex 173.91295923837035 -110.7055342010084 1
vertex 173.91716192498131 -110.75357100000036 1
endloop
endfacet
facet normal 0 0 1
outer loop
vertex 279.3329819544964 -110.75357100000036 1
vertex 279.3154979979979 -110.7055342010084 1
vertex 195.9049119050403 -110.70553420100767 1
endloop
endfacet
facet normal 0 0 1
outer loop
vertex 279.3329819544964 -110.75357100000036 1
vertex 195.9049119050403 -110.70553420100767 1
vertex 195.41718609999992 -110.75357100000096 1
endloop
endfacet
facet normal 0 0 1
outer loop
vertex 159.28874695288005 -110.7055342010084 1
vertex 159.29399971736652 -110.64549498915635 1
vertex 138.47017006172968 -110.64549498915635 1
endloop
endfacet
facet normal 0 0 1
outer loop
vertex 159.28874695288005 -110.7055342010084 1
vertex 138.47017006172968 -110.64549498915635 1
vertex 138.27224730504028 -110.70553420100745 1
endloop
endfacet
facet normal 0 0 1
outer loop
vertex 194.9294602949597 -110.70553420100799 1
vertex 194.73153753827086 -110.64549498915635 1
vertex 173.90770647388388 -110.64549498915635 1
endloop
endfacet
facet normal 0 0 1
outer loop
vertex 194.9294602949597 -110.70553420100799 1
vertex 173.90770647388388 -110.64549498915635 1
vertex 173.91295923837035 -110.7055342010084 1
endloop
endfacet
facet normal 0 0 1
outer loop
vertex 137.29679569495957 -110.7055342010084 1
vertex 136.82781291908705 -110.56326983127865 1
vertex 53.93798810447957 -110.56326983127865 1
endloop
endfacet
facet normal 0 0 1
outer loop
vertex 137.29679569495957 -110.7055342010084 1
vertex 53.93798810447957 -110.56326983127865 1
vertex 53.8862080840048 -110.7055342010084 1
endloop
endfacet
facet normal 0 0 1
outer loop
vertex 159.29399971736652 -110.64549498915635 1
vertex 159.31603192009274 -110.56326983127865 1
vertex 138.7412300809131 -110.56326983127936 1
endloop
endfacet
facet normal 0 0 1
outer loop
vertex 159.29399971736652 -110.64549498915635 1
vertex 138.7412300809131 -110.56326983127936 1
vertex 138.47017006172968 -110.64549498915635 1
endloop
endfacet
facet normal 0 0 1
outer loop
vertex 194.73153753827086 -110.64549498915635 1
vertex 194.4604775190882 -110.56326983127656 1
vertex 173.88567431135587 -110.56326983127865 1
endloop
endfacet
facet normal 0 0 1
outer loop
vertex 194.73153753827086 -110.64549498915635 1
vertex 173.88567431135587 -110.56326983127865 1
vertex 173.90770647388388 -110.64549498915635 1
endloop
endfacet
facet normal 0 0 1
outer loop
vertex 279.3154979979979 -110.7055342010084 1
vertex 279.26371802714505 -110.56326983127865 1
vertex 196.37389468091334 -110.56326983128005 1
endloop
endfacet
facet normal 0 0 1
outer loop
vertex 279.3154979979979 -110.7055342010084 1
vertex 196.37389468091334 -110.56326983128005 1
vertex 195.9049119050403 -110.70553420100767 1
endloop
endfacet
facet normal 0 0 1
outer loop
vertex 136.82781291908705 -110.56326983127865 1
vertex 136.39559591745223 -110.33224503075488 1
vertex 54.02207429502836 -110.33224503075488 1
endloop
endfacet
facet normal 0 0 1
outer loop
vertex 136.82781291908705 -110.56326983127865 1
vertex 54.02207429502836 -110.33224503075488 1
vertex 53.93798810447957 -110.56326983127865 1
endloop
endfacet
facet normal 0 0 1
outer loop
vertex 159.31603192009274 -110.56326983127865 1
vertex 159.3779349865034 -110.33224503075488 1
vertex 139.17344708254848 -110.33224503075536 1
endloop
endfacet
facet normal 0 0 1
outer loop
vertex 159.31603192009274 -110.56326983127865 1
vertex 139.17344708254848 -110.33224503075536 1
vertex 138.7412300809131 -110.56326983127936 1
endloop
endfacet
facet normal 0 0 1
outer loop
vertex 194.4604775190882 -110.56326983127656 1
vertex 194.02826051744933 -110.33224503075846 1
vertex 173.82377140858839 -110.33224503075488 1
endloop
endfacet
facet normal 0 0 1
outer loop
vertex 194.4604775190882 -110.56326983127656 1
vertex 173.82377140858839 -110.33224503075488 1
vertex 173.88567431135587 -110.56326983127865 1
endloop
endfacet
facet normal 0 0 1
outer loop
vertex 279.26371802714505 -110.56326983127865 1
vertex 279.1796319171778 -110.33224503075488 1
vertex 196.80611168254939 -110.33224503075708 1
endloop
endfacet
facet normal 0 0 1
outer loop
vertex 279.26371802714505 -110.56326983127865 1
vertex 196.80611168254939 -110.33224503075708 1
vertex 196.37389468091334 -110.56326983128005 1
endloop
endfacet
facet normal 0 0 1
outer loop
vertex 159.3779349865034 -110.33224503075488 1
vertex 159.3842300617423 -110.30875154996784 1
vertex 139.20207397171583 -110.30875154996784 1
endloop
endfacet
facet normal 0 0 1
outer loop
vertex 159.3779349865034 -110.33224503075488 1
vertex 139.20207397171583 -110.30875154996784 1
vertex 139.17344708254848 -110.33224503075536 1
endloop
endfacet
facet normal 0 0 1
outer loop
vertex 194.02826051744933 -110.33224503075846 1
vertex 193.9996336282823 -110.30875154996784 1
vertex 173.8174763499913 -110.30875154996784 1
endloop
endfacet
facet normal 0 0 1
outer loop
vertex 194.02826051744933 -110.33224503075846 1
vertex 173.8174763499913 -110.30875154996784 1
vertex 173.82377140858839 -110.33224503075488 1
endloop
endfacet
facet normal 0 0 1
outer loop
vertex 136.39559591745223 -110.33224503075488 1
vertex 136.01675454703616 -110.02133795296432 1
vertex 54.13523527049964 -110.02133795296432 1
endloop
endfacet
facet normal 0 0 1
outer loop
vertex 136.39559591745223 -110.33224503075488 1
vertex 54.13523527049964 -110.02133795296432 1
vertex 54.02207429502836 -110.33224503075488 1
endloop
endfacet
facet normal 0 0 1
outer loop
vertex 159.3842300617423 -110.30875154996784 1
vertex 159.4888401700365 -110.02133795296432 1
vertex 139.5522884529666 -110.02133795296662 1
endloop
endfacet
facet normal 0 0 1
outer loop
vertex 159.3842300617423 -110.30875154996784 1
vertex 139.5522884529666 -110.02133795296662 1
vertex 139.20207397171583 -110.30875154996784 1
endloop
endfacet
facet normal 0 0 1
outer loop
vertex 193.9996336282823 -110.30875154996784 1
vertex 193.6494191470357 -110.02133795296473 1
vertex 173.71286640101414 -110.02133795296432 1
endloop
endfacet
facet normal 0 0 1
outer loop
vertex 193.9996336282823 -110.30875154996784 1
vertex 173.71286640101414 -110.02133795296432 1
vertex 173.8174763499913 -110.30875154996784 1
endloop
endfacet
facet normal 0 0 1
outer loop
vertex 279.1796319171778 -110.33224503075488 1
vertex 279.06647105015105 -110.02133795296432 1
vertex 197.18495305296685 -110.02133795296695 1
endloop
endfacet
facet normal 0 0 1
outer loop
vertex 279.1796319171778 -110.33224503075488 1
vertex 197.18495305296685 -110.02133795296695 1
vertex 196.80611168254939 -110.33224503075708 1
endloop
endfacet
facet normal 0 0 1
outer loop
vertex 136.01675454703616 -110.02133795296432 1
vertex 135.70584746924249 -109.64249658254964 1
vertex 54.27312231807261 -109.64249658254964 1
endloop
endfacet
facet normal 0 0 1
outer loop
vertex 136.01675454703616 -110.02133795296432 1
vertex 54.27312231807261 -109.64249658254964 1
vertex 54.13523527049964 -110.02133795296432 1
endloop
endfacet
facet normal 0 0 1
outer loop
vertex 159.4888401700365 -110.02133795296432 1
vertex 159.62672713185853 -109.64249658254964 1
vertex 139.86319553075646 -109.64249658254907 1
endloop
endfacet
facet normal 0 0 1
outer loop
vertex 159.4888401700365 -110.02133795296432 1
vertex 139.86319553075646 -109.64249658254907 1
vertex 139.5522884529666 -110.02133795296662 1
endloop
endfacet
facet normal 0 0 1
outer loop
vertex 193.6494191470357 -110.02133795296473 1
vertex 193.33851206924533 -109.64249658254813 1
vertex 173.57497947832385 -109.64249658254964 1
endloop
endfacet
facet normal 0 0 1
outer loop
vertex 193.6494191470357 -110.02133795296473 1
vertex 173.57497947832385 -109.64249658254964 1
vertex 173.71286640101414 -110.02133795296432 1
endloop
endfacet
facet normal 0 0 1
outer loop
vertex 279.06647105015105 -110.02133795296432 1
vertex 278.92858413471805 -109.64249658254964 1
vertex 197.49586013075614 -109.64249658254879 1
endloop
endfacet
facet normal 0 0 1
outer loop
vertex 279.06647105015105 -110.02133795296432 1
vertex 197.49586013075614 -109.64249658254879 1
vertex 197.18495305296685 -110.02133795296695 1
endloop
endfacet
facet normal 0 0 1
outer loop
vertex 135.70584746924249 -109.64249658254964 1
vertex 135.47482266871998 -109.21027958091328 1
vertex 54.430436515835964 -109.21027958091328 1
endloop
endfacet
facet normal 0 0 1
outer loop
vertex 135.70584746924249 -109.64249658254964 1
vertex 54.430436515835964 -109.21027958091328 1
vertex 54.27312231807261 -109.64249658254964 1
endloop
endfacet
facet normal 0 0 1
outer loop
vertex 159.62672713185853 -109.64249658254964 1
vertex 159.78404123178925 -109.21027958091328 1
vertex 140.09422033127825 -109.21027958091274 1
endloop
endfacet
facet normal 0 0 1
outer loop
vertex 159.62672713185853 -109.64249658254964 1
vertex 140.09422033127825 -109.21027958091274 1
vertex 139.86319553075646 -109.64249658254907 1
endloop
endfacet
facet normal 0 0 1
outer loop
vertex 193.33851206924533 -109.64249658254813 1
vertex 193.1074872687221 -109.21027958091261 1
vertex 173.41766542303824 -109.21027958091328 1
endloop
endfacet
facet normal 0 0 1
outer loop
vertex 193.33851206924533 -109.64249658254813 1
vertex 173.41766542303824 -109.21027958091328 1
vertex 173.57497947832385 -109.64249658254964 1
endloop
endfacet
facet normal 0 0 1
outer loop
vertex 278.92858413471805 -109.64249658254964 1
vertex 278.7712700877122 -109.21027958091328 1
vertex 197.72688493127808 -109.21027958091265 1
endloop
endfacet
facet normal 0 0 1
outer loop
vertex 278.92858413471805 -109.64249658254964 1
vertex 197.72688493127808 -109.21027958091265 1
vertex 197.49586013075614 -109.64249658254879 1
endloop
endfacet
facet normal 0 0 1
outer loop
vertex 135.47482266871998 -109.21027958091328 1
vertex 135.3325582989922 -108.7412968050403 1
vertex 54.601132367386086 -108.7412968050403 1
endloop
endfacet
facet normal 0 0 1
outer loop
vertex 135.47482266871998 -109.21027958091328 1
vertex 54.601132367386086 -108.7412968050403 1
vertex 54.430436515835964 -109.21027958091328 1
endloop
endfacet
facet normal 0 0 1
outer loop
vertex 159.78404123178925 -109.21027958091328 1
vertex 159.95473697718518 -108.7412968050403 1
vertex 140.23648470100764 -108.74129680504028 1
endloop
endfacet
facet normal 0 0 1
outer loop
vertex 159.78404123178925 -109.21027958091328 1
vertex 140.23648470100764 -108.74129680504028 1
vertex 140.09422033127825 -109.21027958091274 1
endloop
endfacet
facet normal 0 0 1
outer loop
vertex 193.1074872687221 -109.21027958091261 1
vertex 192.9652228989926 -108.74129680504029 1
vertex 173.24696972608498 -108.7412968050403 1
endloop
endfacet
facet normal 0 0 1
outer loop
vertex 193.1074872687221 -109.21027958091261 1
vertex 173.24696972608498 -108.7412968050403 1
vertex 173.41766542303824 -109.21027958091328 1
endloop
endfacet
facet normal 0 0 1
outer loop
vertex 278.7712700877122 -109.21027958091328 1
vertex 278.6005743997435 -108.7412968050403 1
vertex 197.86914930100826 -108.74129680504035 1
endloop
endfacet
facet normal 0 0 1
outer loop
vertex 278.7712700877122 -109.21027958091328 1
vertex 197.86914930100826 -108.74129680504035 1
vertex 197.72688493127808 -109.21027958091265 1
endloop
endfacet
facet normal 0 0 1
outer loop
vertex 135.3325582989922 -108.7412968050403 1
vertex 135.28452149999967 -108.25357099999997 1
vertex 54.778650126890284 -108.25357099999992 1
endloop
endfacet
facet normal 0 0 1
outer loop
vertex 135.3325582989922 -108.7412968050403 1
vertex 54.778650126890284 -108.25357099999992 1
vertex 54.601132367386086 -108.7412968050403 1
endloop
endfacet
facet normal 0 0 1
outer loop
vertex 159.95473697718518 -108.7412968050403 1
vertex 160.13225462629202 -108.25357099999992 1
vertex 140.28452149999956 -108.25357099999995 1
endloop
endfacet
facet normal 0 0 1
outer loop
vertex 159.95473697718518 -108.7412968050403 1
vertex 140.28452149999956 -108.25357099999995 1
vertex 140.23648470100764 -108.74129680504028 1
endloop
endfacet
facet normal 0 0 1
outer loop
vertex 192.9652228989926 -108.74129680504029 1
vertex 192.9171861000002 -108.25357100000005 1
vertex 173.0694521273569 -108.25357099999992 1
endloop
endfacet
facet normal 0 0 1
outer loop
vertex 192.9652228989926 -108.74129680504029 1
vertex 173.0694521273569 -108.25357099999992 1
vertex 173.24696972608498 -108.7412968050403 1
endloop
endfacet
facet normal 0 0 1
outer loop
vertex 278.6005743997435 -108.7412968050403 1
vertex 278.4230568103582 -108.25357099999992 1
vertex 197.91718610000018 -108.25357100000004 1
endloop
endfacet
facet normal 0 0 1
outer loop
vertex 278.6005743997435 -108.7412968050403 1
vertex 197.91718610000018 -108.25357100000004 1
vertex 197.86914930100826 -108.74129680504035 1
endloop
endfacet
facet normal 0 0 1
outer loop
vertex 135.28452149999967 -108.25357099999997 1
vertex 135.33255829899107 -107.76584519495941 1
vertex 54.95616788638934 -107.76584519495941 1
endloop
endfacet
facet normal 0 0 1
outer loop
vertex 135.28452149999967 -108.25357099999997 1
vertex 54.95616788638934 -107.76584519495941 1
vertex 54.778650126890284 -108.25357099999992 1
endloop
endfacet
facet normal 0 0 1
outer loop
vertex 160.13225462629202 -108.25357099999992 1
vertex 160.30977227539407 -107.76584519495941 1
vertex 140.23648470100818 -107.76584519495967 1
endloop
endfacet
facet normal 0 0 1
outer loop
vertex 160.13225462629202 -108.25357099999992 1
vertex 140.23648470100818 -107.76584519495967 1
vertex 140.28452149999956 -108.25357099999995 1
endloop
endfacet
facet normal 0 0 1
outer loop
vertex 192.9171861000002 -108.25357100000005 1
vertex 192.9652228989915 -107.76584519495954 1
vertex 172.89193452863358 -107.76584519495941 1
endloop
endfacet
facet normal 0 0 1
outer loop
vertex 192.9171861000002 -108.25357100000005 1
vertex 172.89193452863358 -107.76584519495941 1
vertex 173.0694521273569 -108.25357099999992 1
endloop
endfacet
facet normal 0 0 1
outer loop
vertex 278.4230568103582 -108.25357099999992 1
vertex 278.2455392209782 -107.76584519495941 1
vertex 197.86914930100895 -107.7658451949596 1
endloop
endfacet
facet normal 0 0 1
outer loop
vertex 278.4230568103582 -108.25357099999992 1
vertex 197.86914930100895 -107.7658451949596 1
vertex 197.91718610000018 -108.25357100000004 1
endloop
endfacet
facet normal 0 0 1
outer loop
vertex 135.33255829899107 -107.76584519495941 1
vertex 135.47482266872154 -107.29686241908715 1
vertex 55.12686373794005 -107.29686241908715 1
endloop
endfacet
facet normal 0 0 1
outer loop
vertex 135.33255829899107 -107.76584519495941 1
vertex 55.12686373794005 -107.29686241908715 1
vertex 54.95616788638934 -107.76584519495941 1
endloop
endfacet
facet normal 0 0 1
outer loop
vertex 160.30977227539407 -107.76584519495941 1
vertex 160.48046802079057 -107.29686241908715 1
vertex 140.09422033127873 -107.2968624190871 1
endloop
endfacet
facet normal 0 0 1
outer loop
vertex 160.30977227539407 -107.76584519495941 1
vertex 140.09422033127873 -107.2968624190871 1
vertex 140.23648470100818 -107.76584519495967 1
endloop
endfacet
facet normal 0 0 1
outer loop
vertex 192.9652228989915 -107.76584519495954 1
vertex 193.10748726872177 -107.29686241908725 1
vertex 172.7212388316798 -107.29686241908715 1
endloop
endfacet
facet normal 0 0 1
outer loop
vertex 192.9652228989915 -107.76584519495954 1
vertex 172.7212388316798 -107.29686241908715 1
vertex 172.89193452863358 -107.76584519495941 1
endloop
endfacet
facet normal 0 0 1
outer loop
vertex 278.2455392209782 -107.76584519495941 1
vertex 278.07484353300885 -107.29686241908715 1
vertex 197.72688493127907 -107.29686241908703 1
endloop
endfacet
facet normal 0 0 1
outer loop
vertex 278.2455392209782 -107.76584519495941 1
vertex 197.72688493127907 -107.29686241908703 1
vertex 197.86914930100895 -107.7658451949596 1
endloop
endfacet
facet normal 0 0 1
outer loop
vertex 135.47482266872154 -107.29686241908715 1
vertex 135.70584746924368 -106.86464541745097 1
vertex 55.284177935716016 -106.86464541745097 1
endloop
endfacet
facet normal 0 0 1
outer loop
vertex 135.47482266872154 -107.29686241908715 1
vertex 55.284177935716016 -106.86464541745097 1
vertex 55.12686373794005 -107.29686241908715 1
endloop
endfacet
facet normal 0 0 1
outer loop
vertex 160.48046802079057 -107.29686241908715 1
vertex 160.63778212073296 -106.86464541745097 1
vertex 139.86319553075515 -106.86464541745164 1
endloop
endfacet
facet normal 0 0 1
outer loop
vertex 160.48046802079057 -107.29686241908715 1
vertex 139.86319553075515 -106.86464541745164 1
vertex 140.09422033127873 -107.2968624190871 1
endloop
endfacet
facet normal 0 0 1
outer loop
vertex 193.10748726872177 -107.29686241908725 1
vertex 193.3385120692434 -106.8646454174508 1
vertex 172.56392477638235 -106.86464541745097 1
endloop
endfacet
facet normal 0 0 1
outer loop
vertex 193.10748726872177 -107.29686241908725 1
vertex 172.56392477638235 -106.86464541745097 1
vertex 172.7212388316798 -107.29686241908715 1
endloop
endfacet
facet normal 0 0 1
outer loop
vertex 278.07484353300885 -107.29686241908715 1
vertex 277.91752948599037 -106.86464541745097 1
vertex 197.4958601307547 -106.86464541745197 1
endloop
endfacet
facet normal 0 0 1
outer loop
vertex 278.07484353300885 -107.29686241908715 1
vertex 197.4958601307547 -106.86464541745197 1
vertex 197.72688493127907 -107.29686241908703 1
endloop
endfacet
facet normal 0 0 1
outer loop
vertex 138.07715698302428 -109.7247489206056 1
vertex 138.35854664854756 -109.63939029876663 1
vertex 138.6178768495297 -109.50077541845431 1
endloop
endfacet
facet normal 0 0 1
outer loop
vertex 138.07715698302428 -109.7247489206056 1
vertex 138.6178768495297 -109.50077541845431 1
vertex 138.8451816717793 -109.31423117177913 1
endloop
endfacet
facet normal 0 0 1
outer loop
vertex 138.07715698302428 -109.7247489206056 1
vertex 138.8451816717793 -109.31423117177913 1
vertex 139.03172591845373 -109.08692634952934 1
endloop
endfacet
facet normal 0 0 1
outer loop
vertex 138.07715698302428 -109.7247489206056 1
vertex 139.03172591845373 -109.08692634952934 1
vertex 139.17034079876683 -108.82759614854757 1
endloop
endfacet
facet normal 0 0 1
outer loop
vertex 138.07715698302428 -109.7247489206056 1
vertex 139.17034079876683 -108.82759614854757 1
vertex 139.2556994206039 -108.54620648302411 1
endloop
endfacet
facet normal 0 0 1
outer loop
vertex 138.07715698302428 -109.7247489206056 1
vertex 139.2556994206039 -108.54620648302411 1
vertex 139.28452149999904 -108.25357099999992 1
endloop
endfacet
facet normal 0 0 1
outer loop
vertex 138.07715698302428 -109.7247489206056 1
vertex 139.28452149999904 -108.25357099999992 1
vertex 139.25569942060497 -107.96093551697578 1
endloop
endfacet
facet normal 0 0 1
outer loop
vertex 138.07715698302428 -109.7247489206056 1
vertex 139.25569942060497 -107.96093551697578 1
vertex 139.17034079876822 -107.67954585145193 1
endloop
endfacet
facet normal 0 0 1
outer loop
vertex 138.07715698302428 -109.7247489206056 1
vertex 139.17034079876822 -107.67954585145193 1
vertex 139.03172591845194 -107.42021565047159 1
endloop
endfacet
facet normal 0 0 1
outer loop
vertex 138.07715698302428 -109.7247489206056 1
vertex 139.03172591845194 -107.42021565047159 1
vertex 138.84518167177714 -107.19291082822242 1
endloop
endfacet
facet normal 0 0 1
outer loop
vertex 138.07715698302428 -109.7247489206056 1
vertex 138.84518167177714 -107.19291082822242 1
vertex 138.61787684952762 -107.00636658154836 1
endloop
endfacet
facet normal 0 0 1
outer loop
vertex 138.07715698302428 -109.7247489206056 1
vertex 138.61787684952762 -107.00636658154836 1
vertex 138.35854664854918 -106.86775170123026 1
endloop
endfacet
facet normal 0 0 1
outer loop
vertex 138.07715698302428 -109.7247489206056 1
vertex 138.35854664854918 -106.86775170123026 1
vertex 138.07715698302408 -106.78239307939555 1
endloop
endfacet
facet normal 0 0 1
outer loop
vertex 138.07715698302428 -109.7247489206056 1
vertex 138.07715698302408 -106.78239307939555 1
vertex 137.7845215000001 -106.7535709999991 1
endloop
endfacet
facet normal 0 0 1
outer loop
vertex 138.07715698302428 -109.7247489206056 1
vertex 137.7845215000001 -106.7535709999991 1
vertex 137.4918860169759 -106.78239307939589 1
endloop
endfacet
facet normal 0 0 1
outer loop
vertex 138.07715698302428 -109.7247489206056 1
vertex 137.4918860169759 -106.78239307939589 1
vertex 137.21049635145232 -106.8677517012328 1
endloop
endfacet
facet normal 0 0 1
outer loop
vertex 138.07715698302428 -109.7247489206056 1
vertex 137.21049635145232 -106.8677517012328 1
vertex 136.95116615047036 -107.0063665815457 1
endloop
endfacet
facet normal 0 0 1
outer loop
vertex 138.07715698302428 -109.7247489206056 1
vertex 136.95116615047036 -107.0063665815457 1
vertex 136.72386132822012 -107.19291082822009 1
endloop
endfacet
facet normal 0 0 1
outer loop
vertex 138.07715698302428 -109.7247489206056 1
vertex 136.72386132822012 -107.19291082822009 1
vertex 136.53731708154612 -107.42021565047052 1
endloop
endfacet
facet normal 0 0 1
outer loop
vertex 138.07715698302428 -109.7247489206056 1
vertex 136.53731708154612 -107.42021565047052 1
vertex 136.398702201233 -107.67954585145232 1
endloop
endfacet
facet normal 0 0 1
outer loop
vertex 138.07715698302428 -109.7247489206056 1
vertex 136.398702201233 -107.67954585145232 1
vertex 136.31334357939588 -107.96093551697604 1
endloop
endfacet
facet normal 0 0 1
outer loop
vertex 138.07715698302428 -109.7247489206056 1
vertex 136.31334357939588 -107.96093551697604 1
vertex 136.28452149999868 -108.25357099999987 1
endloop
endfacet
facet normal 0 0 1
outer loop
vertex 138.07715698302428 -109.7247489206056 1
vertex 136.28452149999868 -108.25357099999987 1
vertex 136.31334357939545 -108.54620648302419 1
endloop
endfacet
facet normal 0 0 1
outer loop
vertex 138.07715698302428 -109.7247489206056 1
vertex 136.31334357939545 -108.54620648302419 1
vertex 136.39870220123387 -108.82759614854737 1
endloop
endfacet
facet normal 0 0 1
outer loop
vertex 138.07715698302428 -109.7247489206056 1
vertex 136.39870220123387 -108.82759614854737 1
vertex 136.53731708154635 -109.08692634952932 1
endloop
endfacet
facet normal 0 0 1
outer loop
vertex 138.07715698302428 -109.7247489206056 1
vertex 136.53731708154635 -109.08692634952932 1
vertex 136.72386132821794 -109.31423117178166 1
endloop
endfacet
facet normal 0 0 1
outer loop
vertex 138.07715698302428 -109.7247489206056 1
vertex 136.72386132821794 -109.31423117178166 1
vertex 136.9511661504699 -109.50077541845471 1
endloop
endfacet
facet normal 0 0 1
outer loop
vertex 138.07715698302428 -109.7247489206056 1
vertex 136.9511661504699 -109.50077541845471 1
vertex 137.21049635145187 -109.6393902987679 1
endloop
endfacet
facet normal 0 0 1
outer loop
vertex 138.07715698302428 -109.7247489206056 1
vertex 137.21049635145187 -109.6393902987679 1
vertex 137.4918860169757 -109.72474892060526 1
endloop
endfacet
facet normal 0 0 1
outer loop
vertex 138.07715698302428 -109.7247489206056 1
vertex 137.4918860169757 -109.72474892060526 1
vertex 137.78452150000015 -109.75357099999864 1
endloop
endfacet
facet normal 0 0 1
outer loop
vertex 195.70982158302434 -109.7247489206064 1
vertex 195.99121124854756 -109.63939029876653 1
vertex 196.25054144953054 -109.50077541845594 1
endloop
endfacet
facet normal 0 0 1
outer loop
vertex 195.70982158302434 -109.7247489206064 1
vertex 196.25054144953054 -109.50077541845594 1
vertex 196.47784627177896 -109.31423117177869 1
endloop
endfacet
facet normal 0 0 1
outer loop
vertex 195.70982158302434 -109.7247489206064 1
vertex 196.47784627177896 -109.31423117177869 1
vertex 196.66439051845387 -109.08692634952943 1
endloop
endfacet
facet normal 0 0 1
outer loop
vertex 195.70982158302434 -109.7247489206064 1
vertex 196.66439051845387 -109.08692634952943 1
vertex 196.80300539876708 -108.82759614854768 1
endloop
endfacet
facet normal 0 0 1
outer loop
vertex 195.70982158302434 -109.7247489206064 1
vertex 196.80300539876708 -108.82759614854768 1
vertex 196.88836402060372 -108.5462064830241 1
endloop
endfacet
facet normal 0 0 1
outer loop
vertex 195.70982158302434 -109.7247489206064 1
vertex 196.88836402060372 -108.5462064830241 1
vertex 196.91718609999887 -108.25357099999991 1
endloop
endfacet
facet normal 0 0 1
outer loop
vertex 195.70982158302434 -109.7247489206064 1
vertex 196.91718609999887 -108.25357099999991 1
vertex 196.8883640206068 -107.96093551697561 1
endloop
endfacet
facet normal 0 0 1
outer loop
vertex 195.70982158302434 -109.7247489206064 1
vertex 196.8883640206068 -107.96093551697561 1
vertex 196.8030053987652 -107.67954585145287 1
endloop
endfacet
facet normal 0 0 1
outer loop
vertex 195.70982158302434 -109.7247489206064 1
vertex 196.8030053987652 -107.67954585145287 1
vertex 196.6643905184541 -107.42021565047045 1
endloop
endfacet
facet normal 0 0 1
outer loop
vertex 195.70982158302434 -109.7247489206064 1
vertex 196.6643905184541 -107.42021565047045 1
vertex 196.4778462717751 -107.19291082822409 1
endloop
endfacet
facet normal 0 0 1
outer loop
vertex 195.70982158302434 -109.7247489206064 1
vertex 196.4778462717751 -107.19291082822409 1
vertex 196.25054144953094 -107.00636658154438 1
endloop
endfacet
facet normal 0 0 1
outer loop
vertex 195.70982158302434 -109.7247489206064 1
vertex 196.25054144953094 -107.00636658154438 1
vertex 195.99121124854946 -106.8677517012297 1
endloop
endfacet
facet normal 0 0 1
outer loop
vertex 195.70982158302434 -109.7247489206064 1
vertex 195.99121124854946 -106.8677517012297 1
vertex 195.70982158302405 -106.78239307939566 1
endloop
endfacet
facet normal 0 0 1
outer loop
vertex 195.70982158302434 -109.7247489206064 1
vertex 195.70982158302405 -106.78239307939566 1
vertex 195.4171861000001 -106.75357099999871 1
endloop
endfacet
facet normal 0 0 1
outer loop
vertex 195.70982158302434 -109.7247489206064 1
vertex 195.4171861000001 -106.75357099999871 1
vertex 195.12455061697597 -106.7823930793963 1
endloop
endfacet
facet normal 0 0 1
outer loop
vertex 195.70982158302434 -109.7247489206064 1
vertex 195.12455061697597 -106.7823930793963 1
vertex 194.84316095145226 -106.86775170123269 1
endloop
endfacet
facet normal 0 0 1
outer loop
vertex 195.70982158302434 -109.7247489206064 1
vertex 194.84316095145226 -106.86775170123269 1
vertex 194.58383075047078 -107.00636658154647 1
endloop
endfacet
facet normal 0 0 1
outer loop
vertex 195.70982158302434 -109.7247489206064 1
vertex 194.58383075047078 -107.00636658154647 1
vertex 194.35652592821873 -107.19291082821832 1
endloop
endfacet
facet normal 0 0 1
outer loop
vertex 195.70982158302434 -109.7247489206064 1
vertex 194.35652592821873 -107.19291082821832 1
vertex 194.16998168154626 -107.42021565047062 1
endloop
endfacet
facet normal 0 0 1
outer loop
vertex 195.70982158302434 -109.7247489206064 1
vertex 194.16998168154626 -107.42021565047062 1
vertex 194.0313668012326 -107.67954585145209 1
endloop
endfacet
facet normal 0 0 1
outer loop
vertex 195.70982158302434 -109.7247489206064 1
vertex 194.0313668012326 -107.67954585145209 1
vertex 193.9460081793962 -107.96093551697612 1
endloop
endfacet
facet normal 0 0 1
outer loop
vertex 195.70982158302434 -109.7247489206064 1
vertex 193.9460081793962 -107.96093551697612 1
vertex 193.91718609999924 -108.25357099999994 1
endloop
endfacet
facet normal 0 0 1
outer loop
vertex 195.70982158302434 -109.7247489206064 1
vertex 193.91718609999924 -108.25357099999994 1
vertex 193.94600817939715 -108.54620648302402 1
endloop
endfacet
facet normal 0 0 1
outer loop
vertex 195.70982158302434 -109.7247489206064 1
vertex 193.94600817939715 -108.54620648302402 1
vertex 194.0313668012314 -108.82759614854814 1
endloop
endfacet
facet normal 0 0 1
outer loop
vertex 195.70982158302434 -109.7247489206064 1
vertex 194.0313668012314 -108.82759614854814 1
vertex 194.1699816815477 -109.08692634952865 1
endloop
endfacet
facet normal 0 0 1
outer loop
vertex 195.70982158302434 -109.7247489206064 1
vertex 194.1699816815477 -109.08692634952865 1
vertex 194.35652592821634 -109.314231171783 1
endloop
endfacet
facet normal 0 0 1
outer loop
vertex 195.70982158302434 -109.7247489206064 1
vertex 194.35652592821634 -109.314231171783 1
vertex 194.58383075047203 -109.50077541845212 1
endloop
endfacet
facet normal 0 0 1
outer loop
vertex 195.70982158302434 -109.7247489206064 1
vertex 194.58383075047203 -109.50077541845212 1
vertex 194.84316095145414 -109.63939029876363 1
endloop
endfacet
facet normal 0 0 1
outer loop
vertex 195.70982158302434 -109.7247489206064 1
vertex 194.84316095145414 -109.63939029876363 1
vertex 195.12455061697568 -109.72474892060535 1
endloop
endfacet
facet normal 0 0 1
outer loop
vertex 195.70982158302434 -109.7247489206064 1
vertex 195.12455061697568 -109.72474892060535 1
vertex 195.41718610000012 -109.75357099999877 1
endloop
endfacet
facet normal 0 0 1
outer loop
vertex 135.70584746924368 -106.86464541745097 1
vertex 136.01675454703388 -106.48580404703392 1
vertex 55.422064983274524 -106.48580404703392 1
endloop
endfacet
facet normal 0 0 1
outer loop
vertex 135.70584746924368 -106.86464541745097 1
vertex 55.422064983274524 -106.48580404703392 1
vertex 55.284177935716016 -106.86464541745097 1
endloop
endfacet
facet normal 0 0 1
outer loop
vertex 160.63778212073296 -106.86464541745097 1
vertex 160.77566908254164 -106.48580404703392 1
vertex 139.55228845297037 -106.4858040470304 1
endloop
endfacet
facet normal 0 0 1
outer loop
vertex 160.63778212073296 -106.86464541745097 1
vertex 139.55228845297037 -106.4858040470304 1
vertex 139.86319553075515 -106.86464541745164 1
endloop
endfacet
facet normal 0 0 1
outer loop
vertex 193.3385120692434 -106.8646454174508 1
vertex 193.6494191470345 -106.48580404703463 1
vertex 172.42603785370557 -106.48580404703392 1
endloop
endfacet
facet normal 0 0 1
outer loop
vertex 193.3385120692434 -106.8646454174508 1
vertex 172.42603785370557 -106.48580404703392 1
vertex 172.56392477638235 -106.86464541745097 1
endloop
endfacet
facet normal 0 0 1
outer loop
vertex 277.91752948599037 -106.86464541745097 1
vertex 277.7796425705719 -106.48580404703392 1
vertex 197.18495305296568 -106.4858040470342 1
endloop
endfacet
facet normal 0 0 1
outer loop
vertex 277.91752948599037 -106.86464541745097 1
vertex 197.18495305296568 -106.4858040470342 1
vertex 197.4958601307547 -106.86464541745197 1
endloop
endfacet
facet normal 0 0 1
outer loop
vertex 136.01675454703388 -106.48580404703392 1
vertex 136.3955959174508 -106.17489696924328 1
vertex 55.535225958752484 -106.17489696924328 1
endloop
endfacet
facet normal 0 0 1
outer loop
vertex 136.01675454703388 -106.48580404703392 1
vertex 55.535225958752484 -106.17489696924328 1
vertex 55.422064983274524 -106.48580404703392 1
endloop
endfacet
facet normal 0 0 1
outer loop
vertex 160.77566908254164 -106.48580404703392 1
vertex 160.88882998764515 -106.17489696924328 1
vertex 139.17344708254987 -106.17489696924268 1
endloop
endfacet
facet normal 0 0 1
outer loop
vertex 160.77566908254164 -106.48580404703392 1
vertex 139.17344708254987 -106.17489696924268 1
vertex 139.55228845297037 -106.4858040470304 1
endloop
endfacet
facet normal 0 0 1
outer loop
vertex 193.6494191470345 -106.48580404703463 1
vertex 194.0282605174512 -106.17489696924397 1
vertex 172.31287698071654 -106.17489696924328 1
endloop
endfacet
facet normal 0 0 1
outer loop
vertex 193.6494191470345 -106.48580404703463 1
vertex 172.31287698071654 -106.17489696924328 1
vertex 172.42603785370557 -106.48580404703392 1
endloop
endfacet
facet normal 0 0 1
outer loop
vertex 277.7796425705719 -106.48580404703392 1
vertex 277.6664817035385 -106.17489696924328 1
vertex 196.80611168254265 -106.17489696925138 1
endloop
endfacet
facet normal 0 0 1
outer loop
vertex 277.7796425705719 -106.48580404703392 1
vertex 196.80611168254265 -106.17489696925138 1
vertex 197.18495305296568 -106.4858040470342 1
endloop
endfacet
facet normal 0 0 1
outer loop
vertex 136.3955959174508 -106.17489696924328 1
vertex 136.82781291908765 -105.94387216872298 1
vertex 55.61931214929777 -105.94387216872298 1
endloop
endfacet
facet normal 0 0 1
outer loop
vertex 136.3955959174508 -106.17489696924328 1
vertex 55.61931214929777 -105.94387216872298 1
vertex 55.535225958752484 -106.17489696924328 1
endloop
endfacet
facet normal 0 0 1
outer loop
vertex 160.88882998764515 -106.17489696924328 1
vertex 160.97291612589802 -105.94387216872298 1
vertex 138.7412300809135 -105.94387216872042 1
endloop
endfacet
facet normal 0 0 1
outer loop
vertex 160.88882998764515 -106.17489696924328 1
vertex 138.7412300809135 -105.94387216872042 1
vertex 139.17344708254987 -106.17489696924268 1
endloop
endfacet
facet normal 0 0 1
outer loop
vertex 194.0282605174512 -106.17489696924397 1
vertex 194.46047751908785 -105.94387216872362 1
vertex 172.228790866327 -105.94387216872298 1
endloop
endfacet
facet normal 0 0 1
outer loop
vertex 194.0282605174512 -106.17489696924397 1
vertex 172.228790866327 -105.94387216872298 1
vertex 172.31287698071654 -106.17489696924328 1
endloop
endfacet
facet normal 0 0 1
outer loop
vertex 277.6664817035385 -106.17489696924328 1
vertex 277.58239559357474 -105.94387216872298 1
vertex 196.3738946809123 -105.94387216872259 1
endloop
endfacet
facet normal 0 0 1
outer loop
vertex 277.6664817035385 -106.17489696924328 1
vertex 196.3738946809123 -105.94387216872259 1
vertex 196.80611168254265 -106.17489696925138 1
endloop
endfacet
facet normal 0 0 1
outer loop
vertex 136.82781291908765 -105.94387216872298 1
vertex 137.29679569495963 -105.80160779899126 1
vertex 55.67109216977358 -105.80160779899126 1
endloop
endfacet
facet normal 0 0 1
outer loop
vertex 136.82781291908765 -105.94387216872298 1
vertex 55.67109216977358 -105.80160779899126 1
vertex 55.61931214929777 -105.94387216872298 1
endloop
endfacet
facet normal 0 0 1
outer loop
vertex 160.97291612589802 -105.94387216872298 1
vertex 161.02469611417206 -105.80160779899126 1
vertex 138.27224730504022 -105.8016077989923 1
endloop
endfacet
facet normal 0 0 1
outer loop
vertex 160.97291612589802 -105.94387216872298 1
vertex 138.27224730504022 -105.8016077989923 1
vertex 138.7412300809135 -105.94387216872042 1
endloop
endfacet
facet normal 0 0 1
outer loop
vertex 194.46047751908785 -105.94387216872362 1
vertex 194.92946029495965 -105.80160779899151 1
vertex 172.1770108927478 -105.80160779899126 1
endloop
endfacet
facet normal 0 0 1
outer loop
vertex 194.46047751908785 -105.94387216872362 1
vertex 172.1770108927478 -105.80160779899126 1
vertex 172.228790866327 -105.94387216872298 1
endloop
endfacet
facet normal 0 0 1
outer loop
vertex 277.58239559357474 -105.94387216872298 1
vertex 277.5306156227208 -105.80160779899126 1
vertex 195.90491190503977 -105.80160779899393 1
endloop
endfacet
facet normal 0 0 1
outer loop
vertex 277.58239559357474 -105.94387216872298 1
vertex 195.90491190503977 -105.80160779899393 1
vertex 196.3738946809123 -105.94387216872259 1
endloop
endfacet
facet normal 0 0 1
outer loop
vertex 137.29679569495963 -105.80160779899126 1
vertex 137.7845215 -105.75357100000019 1
vertex 55.6885761430276 -105.75357100000019 1
endloop
endfacet
facet normal 0 0 1
outer loop
vertex 137.29679569495963 -105.80160779899126 1
vertex 55.6885761430276 -105.75357100000019 1
vertex 55.67109216977358 -105.80160779899126 1
endloop
endfacet
facet normal 0 0 1
outer loop
vertex 161.02469611417206 -105.80160779899126 1
vertex 161.04218007655294 -105.75357100000019 1
vertex 137.7845215 -105.75357100000019 1
endloop
endfacet
facet normal 0 0 1
outer loop
vertex 161.02469611417206 -105.80160779899126 1
vertex 137.7845215 -105.75357100000019 1
vertex 138.27224730504022 -105.8016077989923 1
endloop
endfacet
facet normal 0 0 1
outer loop
vertex 194.92946029495965 -105.80160779899151 1
vertex 195.41718609999998 -105.75357100000043 1
vertex 172.1595269353288 -105.75357100000019 1
endloop
endfacet
facet normal 0 0 1
outer loop
vertex 194.92946029495965 -105.80160779899151 1
vertex 172.1595269353288 -105.75357100000019 1
vertex 172.1770108927478 -105.80160779899126 1
endloop
endfacet
facet normal 0 0 1
outer loop
vertex 277.5306156227208 -105.80160779899126 1
vertex 277.513131666222 -105.75357100000019 1
vertex 195.41718609999998 -105.75357100000043 1
endloop
endfacet
facet normal 0 0 1
outer loop
vertex 277.5306156227208 -105.80160779899126 1
vertex 195.41718609999998 -105.75357100000043 1
vertex 195.90491190503977 -105.80160779899393 1
endloop
endfacet
facet normal 0 0 1
outer loop
vertex 137.7845215 -105.75357100000019 1
vertex 161.04218007655294 -105.75357100000019 1
vertex 161.81323264999682 -103.63512115000933 1
endloop
endfacet
facet normal 0 0 1
outer loop
vertex 137.7845215 -105.75357100000019 1
vertex 161.81323264999682 -103.63512115000933 1
vertex 161.83148200064872 -103.56839610000016 1
endloop
endfacet
facet normal 0 0 1
outer loop
vertex 137.7845215 -105.75357100000019 1
vertex 161.83148200064872 -103.56839610000016 1
vertex 79.7415783 -103.56839610000016 1
endloop
endfacet
facet normal 0 0 1
outer loop
vertex 137.7845215 -105.75357100000019 1
vertex 79.7415783 -103.56839610000016 1
vertex 56.48391513955664 -103.56839610000016 1
endloop
endfacet
facet normal 0 0 1
outer loop
vertex 137.7845215 -105.75357100000019 1
vertex 56.48391513955664 -103.56839610000016 1
vertex 55.6885761430276 -105.75357100000019 1
endloop
endfacet
facet normal 0 0 1
outer loop
vertex 195.41718609999998 -105.75357100000043 1
vertex 277.513131666222 -105.75357100000019 1
vertex 276.7177934318829 -103.56839610000016 1
endloop
endfacet
facet normal 0 0 1
outer loop
vertex 195.41718609999998 -105.75357100000043 1
vertex 276.7177934318829 -103.56839610000016 1
vertex 253.4601293 -103.56839610000057 1
endloop
endfacet
facet normal 0 0 1
outer loop
vertex 195.41718609999998 -105.75357100000043 1
vertex 253.4601293 -103.56839610000057 1
vertex 171.37022505127004 -103.56839610000016 1
endloop
endfacet
facet normal 0 0 1
outer loop
vertex 195.41718609999998 -105.75357100000043 1
vertex 171.37022505127004 -103.56839610000016 1
vertex 171.38847579998767 -103.6351244999589 1
endloop
endfacet
facet normal 0 0 1
outer loop
vertex 195.41718609999998 -105.75357100000043 1
vertex 171.38847579998767 -103.6351244999589 1
vertex 172.1595269353288 -105.75357100000019 1
endloop
endfacet
facet normal 0 0 1
outer loop
vertex 79.7415783 -103.56839610000016 1
vertex 79.25385249495992 -103.52035930100729 1
vertex 56.50139911281014 -103.52035930100729 1
endloop
endfacet
facet normal 0 0 1
outer loop
vertex 79.7415783 -103.56839610000016 1
vertex 56.50139911281014 -103.52035930100729 1
vertex 56.48391513955664 -103.56839610000016 1
endloop
endfacet
facet normal 0 0 1
outer loop
vertex 161.83148200064872 -103.56839610000016 1
vertex 161.84462010079022 -103.52035930100729 1
vertex 80.22930410504019 -103.52035930100672 1
endloop
endfacet
facet normal 0 0 1
outer loop
vertex 161.83148200064872 -103.56839610000016 1
vertex 80.22930410504019 -103.52035930100672 1
vertex 79.7415783 -103.56839610000016 1
endloop
endfacet
facet normal 0 0 1
outer loop
vertex 253.4601293 -103.56839610000057 1
vertex 252.97240349495857 -103.52035930101184 1
vertex 171.35708660425033 -103.52035930100729 1
endloop
endfacet
facet normal 0 0 1
outer loop
vertex 253.4601293 -103.56839610000057 1
vertex 171.35708660425033 -103.52035930100729 1
vertex 171.37022505127004 -103.56839610000016 1
endloop
endfacet
facet normal 0 0 1
outer loop
vertex 276.7177934318829 -103.56839610000016 1
vertex 276.70030947538476 -103.52035930100729 1
vertex 253.94785510504033 -103.520359301008 1
endloop
endfacet
facet normal 0 0 1
outer loop
vertex 276.7177934318829 -103.56839610000016 1
vertex 253.94785510504033 -103.520359301008 1
vertex 253.4601293 -103.56839610000057 1
endloop
endfacet
facet normal 0 0 1
outer loop
vertex 79.25385249495992 -103.52035930100729 1
vertex 78.78486971908764 -103.37809493127756 1
vertex 56.55317913328534 -103.37809493127756 1
endloop
endfacet
facet normal 0 0 1
outer loop
vertex 79.25385249495992 -103.52035930100729 1
vertex 56.55317913328534 -103.37809493127756 1
vertex 56.50139911281014 -103.52035930100729 1
endloop
endfacet
facet normal 0 0 1
outer loop
vertex 161.84462010079022 -103.52035930100729 1
vertex 161.88352951139564 -103.37809493127756 1
vertex 80.69828688091272 -103.3780949312781 1
endloop
endfacet
facet normal 0 0 1
outer loop
vertex 161.84462010079022 -103.52035930100729 1
vertex 80.69828688091272 -103.3780949312781 1
vertex 80.22930410504019 -103.52035930100672 1
endloop
endfacet
facet normal 0 0 1
outer loop
vertex 252.97240349495857 -103.52035930101184 1
vertex 252.50342071908614 -103.37809493128044 1
vertex 171.31817616634055 -103.37809493127756 1
endloop
endfacet
facet normal 0 0 1
outer loop
vertex 252.97240349495857 -103.52035930101184 1
vertex 171.31817616634055 -103.37809493127756 1
vertex 171.35708660425033 -103.52035930100729 1
endloop
endfacet
facet normal 0 0 1
outer loop
vertex 276.70030947538476 -103.52035930100729 1
vertex 276.64852950453144 -103.37809493127756 1
vertex 254.41683788091348 -103.37809493128074 1
endloop
endfacet
facet normal 0 0 1
outer loop
vertex 276.70030947538476 -103.52035930100729 1
vertex 254.41683788091348 -103.37809493128074 1
vertex 253.94785510504033 -103.520359301008 1
endloop
endfacet
facet normal 0 0 1
outer loop
vertex 78.78486971908764 -103.37809493127756 1
vertex 78.3526527174503 -103.14707013075724 1
vertex 56.63726532383391 -103.14707013075724 1
endloop
endfacet
facet normal 0 0 1
outer loop
vertex 78.78486971908764 -103.37809493127756 1
vertex 56.63726532383391 -103.14707013075724 1
vertex 56.55317913328534 -103.37809493127756 1
endloop
endfacet
facet normal 0 0 1
outer loop
vertex 161.88352951139564 -103.37809493127756 1
vertex 161.89976272065633 -103.31874259344023 1
vertex 161.9174708560561 -103.14707013075724 1
endloop
endfacet
facet normal 0 0 1
outer loop
vertex 161.88352951139564 -103.37809493127756 1
vertex 161.9174708560561 -103.14707013075724 1
vertex 81.13050388254892 -103.14707013075618 1
endloop
endfacet
facet normal 0 0 1
outer loop
vertex 161.88352951139564 -103.37809493127756 1
vertex 81.13050388254892 -103.14707013075618 1
vertex 80.69828688091272 -103.3780949312781 1
endloop
endfacet
facet normal 0 0 1
outer loop
vertex 252.50342071908614 -103.37809493128044 1
vertex 252.07120371744867 -103.14707013075926 1
vertex 171.284234580478 -103.14707013075724 1
endloop
endfacet
facet normal 0 0 1
outer loop
vertex 252.50342071908614 -103.37809493128044 1
vertex 171.284234580478 -103.14707013075724 1
vertex 171.3019428293457 -103.31874259344023 1
endloop
endfacet
facet normal 0 0 1
outer loop
vertex 252.50342071908614 -103.37809493128044 1
vertex 171.3019428293457 -103.31874259344023 1
vertex 171.31817616634055 -103.37809493127756 1
endloop
endfacet
facet normal 0 0 1
outer loop
vertex 276.64852950453144 -103.37809493127756 1
vertex 276.56444339456436 -103.14707013075724 1
vertex 254.84905488254947 -103.14707013075714 1
endloop
endfacet
facet normal 0 0 1
outer loop
vertex 276.64852950453144 -103.37809493127756 1
vertex 254.84905488254947 -103.14707013075714 1
vertex 254.41683788091348 -103.37809493128074 1
endloop
endfacet
facet normal 0 0 1
outer loop
vertex 78.3526527174503 -103.14707013075724 1
vertex 77.9738113470352 -102.83616305296509 1
vertex 56.750426299301665 -102.83616305296509 1
endloop
endfacet
facet normal 0 0 1
outer loop
vertex 78.3526527174503 -103.14707013075724 1
vertex 56.750426299301665 -102.83616305296509 1
vertex 56.63726532383391 -103.14707013075724 1
endloop
endfacet
facet normal 0 0 1
outer loop
vertex 161.9174708560561 -103.14707013075724 1
vertex 161.93341772181387 -102.99247338110906 1
vertex 161.9238087907296 -102.83616305296509 1
endloop
endfacet
facet normal 0 0 1
outer loop
vertex 161.9174708560561 -103.14707013075724 1
vertex 161.9238087907296 -102.83616305296509 1
vertex 81.50934525296606 -102.836163052966 1
endloop
endfacet
facet normal 0 0 1
outer loop
vertex 161.9174708560561 -103.14707013075724 1
vertex 81.50934525296606 -102.836163052966 1
vertex 81.13050388254892 -103.14707013075618 1
endloop
endfacet
facet normal 0 0 1
outer loop
vertex 252.07120371744867 -103.14707013075926 1
vertex 251.69236234703237 -102.8361630529674 1
vertex 171.27789682689118 -102.83616305296509 1
endloop
endfacet
facet normal 0 0 1
outer loop
vertex 252.07120371744867 -103.14707013075926 1
vertex 171.27789682689118 -102.83616305296509 1
vertex 171.26828782818637 -102.99247338110906 1
endloop
endfacet
facet normal 0 0 1
outer loop
vertex 252.07120371744867 -103.14707013075926 1
vertex 171.26828782818637 -102.99247338110906 1
vertex 171.284234580478 -103.14707013075724 1
endloop
endfacet
facet normal 0 0 1
outer loop
vertex 276.56444339456436 -103.14707013075724 1
vertex 276.4512825275412 -102.83616305296509 1
vertex 255.22789625296707 -102.83616305296721 1
endloop
endfacet
facet normal 0 0 1
outer loop
vertex 276.56444339456436 -103.14707013075724 1
vertex 255.22789625296707 -102.83616305296721 1
vertex 254.84905488254947 -103.14707013075714 1
endloop
endfacet
facet normal 0 0 1
outer loop
vertex 77.9738113470352 -102.83616305296509 1
vertex 77.6629042692414 -102.45732168255022 1
vertex 56.88831334688447 -102.45732168255022 1
endloop
endfacet
facet normal 0 0 1
outer loop
vertex 77.9738113470352 -102.83616305296509 1
vertex 56.88831334688447 -102.45732168255022 1
vertex 56.750426299301665 -102.83616305296509 1
endloop
endfacet
facet normal 0 0 1
outer loop
vertex 161.9238087907296 -102.83616305296509 1
vertex 161.9132924724308 -102.66509208268852 1
vertex 161.86561207397463 -102.45732168255022 1
endloop
endfacet
facet normal 0 0 1
outer loop
vertex 161.9238087907296 -102.83616305296509 1
vertex 161.86561207397463 -102.45732168255022 1
vertex 81.82025233075665 -102.45732168254924 1
endloop
endfacet
facet normal 0 0 1
outer loop
vertex 161.9238087907296 -102.83616305296509 1
vertex 81.82025233075665 -102.45732168254924 1
vertex 81.50934525296606 -102.836163052966 1
endloop
endfacet
facet normal 0 0 1
outer loop
vertex 251.69236234703237 -102.8361630529674 1
vertex 251.3814552692431 -102.45732168254933 1
vertex 171.33609372845925 -102.45732168255022 1
endloop
endfacet
facet normal 0 0 1
outer loop
vertex 251.69236234703237 -102.8361630529674 1
vertex 171.33609372845925 -102.45732168255022 1
vertex 171.28841307756946 -102.66509208268852 1
endloop
endfacet
facet normal 0 0 1
outer loop
vertex 251.69236234703237 -102.8361630529674 1
vertex 171.28841307756946 -102.66509208268852 1
vertex 171.27789682689118 -102.83616305296509 1
endloop
endfacet
facet normal 0 0 1
outer loop
vertex 276.4512825275412 -102.83616305296509 1
vertex 276.31339561209825 -102.45732168255022 1
vertex 255.53880333075597 -102.45732168254867 1
endloop
endfacet
facet normal 0 0 1
outer loop
vertex 276.4512825275412 -102.83616305296509 1
vertex 255.53880333075597 -102.45732168254867 1
vertex 255.22789625296707 -102.83616305296721 1
endloop
endfacet
facet normal 0 0 1
outer loop
vertex 77.6629042692414 -102.45732168255022 1
vertex 77.43187946872187 -102.02510468091273 1
vertex 57.04562754463636 -102.02510468091273 1
endloop
endfacet
facet normal 0 0 1
outer loop
vertex 77.6629042692414 -102.45732168255022 1
vertex 57.04562754463636 -102.02510468091273 1
vertex 56.88831334688447 -102.45732168255022 1
endloop
endfacet
facet normal 0 0 1
outer loop
vertex 161.86561207397463 -102.45732168255022 1
vertex 161.8399282588988 -102.34540280792604 1
vertex 161.71529827668624 -102.04200388285251 1
endloop
endfacet
facet normal 0 0 1
outer loop
vertex 161.86561207397463 -102.45732168255022 1
vertex 161.71529827668624 -102.04200388285251 1
vertex 161.70484526389285 -102.02510468091273 1
endloop
endfacet
facet normal 0 0 1
outer loop
vertex 161.86561207397463 -102.45732168255022 1
vertex 161.70484526389285 -102.02510468091273 1
vertex 82.0512771312783 -102.02510468091279 1
endloop
endfacet
facet normal 0 0 1
outer loop
vertex 161.86561207397463 -102.45732168255022 1
vertex 82.0512771312783 -102.02510468091279 1
vertex 81.82025233075665 -102.45732168254924 1
endloop
endfacet
facet normal 0 0 1
outer loop
vertex 251.3814552692431 -102.45732168254933 1
vertex 251.15043046872432 -102.025104680912 1
vertex 171.49686096650876 -102.02510468091273 1
endloop
endfacet
facet normal 0 0 1
outer loop
vertex 251.3814552692431 -102.45732168254933 1
vertex 171.49686096650876 -102.02510468091273 1
vertex 171.48640727332156 -102.04200388285251 1
endloop
endfacet
facet normal 0 0 1
outer loop
vertex 251.3814552692431 -102.45732168254933 1
vertex 171.48640727332156 -102.04200388285251 1
vertex 171.36177729109986 -102.34540280792604 1
endloop
endfacet
facet normal 0 0 1
outer loop
vertex 251.3814552692431 -102.45732168254933 1
vertex 171.36177729109986 -102.34540280792604 1
vertex 171.33609372845925 -102.45732168255022 1
endloop
endfacet
facet normal 0 0 1
outer loop
vertex 276.31339561209825 -102.45732168255022 1
vertex 276.15608156510393 -102.02510468091273 1
vertex 255.76982813127805 -102.02510468091265 1
endloop
endfacet
facet normal 0 0 1
outer loop
vertex 276.31339561209825 -102.45732168255022 1
vertex 255.76982813127805 -102.02510468091265 1
vertex 255.53880333075597 -102.45732168254867 1
endloop
endfacet
facet normal 0 0 1
outer loop
vertex 77.43187946872187 -102.02510468091273 1
vertex 77.28961509899212 -101.55612190504033 1
vertex 57.21632339619524 -101.55612190504033 1
endloop
endfacet
facet normal 0 0 1
outer loop
vertex 77.43187946872187 -102.02510468091273 1
vertex 57.21632339619524 -101.55612190504033 1
vertex 57.04562754463636 -102.02510468091273 1
endloop
endfacet
facet normal 0 0 1
outer loop
vertex 161.70484526389285 -102.02510468091273 1
vertex 161.54275455942175 -101.76305548998404 1
vertex 161.36194248917843 -101.55612190504033 1
endloop
endfacet
facet normal 0 0 1
outer loop
vertex 161.70484526389285 -102.02510468091273 1
vertex 161.36194248917843 -101.55612190504033 1
vertex 82.19354150100777 -101.55612190504031 1
endloop
endfacet
facet normal 0 0 1
outer loop
vertex 161.70484526389285 -102.02510468091273 1
vertex 82.19354150100777 -101.55612190504031 1
vertex 82.0512771312783 -102.02510468091279 1
endloop
endfacet
facet normal 0 0 1
outer loop
vertex 251.15043046872432 -102.025104680912 1
vertex 251.0081660989928 -101.55612190504027 1
vertex 171.83976402196862 -101.55612190504033 1
endloop
endfacet
facet normal 0 0 1
outer loop
vertex 251.15043046872432 -102.025104680912 1
vertex 171.83976402196862 -101.55612190504033 1
vertex 171.65895099056027 -101.76305548998404 1
endloop
endfacet
facet normal 0 0 1
outer loop
vertex 251.15043046872432 -102.025104680912 1
vertex 171.65895099056027 -101.76305548998404 1
vertex 171.49686096650876 -102.02510468091273 1
endloop
endfacet
facet normal 0 0 1
outer loop
vertex 276.15608156510393 -102.02510468091273 1
vertex 275.9853858771264 -101.55612190504033 1
vertex 255.91209250100812 -101.55612190504036 1
endloop
endfacet
facet normal 0 0 1
outer loop
vertex 276.15608156510393 -102.02510468091273 1
vertex 255.91209250100812 -101.55612190504036 1
vertex 255.76982813127805 -102.02510468091265 1
endloop
endfacet
facet normal 0 0 1
outer loop
vertex 77.28961509899212 -101.55612190504033 1
vertex 77.24157829999996 -101.06839610000002 1
vertex 57.39384115569537 -101.06839609999999 1
endloop
endfacet
facet normal 0 0 1
outer loop
vertex 77.28961509899212 -101.55612190504033 1
vertex 57.39384115569537 -101.06839609999999 1
vertex 57.21632339619524 -101.55612190504033 1
endloop
endfacet
facet normal 0 0 1
outer loop
vertex 161.36194248917843 -101.55612190504033 1
vertex 161.32693782319566 -101.5160601933873 1
vertex 161.07365529996747 -101.30766229998005 1
endloop
endfacet
facet normal 0 0 1
outer loop
vertex 161.36194248917843 -101.55612190504033 1
vertex 161.07365529996747 -101.30766229998005 1
vertex 160.72867139152635 -101.06839609999999 1
endloop
endfacet
facet normal 0 0 1
outer loop
vertex 161.36194248917843 -101.55612190504033 1
vertex 160.72867139152635 -101.06839609999999 1
vertex 82.2415782999997 -101.0683961 1
endloop
endfacet
facet normal 0 0 1
outer loop
vertex 161.36194248917843 -101.55612190504033 1
vertex 82.2415782999997 -101.0683961 1
vertex 82.19354150100777 -101.55612190504031 1
endloop
endfacet
facet normal 0 0 1
outer loop
vertex 251.0081660989928 -101.55612190504027 1
vertex 250.96012930000026 -101.06839610000004 1
vertex 172.47303637053648 -101.06839609999999 1
endloop
endfacet
facet normal 0 0 1
outer loop
vertex 251.0081660989928 -101.55612190504027 1
vertex 172.47303637053648 -101.06839609999999 1
vertex 172.12805290000134 -101.30766229998005 1
endloop
endfacet
facet normal 0 0 1
outer loop
vertex 251.0081660989928 -101.55612190504027 1
vertex 172.12805290000134 -101.30766229998005 1
vertex 171.87476772683385 -101.5160601933873 1
endloop
endfacet
facet normal 0 0 1
outer loop
vertex 251.0081660989928 -101.55612190504027 1
vertex 171.87476772683385 -101.5160601933873 1
vertex 171.83976402196862 -101.55612190504033 1
endloop
endfacet
facet normal 0 0 1
outer loop
vertex 275.9853858771264 -101.55612190504033 1
vertex 275.8078682877453 -101.06839609999999 1
vertex 255.96012930000003 -101.06839610000003 1
endloop
endfacet
facet normal 0 0 1
outer loop
vertex 275.9853858771264 -101.55612190504033 1
vertex 255.96012930000003 -101.06839610000003 1
vertex 255.91209250100812 -101.55612190504036 1
endloop
endfacet
facet normal 0 0 1
outer loop
vertex 77.24157829999996 -101.06839610000002 1
vertex 77.28961509899234 -100.58067029495979 1
vertex 57.571358915195255 -100.58067029495967 1
endloop
endfacet
facet normal 0 0 1
outer loop
vertex 77.24157829999996 -101.06839610000002 1
vertex 57.571358915195255 -100.58067029495967 1
vertex 57.39384115569537 -101.06839609999999 1
endloop
endfacet
facet normal 0 0 1
outer loop
vertex 160.72867139152635 -101.06839609999999 1
vertex 160.02544814276135 -100.58067029495967 1
vertex 82.1935415010082 -100.58067029495967 1
endloop
endfacet
facet normal 0 0 1
outer loop
vertex 160.72867139152635 -101.06839609999999 1
vertex 82.1935415010082 -100.58067029495967 1
vertex 82.2415782999997 -101.0683961 1
endloop
endfacet
facet normal 0 0 1
outer loop
vertex 250.96012930000026 -101.06839610000004 1
vertex 251.0081660989919 -100.58067029495967 1
vertex 173.17625887356476 -100.58067029495967 1
endloop
endfacet
facet normal 0 0 1
outer loop
vertex 250.96012930000026 -101.06839610000004 1
vertex 173.17625887356476 -100.58067029495967 1
vertex 172.47303637053648 -101.06839609999999 1
endloop
endfacet
facet normal 0 0 1
outer loop
vertex 275.8078682877453 -101.06839609999999 1
vertex 275.63035069836434 -100.58067029495967 1
vertex 255.9120925010085 -100.58067029495967 1
endloop
endfacet
facet normal 0 0 1
outer loop
vertex 275.8078682877453 -101.06839609999999 1
vertex 255.9120925010085 -100.58067029495967 1
vertex 255.96012930000003 -101.06839610000003 1
endloop
endfacet
facet normal 0 0 1
outer loop
vertex 77.28961509899234 -100.58067029495979 1
vertex 77.43187946872212 -100.11168751908747 1
vertex 57.74205476674837 -100.11168751908747 1
endloop
endfacet
facet normal 0 0 1
outer loop
vertex 77.28961509899234 -100.58067029495979 1
vertex 57.74205476674837 -100.11168751908747 1
vertex 57.571358915195255 -100.58067029495967 1
endloop
endfacet
facet normal 0 0 1
outer loop
vertex 160.02544814276135 -100.58067029495967 1
vertex 159.349249369084 -100.11168751908747 1
vertex 82.05127713127908 -100.11168751908703 1
endloop
endfacet
facet normal 0 0 1
outer loop
vertex 160.02544814276135 -100.58067029495967 1
vertex 82.05127713127908 -100.11168751908703 1
vertex 82.1935415010082 -100.58067029495967 1
endloop
endfacet
facet normal 0 0 1
outer loop
vertex 251.0081660989919 -100.58067029495967 1
vertex 251.15043046872069 -100.11168751908669 1
vertex 173.8524569301638 -100.11168751908747 1
endloop
endfacet
facet normal 0 0 1
outer loop
vertex 251.0081660989919 -100.58067029495967 1
vertex 173.8524569301638 -100.11168751908747 1
vertex 173.17625887356476 -100.58067029495967 1
endloop
endfacet
facet normal 0 0 1
outer loop
vertex 275.63035069836434 -100.58067029495967 1
vertex 275.4596550103927 -100.11168751908747 1
vertex 255.76982813128012 -100.1116875190867 1
endloop
endfacet
facet normal 0 0 1
outer loop
vertex 275.63035069836434 -100.58067029495967 1
vertex 255.76982813128012 -100.1116875190867 1
vertex 255.9120925010085 -100.58067029495967 1
endloop
endfacet
facet normal 0 0 1
outer loop
vertex 77.43187946872212 -100.11168751908747 1
vertex 77.66290426924331 -99.67947051745074 1
vertex 57.89936896451165 -99.67947051745074 1
endloop
endfacet
facet normal 0 0 1
outer loop
vertex 77.43187946872212 -100.11168751908747 1
vertex 57.89936896451165 -99.67947051745074 1
vertex 57.74205476674837 -100.11168751908747 1
endloop
endfacet
facet normal 0 0 1
outer loop
vertex 159.349249369084 -100.11168751908747 1
vertex 158.72606101012994 -99.67947051745074 1
vertex 81.82025233075689 -99.67947051745072 1
endloop
endfacet
facet normal 0 0 1
outer loop
vertex 159.349249369084 -100.11168751908747 1
vertex 81.82025233075689 -99.67947051745072 1
vertex 82.05127713127908 -100.11168751908703 1
endloop
endfacet
facet normal 0 0 1
outer loop
vertex 251.15043046872069 -100.11168751908669 1
vertex 251.38145526924296 -99.67947051745043 1
vertex 174.47564462825454 -99.67947051745074 1
endloop
endfacet
facet normal 0 0 1
outer loop
vertex 251.15043046872069 -100.11168751908669 1
vertex 174.47564462825454 -99.67947051745074 1
vertex 173.8524569301638 -100.11168751908747 1
endloop
endfacet
facet normal 0 0 1
outer loop
vertex 275.4596550103927 -100.11168751908747 1
vertex 275.3023409633868 -99.67947051745074 1
vertex 255.53880333075747 -99.67947051745038 1
endloop
endfacet
facet normal 0 0 1
outer loop
vertex 275.4596550103927 -100.11168751908747 1
vertex 255.53880333075747 -99.67947051745038 1
vertex 255.76982813128012 -100.1116875190867 1
endloop
endfacet
facet normal 0 0 1
outer loop
vertex 80.03421378302417 -102.53957402060453 1
vertex 80.3156034485479 -102.45421539876781 1
vertex 80.57493364952971 -102.31560051845439 1
endloop
endfacet
facet normal 0 0 1
outer loop
vertex 80.03421378302417 -102.53957402060453 1
vertex 80.57493364952971 -102.31560051845439 1
vertex 80.80223847177942 -102.12905627177933 1
endloop
endfacet
facet normal 0 0 1
outer loop
vertex 80.03421378302417 -102.53957402060453 1
vertex 80.80223847177942 -102.12905627177933 1
vertex 80.98878271845379 -101.90175144952937 1
endloop
endfacet
facet normal 0 0 1
outer loop
vertex 80.03421378302417 -102.53957402060453 1
vertex 80.98878271845379 -101.90175144952937 1
vertex 81.12739759876663 -101.64242124854748 1
endloop
endfacet
facet normal 0 0 1
outer loop
vertex 80.03421378302417 -102.53957402060453 1
vertex 81.12739759876663 -101.64242124854748 1
vertex 81.21275622060486 -101.3610315830242 1
endloop
endfacet
facet normal 0 0 1
outer loop
vertex 80.03421378302417 -102.53957402060453 1
vertex 81.21275622060486 -101.3610315830242 1
vertex 81.24157830000001 -101.06839609999999 1
endloop
endfacet
facet normal 0 0 1
outer loop
vertex 80.03421378302417 -102.53957402060453 1
vertex 81.24157830000001 -101.06839609999999 1
vertex 81.21275622060467 -100.77576061697582 1
endloop
endfacet
facet normal 0 0 1
outer loop
vertex 80.03421378302417 -102.53957402060453 1
vertex 81.21275622060467 -100.77576061697582 1
vertex 81.1273975987702 -100.49437095145139 1
endloop
endfacet
facet normal 0 0 1
outer loop
vertex 80.03421378302417 -102.53957402060453 1
vertex 81.1273975987702 -100.49437095145139 1
vertex 80.9887827184519 -100.23504075047165 1
endloop
endfacet
facet normal 0 0 1
outer loop
vertex 80.03421378302417 -102.53957402060453 1
vertex 80.9887827184519 -100.23504075047165 1
vertex 80.80223847178112 -100.00773592821912 1
endloop
endfacet
facet normal 0 0 1
outer loop
vertex 80.03421378302417 -102.53957402060453 1
vertex 80.80223847178112 -100.00773592821912 1
vertex 80.57493364952862 -99.82119168154718 1
endloop
endfacet
facet normal 0 0 1
outer loop
vertex 80.03421378302417 -102.53957402060453 1
vertex 80.57493364952862 -99.82119168154718 1
vertex 80.31560344854711 -99.6825768012341 1
endloop
endfacet
facet normal 0 0 1
outer loop
vertex 80.03421378302417 -102.53957402060453 1
vertex 80.31560344854711 -99.6825768012341 1
vertex 80.03421378302409 -99.59721817939553 1
endloop
endfacet
facet normal 0 0 1
outer loop
vertex 80.03421378302417 -102.53957402060453 1
vertex 80.03421378302409 -99.59721817939553 1
vertex 79.74157830000006 -99.5683960999994 1
endloop
endfacet
facet normal 0 0 1
outer loop
vertex 80.03421378302417 -102.53957402060453 1
vertex 79.74157830000006 -99.5683960999994 1
vertex 79.44894281697594 -99.59721817939653 1
endloop
endfacet
facet normal 0 0 1
outer loop
vertex 80.03421378302417 -102.53957402060453 1
vertex 79.44894281697594 -99.59721817939653 1
vertex 79.16755315145294 -99.68257680123494 1
endloop
endfacet
facet normal 0 0 1
outer loop
vertex 80.03421378302417 -102.53957402060453 1
vertex 79.16755315145294 -99.68257680123494 1
vertex 78.90822295047082 -99.82119168154658 1
endloop
endfacet
facet normal 0 0 1
outer loop
vertex 80.03421378302417 -102.53957402060453 1
vertex 78.90822295047082 -99.82119168154658 1
vertex 78.68091812821979 -100.00773592821972 1
endloop
endfacet
facet normal 0 0 1
outer loop
vertex 80.03421378302417 -102.53957402060453 1
vertex 78.68091812821979 -100.00773592821972 1
vertex 78.49437388154652 -100.2350407504709 1
endloop
endfacet
facet normal 0 0 1
outer loop
vertex 80.03421378302417 -102.53957402060453 1
vertex 78.49437388154652 -100.2350407504709 1
vertex 78.35575900123256 -100.49437095145208 1
endloop
endfacet
facet normal 0 0 1
outer loop
vertex 80.03421378302417 -102.53957402060453 1
vertex 78.35575900123256 -100.49437095145208 1
vertex 78.27040037939491 -100.77576061697573 1
endloop
endfacet
facet normal 0 0 1
outer loop
vertex 80.03421378302417 -102.53957402060453 1
vertex 78.27040037939491 -100.77576061697573 1
vertex 78.24157830000013 -101.06839610000002 1
endloop
endfacet
facet normal 0 0 1
outer loop
vertex 80.03421378302417 -102.53957402060453 1
vertex 78.24157830000013 -101.06839610000002 1
vertex 78.27040037939541 -101.36103158302417 1
endloop
endfacet
facet normal 0 0 1
outer loop
vertex 80.03421378302417 -102.53957402060453 1
vertex 78.27040037939541 -101.36103158302417 1
vertex 78.35575900123166 -101.64242124854806 1
endloop
endfacet
facet normal 0 0 1
outer loop
vertex 80.03421378302417 -102.53957402060453 1
vertex 78.35575900123166 -101.64242124854806 1
vertex 78.49437388154641 -101.90175144952931 1
endloop
endfacet
facet normal 0 0 1
outer loop
vertex 80.03421378302417 -102.53957402060453 1
vertex 78.49437388154641 -101.90175144952931 1
vertex 78.68091812822205 -102.12905627177828 1
endloop
endfacet
facet normal 0 0 1
outer loop
vertex 80.03421378302417 -102.53957402060453 1
vertex 78.68091812822205 -102.12905627177828 1
vertex 78.90822295047174 -102.31560051845247 1
endloop
endfacet
facet normal 0 0 1
outer loop
vertex 80.03421378302417 -102.53957402060453 1
vertex 78.90822295047174 -102.31560051845247 1
vertex 79.16755315145072 -102.45421539877003 1
endloop
endfacet
facet normal 0 0 1
outer loop
vertex 80.03421378302417 -102.53957402060453 1
vertex 79.16755315145072 -102.45421539877003 1
vertex 79.448942816976 -102.53957402060423 1
endloop
endfacet
facet normal 0 0 1
outer loop
vertex 80.03421378302417 -102.53957402060453 1
vertex 79.448942816976 -102.53957402060423 1
vertex 79.74157830000001 -102.56839609999989 1
endloop
endfacet
facet normal 0 0 1
outer loop
vertex 253.75276478302433 -102.53957402060635 1
vertex 254.0341544485475 -102.45421539876644 1
vertex 254.2934846495308 -102.31560051845638 1
endloop
endfacet
facet normal 0 0 1
outer loop
vertex 253.75276478302433 -102.53957402060635 1
vertex 254.2934846495308 -102.31560051845638 1
vertex 254.52078947177836 -102.129056271778 1
endloop
endfacet
facet normal 0 0 1
outer loop
vertex 253.75276478302433 -102.53957402060635 1
vertex 254.52078947177836 -102.129056271778 1
vertex 254.70733371845387 -101.90175144952944 1
endloop
endfacet
facet normal 0 0 1
outer loop
vertex 253.75276478302433 -102.53957402060635 1
vertex 254.70733371845387 -101.90175144952944 1
vertex 254.8459485987671 -101.64242124854775 1
endloop
endfacet
facet normal 0 0 1
outer loop
vertex 253.75276478302433 -102.53957402060635 1
vertex 254.8459485987671 -101.64242124854775 1
vertex 254.93130722060636 -101.36103158302437 1
endloop
endfacet
facet normal 0 0 1
outer loop
vertex 253.75276478302433 -102.53957402060635 1
vertex 254.93130722060636 -101.36103158302437 1
vertex 254.9601293000015 -101.06839610000017 1
endloop
endfacet
facet normal 0 0 1
outer loop
vertex 253.75276478302433 -102.53957402060635 1
vertex 254.9601293000015 -101.06839610000017 1
vertex 254.93130722060624 -100.77576061697567 1
endloop
endfacet
facet normal 0 0 1
outer loop
vertex 253.75276478302433 -102.53957402060635 1
vertex 254.93130722060624 -100.77576061697567 1
vertex 254.845948598765 -100.49437095145296 1
endloop
endfacet
facet normal 0 0 1
outer loop
vertex 253.75276478302433 -102.53957402060635 1
vertex 254.845948598765 -100.49437095145296 1
vertex 254.70733371845205 -100.23504075047158 1
endloop
endfacet
facet normal 0 0 1
outer loop
vertex 253.75276478302433 -102.53957402060635 1
vertex 254.70733371845205 -100.23504075047158 1
vertex 254.52078947178225 -100.00773592821824 1
endloop
endfacet
facet normal 0 0 1
outer loop
vertex 253.75276478302433 -102.53957402060635 1
vertex 254.52078947178225 -100.00773592821824 1
vertex 254.29348464952795 -99.821191681548 1
endloop
endfacet
facet normal 0 0 1
outer loop
vertex 253.75276478302433 -102.53957402060635 1
vertex 254.29348464952795 -99.821191681548 1
vertex 254.03415444854986 -99.68257680122903 1
endloop
endfacet
facet normal 0 0 1
outer loop
vertex 253.75276478302433 -102.53957402060635 1
vertex 254.03415444854986 -99.68257680122903 1
vertex 253.75276478302405 -99.59721817939581 1
endloop
endfacet
facet normal 0 0 1
outer loop
vertex 253.75276478302433 -102.53957402060635 1
vertex 253.75276478302405 -99.59721817939581 1
vertex 253.46012930000012 -99.56839609999842 1
endloop
endfacet
facet normal 0 0 1
outer loop
vertex 253.75276478302433 -102.53957402060635 1
vertex 253.46012930000012 -99.56839609999842 1
vertex 253.16749381697596 -99.59721817939669 1
endloop
endfacet
facet normal 0 0 1
outer loop
vertex 253.75276478302433 -102.53957402060635 1
vertex 253.16749381697596 -99.59721817939669 1
vertex 252.88610415145223 -99.68257680123256 1
endloop
endfacet
facet normal 0 0 1
outer loop
vertex 253.75276478302433 -102.53957402060635 1
vertex 252.88610415145223 -99.68257680123256 1
vertex 252.62677395047172 -99.82119168154829 1
endloop
endfacet
facet normal 0 0 1
outer loop
vertex 253.75276478302433 -102.53957402060635 1
vertex 252.62677395047172 -99.82119168154829 1
vertex 252.39946912821927 -100.00773592821903 1
endloop
endfacet
facet normal 0 0 1
outer loop
vertex 253.75276478302433 -102.53957402060635 1
vertex 252.39946912821927 -100.00773592821903 1
vertex 252.21292488154523 -100.23504075046984 1
endloop
endfacet
facet normal 0 0 1
outer loop
vertex 253.75276478302433 -102.53957402060635 1
vertex 252.21292488154523 -100.23504075046984 1
vertex 252.07431000123321 -100.49437095145245 1
endloop
endfacet
facet normal 0 0 1
outer loop
vertex 253.75276478302433 -102.53957402060635 1
vertex 252.07431000123321 -100.49437095145245 1
vertex 251.9889513793951 -100.77576061697579 1
endloop
endfacet
facet normal 0 0 1
outer loop
vertex 253.75276478302433 -102.53957402060635 1
vertex 251.9889513793951 -100.77576061697579 1
vertex 251.9601293000016 -101.06839610000017 1
endloop
endfacet
facet normal 0 0 1
outer loop
vertex 253.75276478302433 -102.53957402060635 1
vertex 251.9601293000016 -101.06839610000017 1
vertex 251.9889513793968 -101.36103158302407 1
endloop
endfacet
facet normal 0 0 1
outer loop
vertex 253.75276478302433 -102.53957402060635 1
vertex 251.9889513793968 -101.36103158302407 1
vertex 252.0743100012313 -101.64242124854816 1
endloop
endfacet
facet normal 0 0 1
outer loop
vertex 253.75276478302433 -102.53957402060635 1
vertex 252.0743100012313 -101.64242124854816 1
vertex 252.21292488154717 -101.90175144952892 1
endloop
endfacet
facet normal 0 0 1
outer loop
vertex 253.75276478302433 -102.53957402060635 1
vertex 252.21292488154717 -101.90175144952892 1
vertex 252.39946912822023 -102.12905627177975 1
endloop
endfacet
facet normal 0 0 1
outer loop
vertex 253.75276478302433 -102.53957402060635 1
vertex 252.39946912822023 -102.12905627177975 1
vertex 252.62677395046833 -102.31560051845665 1
endloop
endfacet
facet normal 0 0 1
outer loop
vertex 253.75276478302433 -102.53957402060635 1
vertex 252.62677395046833 -102.31560051845665 1
vertex 252.88610415144964 -102.45421539877223 1
endloop
endfacet
facet normal 0 0 1
outer loop
vertex 253.75276478302433 -102.53957402060635 1
vertex 252.88610415144964 -102.45421539877223 1
vertex 253.16749381697565 -102.53957402060547 1
endloop
endfacet
facet normal 0 0 1
outer loop
vertex 253.75276478302433 -102.53957402060635 1
vertex 253.16749381697565 -102.53957402060547 1
vertex 253.46012930000006 -102.56839609999966 1
endloop
endfacet
facet normal 0 0 1
outer loop
vertex 77.66290426924331 -99.67947051745074 1
vertex 77.97381134703393 -99.30062914703399 1
vertex 58.03725601208459 -99.30062914703399 1
endloop
endfacet
facet normal 0 0 1
outer loop
vertex 77.66290426924331 -99.67947051745074 1
vertex 58.03725601208459 -99.30062914703399 1
vertex 57.89936896451165 -99.67947051745074 1
endloop
endfacet
facet normal 0 0 1
outer loop
vertex 158.72606101012994 -99.67947051745074 1
vertex 158.17983184505923 -99.30062914703399 1
vertex 81.50934525296701 -99.30062914703313 1
endloop
endfacet
facet normal 0 0 1
outer loop
vertex 158.72606101012994 -99.67947051745074 1
vertex 81.50934525296701 -99.30062914703313 1
vertex 81.82025233075689 -99.67947051745072 1
endloop
endfacet
facet normal 0 0 1
outer loop
vertex 251.38145526924296 -99.67947051745043 1
vertex 251.6923623470338 -99.30062914703376 1
vertex 175.02187321407376 -99.30062914703399 1
endloop
endfacet
facet normal 0 0 1
outer loop
vertex 251.38145526924296 -99.67947051745043 1
vertex 175.02187321407376 -99.30062914703399 1
vertex 174.47564462825454 -99.67947051745074 1
endloop
endfacet
facet normal 0 0 1
outer loop
vertex 275.3023409633868 -99.67947051745074 1
vertex 275.16445404795394 -99.30062914703399 1
vertex 255.227896252966 -99.30062914703399 1
endloop
endfacet
facet normal 0 0 1
outer loop
vertex 275.3023409633868 -99.67947051745074 1
vertex 255.227896252966 -99.30062914703399 1
vertex 255.53880333075747 -99.67947051745038 1
endloop
endfacet
facet normal 0 0 1
outer loop
vertex 77.97381134703393 -99.30062914703399 1
vertex 78.3526527174511 -98.98972206924381 1
vertex 58.15041698755646 -98.98972206924381 1
endloop
endfacet
facet normal 0 0 1
outer loop
vertex 77.97381134703393 -99.30062914703399 1
vertex 58.15041698755646 -98.98972206924381 1
vertex 58.03725601208459 -99.30062914703399 1
endloop
endfacet
facet normal 0 0 1
outer loop
vertex 158.17983184505923 -99.30062914703399 1
vertex 157.7315531543589 -98.98972206924381 1
vertex 81.1305038825497 -98.98972206924282 1
endloop
endfacet
facet normal 0 0 1
outer loop
vertex 158.17983184505923 -99.30062914703399 1
vertex 81.1305038825497 -98.98972206924282 1
vertex 81.50934525296701 -99.30062914703313 1
endloop
endfacet
facet normal 0 0 1
outer loop
vertex 251.6923623470338 -99.30062914703376 1
vertex 252.07120371745143 -98.98972206924437 1
vertex 175.47015142939463 -98.98972206924381 1
endloop
endfacet
facet normal 0 0 1
outer loop
vertex 251.6923623470338 -99.30062914703376 1
vertex 175.47015142939463 -98.98972206924381 1
vertex 175.02187321407376 -99.30062914703399 1
endloop
endfacet
facet normal 0 0 1
outer loop
vertex 275.16445404795394 -99.30062914703399 1
vertex 275.05129318092673 -98.98972206924381 1
vertex 254.84905488254546 -98.98972206924803 1
endloop
endfacet
facet normal 0 0 1
outer loop
vertex 275.16445404795394 -99.30062914703399 1
vertex 254.84905488254546 -98.98972206924803 1
vertex 255.227896252966 -99.30062914703399 1
endloop
endfacet
facet normal 0 0 1
outer loop
vertex 78.3526527174511 -98.98972206924381 1
vertex 78.78486971908708 -98.7586972687211 1
vertex 58.23450317810557 -98.7586972687211 1
endloop
endfacet
facet normal 0 0 1
outer loop
vertex 78.3526527174511 -98.98972206924381 1
vertex 58.23450317810557 -98.7586972687211 1
vertex 58.15041698755646 -98.98972206924381 1
endloop
endfacet
facet normal 0 0 1
outer loop
vertex 157.7315531543589 -98.98972206924381 1
vertex 157.398452036697 -98.7586972687211 1
vertex 80.6982868809128 -98.75869726872168 1
endloop
endfacet
facet normal 0 0 1
outer loop
vertex 157.7315531543589 -98.98972206924381 1
vertex 80.6982868809128 -98.75869726872168 1
vertex 81.1305038825497 -98.98972206924282 1
endloop
endfacet
facet normal 0 0 1
outer loop
vertex 252.07120371745143 -98.98972206924437 1
vertex 252.50342071908804 -98.75869726872432 1
vertex 175.80325219381766 -98.7586972687211 1
endloop
endfacet
facet normal 0 0 1
outer loop
vertex 252.07120371745143 -98.98972206924437 1
vertex 175.80325219381766 -98.7586972687211 1
vertex 175.47015142939463 -98.98972206924381 1
endloop
endfacet
facet normal 0 0 1
outer loop
vertex 275.05129318092673 -98.98972206924381 1
vertex 274.9672070709591 -98.7586972687211 1
vertex 254.41683788091254 -98.75869726872229 1
endloop
endfacet
facet normal 0 0 1
outer loop
vertex 275.05129318092673 -98.98972206924381 1
vertex 254.41683788091254 -98.75869726872229 1
vertex 254.84905488254546 -98.98972206924803 1
endloop
endfacet
facet normal 0 0 1
outer loop
vertex 78.78486971908708 -98.7586972687211 1
vertex 79.25385249495966 -98.61643289899182 1
vertex 58.28628319857865 -98.61643289899182 1
endloop
endfacet
facet normal 0 0 1
outer loop
vertex 78.78486971908708 -98.7586972687211 1
vertex 58.28628319857865 -98.61643289899182 1
vertex 58.23450317810557 -98.7586972687211 1
endloop
endfacet
facet normal 0 0 1
outer loop
vertex 157.398452036697 -98.7586972687211 1
vertex 157.1933293812469 -98.61643289899182 1
vertex 80.22930410504082 -98.61643289899037 1
endloop
endfacet
facet normal 0 0 1
outer loop
vertex 157.398452036697 -98.7586972687211 1
vertex 80.22930410504082 -98.61643289899037 1
vertex 80.6982868809128 -98.75869726872168 1
endloop
endfacet
facet normal 0 0 1
outer loop
vertex 252.50342071908804 -98.75869726872432 1
vertex 252.97240349495965 -98.61643289899145 1
vertex 176.0083746317445 -98.61643289899182 1
endloop
endfacet
facet normal 0 0 1
outer loop
vertex 252.50342071908804 -98.75869726872432 1
vertex 176.0083746317445 -98.61643289899182 1
vertex 175.80325219381766 -98.7586972687211 1
endloop
endfacet
facet normal 0 0 1
outer loop
vertex 274.9672070709591 -98.7586972687211 1
vertex 274.9154271001079 -98.61643289899182 1
vertex 253.9478551050402 -98.61643289899249 1
endloop
endfacet
facet normal 0 0 1
outer loop
vertex 274.9672070709591 -98.7586972687211 1
vertex 253.9478551050402 -98.61643289899249 1
vertex 254.41683788091254 -98.75869726872229 1
endloop
endfacet
facet normal 0 0 1
outer loop
vertex 79.25385249495966 -98.61643289899182 1
vertex 79.74157829999999 -98.56839610000023 1
vertex 58.30376717183289 -98.56839610000023 1
endloop
endfacet
facet normal 0 0 1
outer loop
vertex 79.25385249495966 -98.61643289899182 1
vertex 58.30376717183289 -98.56839610000023 1
vertex 58.28628319857865 -98.61643289899182 1
endloop
endfacet
facet normal 0 0 1
outer loop
vertex 157.1933293812469 -98.61643289899182 1
vertex 157.1240679366016 -98.56839610000023 1
vertex 79.74157829999999 -98.56839610000023 1
endloop
endfacet
facet normal 0 0 1
outer loop
vertex 157.1933293812469 -98.61643289899182 1
vertex 79.74157829999999 -98.56839610000023 1
vertex 80.22930410504082 -98.61643289899037 1
endloop
endfacet
facet normal 0 0 1
outer loop
vertex 252.97240349495965 -98.61643289899145 1
vertex 253.46012929999995 -98.5683961000011 1
vertex 176.07763600294118 -98.56839610000023 1
endloop
endfacet
facet normal 0 0 1
outer loop
vertex 252.97240349495965 -98.61643289899145 1
vertex 176.07763600294118 -98.56839610000023 1
vertex 176.0083746317445 -98.61643289899182 1
endloop
endfacet
facet normal 0 0 1
outer loop
vertex 274.9154271001079 -98.61643289899182 1
vertex 274.89794314360887 -98.56839610000023 1
vertex 253.46012929999995 -98.5683961000011 1
endloop
endfacet
facet normal 0 0 1
outer loop
vertex 274.9154271001079 -98.61643289899182 1
vertex 253.46012929999995 -98.5683961000011 1
vertex 253.9478551050402 -98.61643289899249 1
endloop
endfacet
facet normal 0 0 1
outer loop
vertex 79.74157829999999 -98.56839610000023 1
vertex 157.1240679366016 -98.56839610000023 1
vertex 146.38394785004104 -91.11950455003074 1
endloop
endfacet
facet normal 0 0 1
outer loop
vertex 79.74157829999999 -98.56839610000023 1
vertex 146.38394785004104 -91.11950455003074 1
vertex 61.014943256916666 -91.11950455003074 1
endloop
endfacet
facet normal 0 0 1
outer loop
vertex 79.74157829999999 -98.56839610000023 1
vertex 61.014943256916666 -91.11950455003074 1
vertex 58.30376717183289 -98.56839610000023 1
endloop
endfacet
facet normal 0 0 1
outer loop
vertex 253.46012929999995 -98.5683961000011 1
vertex 274.89794314360887 -98.56839610000023 1
vertex 272.1867673090828 -91.11949809999774 1
endloop
endfacet
facet normal 0 0 1
outer loop
vertex 253.46012929999995 -98.5683961000011 1
vertex 272.1867673090828 -91.11949809999774 1
vertex 186.81775400000166 -91.11949809999774 1
endloop
endfacet
facet normal 0 0 1
outer loop
vertex 253.46012929999995 -98.5683961000011 1
vertex 186.81775400000166 -91.11949809999774 1
vertex 176.07763600294118 -98.56839610000023 1
endloop
endfacet
facet normal 0 0 1
outer loop
vertex 146.38394785004104 -91.11950455003074 1
vertex 146.26289810538404 -91.02857023093345 1
vertex 61.04804065799924 -91.02857023093345 1
endloop
endfacet
facet normal 0 0 1
outer loop
vertex 146.38394785004104 -91.11950455003074 1
vertex 61.04804065799924 -91.02857023093345 1
vertex 61.014943256916666 -91.11950455003074 1
endloop
endfacet
facet normal 0 0 1
outer loop
vertex 272.1867673090828 -91.11949809999774 1
vertex 272.153670796033 -91.02856613360727 1
vertex 186.93880602466422 -91.02856613360727 1
endloop
endfacet
facet normal 0 0 1
outer loop
vertex 272.1867673090828 -91.11949809999774 1
vertex 186.93880602466422 -91.02856613360727 1
vertex 186.81775400000166 -91.11949809999774 1
endloop
endfacet
facet normal 0 0 1
outer loop
vertex 272.153670796033 -91.02856613360727 1
vertex 272.11733784775345 -90.92874213018882 1
vertex 187.05263010243294 -90.92874213018882 1
endloop
endfacet
facet normal 0 0 1
outer loop
vertex 272.153670796033 -91.02856613360727 1
vertex 187.05263010243294 -90.92874213018882 1
vertex 186.93880602466422 -91.02856613360727 1
endloop
endfacet
facet normal 0 0 1
outer loop
vertex 146.26289810538404 -91.02857023093345 1
vertex 146.14907401495375 -90.92873953698528 1
vertex 61.08437607625227 -90.92873953698528 1
endloop
endfacet
facet normal 0 0 1
outer loop
vertex 146.26289810538404 -91.02857023093345 1
vertex 61.08437607625227 -90.92873953698528 1
vertex 61.04804065799924 -91.02857023093345 1
endloop
endfacet
facet normal 0 0 1
outer loop
vertex 272.11733784775345 -90.92874213018882 1
vertex 272.07797518475724 -90.82059404995972 1
vertex 187.15857700003798 -90.82059404995972 1
endloop
endfacet
facet normal 0 0 1
outer loop
vertex 272.11733784775345 -90.92874213018882 1
vertex 187.15857700003798 -90.82059404995972 1
vertex 187.05263010243294 -90.92874213018882 1
endloop
endfacet
facet normal 0 0 1
outer loop
vertex 146.14907401495375 -90.92873953698528 1
vertex 146.0431256998391 -90.82058909982761 1
vertex 61.12373963482286 -90.82058909982761 1
endloop
endfacet
facet normal 0 0 1
outer loop
vertex 146.14907401495375 -90.92873953698528 1
vertex 61.12373963482286 -90.82058909982761 1
vertex 61.08437607625227 -90.92873953698528 1
endloop
endfacet
facet normal 0 0 1
outer loop
vertex 146.0431256998391 -90.82058909982761 1
vertex 132.09475189996948 -75.46003144997056 1
vertex 131.92145557949908 -75.29098321533952 1
endloop
endfacet
facet normal 0 0 1
outer loop
vertex 146.0431256998391 -90.82058909982761 1
vertex 131.92145557949908 -75.29098321533952 1
vertex 131.72900368049363 -75.14411188754626 1
endloop
endfacet
facet normal 0 0 1
outer loop
vertex 146.0431256998391 -90.82058909982761 1
vertex 131.72900368049363 -75.14411188754626 1
vertex 131.5202160525788 -75.02156945917149 1
endloop
endfacet
facet normal 0 0 1
outer loop
vertex 146.0431256998391 -90.82058909982761 1
vertex 131.5202160525788 -75.02156945917149 1
vertex 131.29815380000485 -74.92515290000237 1
endloop
endfacet
facet normal 0 0 1
outer loop
vertex 146.0431256998391 -90.82058909982761 1
vertex 131.29815380000485 -74.92515290000237 1
vertex 110.61398239999546 -67.39672689999884 1
endloop
endfacet
facet normal 0 0 1
outer loop
vertex 146.0431256998391 -90.82058909982761 1
vertex 110.61398239999546 -67.39672689999884 1
vertex 110.381896214681 -67.32784847179673 1
endloop
endfacet
facet normal 0 0 1
outer loop
vertex 146.0431256998391 -90.82058909982761 1
vertex 110.381896214681 -67.32784847179673 1
vertex 110.1431881468211 -67.28751618138428 1
endloop
endfacet
facet normal 0 0 1
outer loop
vertex 146.0431256998391 -90.82058909982761 1
vertex 110.1431881468211 -67.28751618138428 1
vertex 109.90135576116185 -67.27632097987029 1
endloop
endfacet
facet normal 0 0 1
outer loop
vertex 146.0431256998391 -90.82058909982761 1
vertex 109.90135576116185 -67.27632097987029 1
vertex 109.65994480000921 -67.29442379999819 1
endloop
endfacet
facet normal 0 0 1
outer loop
vertex 146.0431256998391 -90.82058909982761 1
vertex 109.65994480000921 -67.29442379999819 1
vertex 89.05788145000624 -70.10136599999869 1
endloop
endfacet
facet normal 0 0 1
outer loop
vertex 146.0431256998391 -90.82058909982761 1
vertex 89.05788145000624 -70.10136599999869 1
vertex 88.87714904029141 -70.1345124581596 1
endloop
endfacet
facet normal 0 0 1
outer loop
vertex 146.0431256998391 -90.82058909982761 1
vertex 88.87714904029141 -70.1345124581596 1
vertex 88.70022290005878 -70.18410199998218 1
endloop
endfacet
facet normal 0 0 1
outer loop
vertex 146.0431256998391 -90.82058909982761 1
vertex 88.70022290005878 -70.18410199998218 1
vertex 66.81101619995783 -77.41909529997504 1
endloop
endfacet
facet normal 0 0 1
outer loop
vertex 146.0431256998391 -90.82058909982761 1
vertex 66.81101619995783 -77.41909529997504 1
vertex 66.53354309494821 -77.53459521411628 1
endloop
endfacet
facet normal 0 0 1
outer loop
vertex 146.0431256998391 -90.82058909982761 1
vertex 66.53354309494821 -77.53459521411628 1
vertex 66.27651057865725 -77.69036899296032 1
endloop
endfacet
facet normal 0 0 1
outer loop
vertex 146.0431256998391 -90.82058909982761 1
vertex 66.27651057865725 -77.69036899296032 1
vertex 66.04572316407835 -77.88290042901971 1
endloop
endfacet
facet normal 0 0 1
outer loop
vertex 146.0431256998391 -90.82058909982761 1
vertex 66.04572316407835 -77.88290042901971 1
vertex 65.84639267633862 -78.10784162412781 1
endloop
endfacet
facet normal 0 0 1
outer loop
vertex 146.0431256998391 -90.82058909982761 1
vertex 65.84639267633862 -78.10784162412781 1
vertex 65.68302055521089 -78.36011277712717 1
endloop
endfacet
facet normal 0 0 1
outer loop
vertex 146.0431256998391 -90.82058909982761 1
vertex 65.68302055521089 -78.36011277712717 1
vertex 65.55929239999621 -78.63401264995414 1
endloop
endfacet
facet normal 0 0 1
outer loop
vertex 146.0431256998391 -90.82058909982761 1
vertex 65.55929239999621 -78.63401264995414 1
vertex 61.12373963482286 -90.82058909982761 1
endloop
endfacet
facet normal 0 0 1
outer loop
vertex 272.07797518475724 -90.82059404995972 1
vertex 267.64242444998143 -78.63401264995414 1
vertex 267.5186977264923 -78.36010668853697 1
endloop
endfacet
facet normal 0 0 1
outer loop
vertex 272.07797518475724 -90.82059404995972 1
vertex 267.5186977264923 -78.36010668853697 1
vertex 267.35532265310053 -78.10783428984352 1
endloop
endfacet
facet normal 0 0 1
outer loop
vertex 272.07797518475724 -90.82059404995972 1
vertex 267.35532265310053 -78.10783428984352 1
vertex 267.15598876064973 -77.88289257023212 1
endloop
endfacet
facet normal 0 0 1
outer loop
vertex 272.07797518475724 -90.82059404995972 1
vertex 267.15598876064973 -77.88289257023212 1
vertex 266.9251976454967 -77.69036143264798 1
endloop
endfacet
facet normal 0 0 1
outer loop
vertex 272.07797518475724 -90.82059404995972 1
vertex 266.9251976454967 -77.69036143264798 1
vertex 266.668161308069 -77.53458884501188 1
endloop
endfacet
facet normal 0 0 1
outer loop
vertex 272.07797518475724 -90.82059404995972 1
vertex 266.668161308069 -77.53458884501188 1
vertex 266.3906888999335 -77.41909529997504 1
endloop
endfacet
facet normal 0 0 1
outer loop
vertex 272.07797518475724 -90.82059404995972 1
vertex 266.3906888999335 -77.41909529997504 1
vertex 244.5014814999764 -70.18410449998947 1
endloop
endfacet
facet normal 0 0 1
outer loop
vertex 272.07797518475724 -90.82059404995972 1
vertex 244.5014814999764 -70.18410449998947 1
vertex 244.32455390973476 -70.13451095816438 1
endloop
endfacet
facet normal 0 0 1
outer loop
vertex 272.07797518475724 -90.82059404995972 1
vertex 244.32455390973476 -70.13451095816438 1
vertex 244.14382300003015 -70.10136900000535 1
endloop
endfacet
facet normal 0 0 1
outer loop
vertex 272.07797518475724 -90.82059404995972 1
vertex 244.14382300003015 -70.10136900000535 1
vertex 223.54176264999577 -67.29441510000048 1
endloop
endfacet
facet normal 0 0 1
outer loop
vertex 272.07797518475724 -90.82059404995972 1
vertex 223.54176264999577 -67.29441510000048 1
vertex 223.30034837445686 -67.27631404278202 1
endloop
endfacet
facet normal 0 0 1
outer loop
vertex 272.07797518475724 -90.82059404995972 1
vertex 223.30034837445686 -67.27631404278202 1
vertex 223.05851567176754 -67.28751424846169 1
endloop
endfacet
facet normal 0 0 1
outer loop
vertex 272.07797518475724 -90.82059404995972 1
vertex 223.05851567176754 -67.28751424846169 1
vertex 222.8198079048766 -67.3278516102333 1
endloop
endfacet
facet normal 0 0 1
outer loop
vertex 272.07797518475724 -90.82059404995972 1
vertex 222.8198079048766 -67.3278516102333 1
vertex 222.58772529999166 -67.39673020000157 1
endloop
endfacet
facet normal 0 0 1
outer loop
vertex 272.07797518475724 -90.82059404995972 1
vertex 222.58772529999166 -67.39673020000157 1
vertex 201.9035536999952 -74.92514755000047 1
endloop
endfacet
facet normal 0 0 1
outer loop
vertex 272.07797518475724 -90.82059404995972 1
vertex 201.9035536999952 -74.92514755000047 1
vertex 201.68148954744453 -75.02156555915951 1
endloop
endfacet
facet normal 0 0 1
outer loop
vertex 272.07797518475724 -90.82059404995972 1
vertex 201.68148954744453 -75.02156555915951 1
vertex 201.47270191948473 -75.14410798756069 1
endloop
endfacet
facet normal 0 0 1
outer loop
vertex 272.07797518475724 -90.82059404995972 1
vertex 201.47270191948473 -75.14410798756069 1
vertex 201.2802500205148 -75.29097931532684 1
endloop
endfacet
facet normal 0 0 1
outer loop
vertex 272.07797518475724 -90.82059404995972 1
vertex 201.2802500205148 -75.29097931532684 1
vertex 201.10695740000585 -75.46002509999548 1
endloop
endfacet
facet normal 0 0 1
outer loop
vertex 272.07797518475724 -90.82059404995972 1
vertex 201.10695740000585 -75.46002509999548 1
vertex 187.15857700003798 -90.82059404995972 1
endloop
endfacet
facet normal 0 0 1
outer loop
vertex 42.99730973986283 -134.85297363429382 4
vertex 43.056795954061386 -134.6357520893097 4
vertex 43.08360050000002 -134.53787184999993 4
endloop
endfacet
facet normal 0 0 1
outer loop
vertex 42.99730973986283 -134.85297363429382 4
vertex 43.08360050000002 -134.53787184999993 4
vertex 43.08360049999999 -134.53787185 0
endloop
endfacet
facet normal 0 0 1
outer loop
vertex 42.99730973986283 -134.85297363429382 4
vertex 43.08360049999999 -134.53787185 0
vertex 42.99730973986283 -134.85297363429385 0
endloop
endfacet
facet normal 0 0 -1
outer loop
vertex 42.96347073100061 -135.17792001637778 4
vertex 42.98857125018375 -134.9368868664353 4
vertex 42.99730973986283 -134.85297363429382 4
endloop
endfacet
facet normal 0 0 -1
outer loop
vertex 42.96347073100061 -135.17792001637778 4
vertex 42.99730973986283 -134.85297363429382 4
vertex 42.99730973986283 -134.85297363429385 0
endloop
endfacet
facet normal 0 0 -1
outer loop
vertex 42.96347073100061 -135.17792001637778 4
vertex 42.99730973986283 -134.85297363429385 0
vertex 42.96347073100061 -135.17792001637775 0
endloop
endfacet
facet normal 0 0 1
outer loop
vertex 42.982986427009706 -135.5040401895647 4
vertex 42.98042765816891 -135.46128147180644 4
vertex 42.96565967213428 -135.21449866882617 4
endloop
endfacet
facet normal 0 0 1
outer loop
vertex 42.982986427009706 -135.5040401895647 4
vertex 42.96565967213428 -135.21449866882617 4
vertex 42.96347073100061 -135.17792001637778 4
endloop
endfacet
facet normal 0 0 1
outer loop
vertex 42.982986427009706 -135.5040401895647 4
vertex 42.96347073100061 -135.17792001637778 4
vertex 42.96347073100061 -135.17792001637775 0
endloop
endfacet
facet normal 0 0 1
outer loop
vertex 42.982986427009706 -135.5040401895647 4
vertex 42.96347073100061 -135.17792001637775 0
vertex 42.982986427009706 -135.5040401895647 0
endloop
endfacet
facet normal 0 0 1
outer loop
vertex 43.05533607481581 -135.82263202595198 4
vertex 43.020841635075556 -135.67073568318813 4
vertex 42.982986427009706 -135.5040401895647 4
endloop
endfacet
facet normal 0 0 1
outer loop
vertex 43.05533607481581 -135.82263202595198 4
vertex 42.982986427009706 -135.5040401895647 4
vertex 42.982986427009706 -135.5040401895647 0
endloop
endfacet
facet normal 0 0 1
outer loop
vertex 43.05533607481581 -135.82263202595198 4
vertex 42.982986427009706 -135.5040401895647 0
vertex 43.055336074815784 -135.82263202595192 0
endloop
endfacet
facet normal 0 0 -1
outer loop
vertex 43.17858911034861 -136.12519428232594 4
vertex 43.06132981759637 -135.8373455000013 4
vertex 43.05533607481581 -135.82263202595198 4
endloop
endfacet
facet normal 0 0 -1
outer loop
vertex 43.17858911034861 -136.12519428232594 4
vertex 43.05533607481581 -135.82263202595198 4
vertex 43.055336074815784 -135.82263202595192 0
endloop
endfacet
facet normal 0 0 -1
outer loop
vertex 43.17858911034861 -136.12519428232594 4
vertex 43.055336074815784 -135.82263202595192 0
vertex 43.17858911034864 -136.125194282326 0
endloop
endfacet
facet normal -0.8523296948152493 -0.5230048674115221 0
outer loop
vertex 43.349456673341905 -136.40365344569983 4
vertex 43.17858911034861 -136.12519428232594 4
vertex 43.17858911034864 -136.125194282326 0
endloop
endfacet
facet normal -0.8523296948152493 -0.5230048674115221 0
outer loop
vertex 43.349456673341905 -136.40365344569983 4
vertex 43.17858911034864 -136.125194282326 0
vertex 43.349456673341905 -136.40365344569986 0
endloop
endfacet
facet normal -0.7558096517497076 -0.6547913945081942 0
outer loop
vertex 43.56337936664764 -136.65057916537916 4
vertex 43.349456673341905 -136.40365344569983 4
vertex 43.349456673341905 -136.40365344569986 0
endloop
endfacet
facet normal -0.7558096517497076 -0.6547913945081942 0
outer loop
vertex 43.56337936664764 -136.65057916537916 4
vertex 43.349456673341905 -136.40365344569986 0
vertex 43.56337936664764 -136.65057916537918 0
endloop
endfacet
facet normal -0.6391217294775229 -0.7691055941219386 0
outer loop
vertex 43.814648918310795 -136.85938252300826 4
vertex 43.56337936664764 -136.65057916537916 4
vertex 43.56337936664764 -136.65057916537918 0
endloop
endfacet
facet normal -0.6391217294775229 -0.7691055941219386 0
outer loop
vertex 43.814648918310795 -136.85938252300826 4
vertex 43.56337936664764 -136.65057916537918 0
vertex 43.81464891831061 -136.85938252300815 0
endloop
endfacet
facet normal -0.5053831549598712 -0.8628950496339672 0
outer loop
vertex 44.09656099999984 -137.02449369999988 4
vertex 43.814648918310795 -136.85938252300826 4
vertex 43.81464891831061 -136.85938252300815 0
endloop
endfacet
facet normal -0.5053831549598712 -0.8628950496339672 0
outer loop
vertex 44.09656099999984 -137.02449369999988 4
vertex 43.81464891831061 -136.85938252300815 0
vertex 44.096561000000094 -137.02449370000005 0
endloop
endfacet
facet normal -0.4332111284373068 -0.9012924709538381 1.0249498843664318e-14
outer loop
vertex 109.07760064999998 -168.25798384999996 4
vertex 44.09656099999984 -137.02449369999988 4
vertex 44.096561000000094 -137.02449370000005 0
endloop
endfacet
facet normal -0.4332111284373068 -0.9012924709538381 1.0249498843664318e-14
outer loop
vertex 109.07760064999998 -168.25798384999996 4
vertex 44.096561000000094 -137.02449370000005 0
vertex 109.0775845261837 -168.2579761 0
endloop
endfacet
facet normal -0.4332111284373068 -0.9012924709538381 1.0249498843664318e-14
outer loop
vertex 109.07760064999998 -168.25798384999996 4
vertex 109.0775845261837 -168.2579761 0
vertex 109.07760065000018 -168.2579838500001 0
endloop
endfacet
facet normal -0.4891967828217569 -0.8721734389883947 6.655205892556471e-15
outer loop
vertex 109.29766362201157 -168.3814158339539 4
vertex 109.07760064999998 -168.25798384999996 4
vertex 109.07760065000018 -168.2579838500001 0
endloop
endfacet
facet normal -0.4891967828217569 -0.8721734389883947 6.655205892556471e-15
outer loop
vertex 109.29766362201157 -168.3814158339539 4
vertex 109.07760065000018 -168.2579838500001 0
vertex 109.29765032340843 -168.38140837484823 0
endloop
endfacet
facet normal -0.4891967828217569 -0.8721734389883947 6.655205892556471e-15
outer loop
vertex 109.29766362201157 -168.3814158339539 4
vertex 109.29765032340843 -168.38140837484823 0
vertex 109.29766362201161 -168.38141583395395 0
endloop
endfacet
facet normal -0.5951161688477808 -0.8036396864117276 0
outer loop
vertex 109.50043445853639 -168.53157293224942 4
vertex 109.29766362201157 -168.3814158339539 4
vertex 109.29766362201161 -168.38141583395395 0
endloop
endfacet
facet normal -0.5951161688477808 -0.8036396864117276 0
outer loop
vertex 109.50043445853639 -168.53157293224942 4
vertex 109.29766362201161 -168.38141583395395 0
vertex 109.50042950739363 -168.53156926579896 0
endloop
endfacet
facet normal -0.5951161688477808 -0.8036396864117276 0
outer loop
vertex 109.50043445853639 -168.53157293224942 4
vertex 109.50042950739363 -168.53156926579896 0
vertex 109.50043445853626 -168.5315729322497 1.0000000000000004
endloop
endfacet
facet normal -0.6915638099655318 -0.7223153720819997 9.791219578280895e-14
outer loop
vertex 109.68268590120192 -168.70606527580594 4
vertex 109.50043445853639 -168.53157293224942 4
vertex 109.50043445853626 -168.5315729322497 1.0000000000000004
endloop
endfacet
facet normal -0.6915638099655318 -0.7223153720819997 9.791219578280895e-14
outer loop
vertex 109.68268590120192 -168.70606527580594 4
vertex 109.50043445853626 -168.5315729322497 1.0000000000000004
vertex 109.50042950739363 -168.53156926579896 0
endloop
endfacet
facet normal -0.6915638099655318 -0.7223153720819997 9.791219578280895e-14
outer loop
vertex 109.68268590120192 -168.70606527580594 4
vertex 109.50042950739363 -168.53156926579896 0
vertex 109.68268590120189 -168.70606527580588 0
endloop
endfacet
facet normal -0.7770046656206634 -0.629494836836428 0
outer loop
vertex 109.84151727403194 -168.9021156808515 4
vertex 109.68268590120192 -168.70606527580594 4
vertex 109.68268590120189 -168.70606527580588 0
endloop
endfacet
facet normal -0.7770046656206634 -0.629494836836428 0
outer loop
vertex 109.84151727403194 -168.9021156808515 4
vertex 109.68268590120189 -168.70606527580588 0
vertex 109.8415172740319 -168.9021156808514 0
endloop
endfacet
facet normal -0.8500819558041554 -0.5266504233513746 0
outer loop
vertex 109.97440129999997 -169.11660769999995 4
vertex 109.84151727403194 -168.9021156808515 4
vertex 109.8415172740319 -168.9021156808514 0
endloop
endfacet
facet normal -0.8500819558041554 -0.5266504233513746 0
outer loop
vertex 109.97440129999997 -169.11660769999995 4
vertex 109.8415172740319 -168.9021156808514 0
vertex 109.97440129999991 -169.11660769999983 0
endloop
endfacet
facet normal 0 0 -1
outer loop
vertex 129.10718905000004 -204.85496895000014 4
vertex 127.993650610141 -202.7749772859812 4
vertex 127.97039439282355 -202.7315367217174 4
endloop
endfacet
facet normal 0 0 -1
outer loop
vertex 129.10718905000004 -204.85496895000014 4
vertex 127.97039439282355 -202.7315367217174 4
vertex 127.91658967802772 -202.63103425655382 4
endloop
endfacet
facet normal 0 0 -1
outer loop
vertex 129.10718905000004 -204.85496895000014 4
vertex 127.91658967802772 -202.63103425655382 4
vertex 127.83380706048335 -202.47640362302153 4
endloop
endfacet
facet normal 0 0 -1
outer loop
vertex 129.10718905000004 -204.85496895000014 4
vertex 127.83380706048335 -202.47640362302153 4
vertex 127.72446301877758 -202.27215859014512 4
endloop
endfacet
facet normal 0 0 -1
outer loop
vertex 129.10718905000004 -204.85496895000014 4
vertex 127.72446301877758 -202.27215859014512 4
vertex 127.59174937681904 -202.02426120367474 4
endloop
endfacet
facet normal 0 0 -1
outer loop
vertex 129.10718905000004 -204.85496895000014 4
vertex 127.59174937681904 -202.02426120367474 4
vertex 127.43954013236457 -201.73994774998562 4
endloop
endfacet
facet normal 0 0 -1
outer loop
vertex 129.10718905000004 -204.85496895000014 4
vertex 127.43954013236457 -201.73994774998562 4
vertex 109.97440129999997 -169.11660769999995 4
endloop
endfacet
facet normal 0 0 -1
outer loop
vertex 129.10718905000004 -204.85496895000014 4
vertex 109.97440129999997 -169.11660769999995 4
vertex 109.97440129999991 -169.11660769999983 0
endloop
endfacet
facet normal 0 0 -1
outer loop
vertex 129.10718905000004 -204.85496895000014 4
vertex 109.97440129999991 -169.11660769999983 0
vertex 120.18877246859552 -188.1961528 0
endloop
endfacet
facet normal 0 0 -1
outer loop
vertex 129.10718905000004 -204.85496895000014 4
vertex 120.18877246859552 -188.1961528 0
vertex 129.10718905000013 -204.85496895000028 0
endloop
endfacet
facet normal -0.8377366743979935 -0.5460744128491926 0
outer loop
vertex 129.2951096329839 -205.14325926453515 4
vertex 129.10718905000004 -204.85496895000014 4
vertex 129.10718905000013 -204.85496895000028 0
endloop
endfacet
facet normal -0.8377366743979935 -0.5460744128491926 0
outer loop
vertex 129.2951096329839 -205.14325926453515 4
vertex 129.10718905000013 -204.85496895000028 0
vertex 129.2951096329839 -205.14325926453515 0
endloop
endfacet
facet normal -0.7317235886103557 -0.68160148904707 0
outer loop
vertex 129.52966914753085 -205.3950672967725 4
vertex 129.2951096329839 -205.14325926453515 4
vertex 129.2951096329839 -205.14325926453515 0
endloop
endfacet
facet normal -0.7317235886103557 -0.68160148904707 0
outer loop
vertex 129.52966914753085 -205.3950672967725 4
vertex 129.2951096329839 -205.14325926453515 0
vertex 129.52966914753094 -205.3950672967726 0
endloop
endfacet
facet normal -0.6040468288322246 -0.7969488243154219 0
outer loop
vertex 129.80392313956906 -205.60293792676882 4
vertex 129.52966914753085 -205.3950672967725 4
vertex 129.52966914753094 -205.3950672967726 0
endloop
endfacet
facet normal -0.6040468288322246 -0.7969488243154219 0
outer loop
vertex 129.80392313956906 -205.60293792676882 4
vertex 129.52966914753094 -205.3950672967726 0
vertex 129.80392313956892 -205.60293792676873 0
endloop
endfacet
facet normal -0.4584864395271489 -0.8887014036051243 0
outer loop
vertex 130.10975194592658 -205.76071686124882 4
vertex 129.80392313956906 -205.60293792676882 4
vertex 129.80392313956892 -205.60293792676873 0
endloop
endfacet
facet normal -0.4584864395271489 -0.8887014036051243 0
outer loop
vertex 130.10975194592658 -205.76071686124882 4
vertex 129.80392313956892 -205.60293792676873 0
vertex 130.1097519459266 -205.76071686124882 0
endloop
endfacet
facet normal -0.2993519343817189 -0.9541427667712642 0
outer loop
vertex 130.438101088026 -205.86373283984565 4
vertex 130.10975194592658 -205.76071686124882 4
vertex 130.1097519459266 -205.76071686124882 0
endloop
endfacet
facet normal -0.2993519343817189 -0.9541427667712642 0
outer loop
vertex 130.438101088026 -205.86373283984565 4
vertex 130.1097519459266 -205.76071686124882 0
vertex 130.43810108802606 -205.86373283984568 0
endloop
endfacet
facet normal -0.13135470727968385 -0.9913354330777593 0
outer loop
vertex 130.77924934206135 -205.90893593412895 4
vertex 130.438101088026 -205.86373283984565 4
vertex 130.43810108802606 -205.86373283984568 0
endloop
endfacet
facet normal -0.13135470727968385 -0.9913354330777593 0
outer loop
vertex 130.77924934206135 -205.90893593412895 4
vertex 130.43810108802606 -205.86373283984568 0
vertex 130.7792493420613 -205.90893593412898 0
endloop
endfacet
facet normal 0.04053145493384138 -0.9991782629545871 0
outer loop
vertex 131.12309654907355 -205.89498784489217 4
vertex 130.77924934206135 -205.90893593412895 4
vertex 130.7792493420613 -205.90893593412898 0
endloop
endfacet
facet normal 0.04053145493384138 -0.9991782629545871 0
outer loop
vertex 131.12309654907355 -205.89498784489217 4
vertex 130.7792493420613 -205.90893593412898 0
vertex 131.1230965490734 -205.8949878448922 0
endloop
endfacet
facet normal 0.21121762819006976 -0.9774390587355108 0
outer loop
vertex 131.4594626439261 -205.8223015243248 4
vertex 131.12309654907355 -205.89498784489217 4
vertex 131.1230965490734 -205.8949878448922 0
endloop
endfacet
facet normal 0.21121762819006976 -0.9774390587355108 0
outer loop
vertex 131.4594626439261 -205.8223015243248 4
vertex 131.1230965490734 -205.8949878448922 0
vertex 131.45946264392614 -205.8223015243248 0
endloop
endfacet
facet normal 0.3756539974082808 -0.926759987392194 0
outer loop
vertex 131.7783881000002 -205.6930278999999 4
vertex 131.4594626439261 -205.8223015243248 4
vertex 131.45946264392614 -205.8223015243248 0
endloop
endfacet
facet normal 0.3756539974082808 -0.926759987392194 0
outer loop
vertex 131.7783881000002 -205.6930278999999 4
vertex 131.45946264392614 -205.8223015243248 0
vertex 131.77838809999986 -205.69302790000006 0
endloop
endfacet
facet normal 0 0 -1
outer loop
vertex 166.11793850144693 -188.1961528 4
vertex 137.92976368609752 -202.55874550000192 4
vertex 137.6774550559232 -202.68730316777143 4
endloop
endfacet
facet normal 0 0 -1
outer loop
vertex 166.11793850144693 -188.1961528 4
vertex 137.6774550559232 -202.68730316777143 4
vertex 137.5346069930918 -202.76008789095076 4
endloop
endfacet
facet normal 0 0 -1
outer loop
vertex 166.11793850144693 -188.1961528 4
vertex 137.5346069930918 -202.76008789095076 4
vertex 137.50538490988637 -202.7749772859812 4
endloop
endfacet
facet normal 0 0 -1
outer loop
vertex 166.11793850144693 -188.1961528 4
vertex 137.50538490988637 -202.7749772859812 4
vertex 131.7783881000002 -205.6930278999999 4
endloop
endfacet
facet normal 0 0 -1
outer loop
vertex 166.11793850144693 -188.1961528 4
vertex 131.7783881000002 -205.6930278999999 4
vertex 131.77838809999986 -205.69302790000006 0
endloop
endfacet
facet normal 0 0 -1
outer loop
vertex 166.11793850144693 -188.1961528 4
vertex 131.77838809999986 -205.69302790000006 0
vertex 166.11793910000003 -188.1961528 0
endloop
endfacet
facet normal 0 -1 0
outer loop
vertex 167.08376849999996 -188.1961528 0
vertex 167.0837685 -188.1961528 4
vertex 166.11793850144693 -188.1961528 4
endloop
endfacet
facet normal 0 -1 0
outer loop
vertex 167.08376849999996 -188.1961528 0
vertex 166.11793850144693 -188.1961528 4
vertex 166.11793910000003 -188.1961528 0
endloop
endfacet
facet normal 0 0 -1
outer loop
vertex 201.42332129999977 -205.6930291499999 4
vertex 195.69633137006954 -202.77498198598195 4
vertex 195.6671092874197 -202.76009259095133 4
endloop
endfacet
facet normal 0 0 -1
outer loop
vertex 201.42332129999977 -205.6930291499999 4
vertex 195.6671092874197 -202.76009259095133 4
vertex 195.52426122731563 -202.687307867777 4
endloop
endfacet
facet normal 0 0 -1
outer loop
vertex 201.42332129999977 -205.6930291499999 4
vertex 195.52426122731563 -202.687307867777 4
vertex 195.2719570177985 -202.55875244999925 4
endloop
endfacet
facet normal 0 0 -1
outer loop
vertex 201.42332129999977 -205.6930291499999 4
vertex 195.2719570177985 -202.55875244999925 4
vertex 167.0837685 -188.1961528 4
endloop
endfacet
facet normal 0 0 -1
outer loop
vertex 201.42332129999977 -205.6930291499999 4
vertex 167.0837685 -188.1961528 4
vertex 167.08376849999996 -188.1961528 0
endloop
endfacet
facet normal 0 0 -1
outer loop
vertex 201.42332129999977 -205.6930291499999 4
vertex 167.08376849999996 -188.1961528 0
vertex 201.42332129999988 -205.69302914999994 0
endloop
endfacet
facet normal -0.37565041572889923 -0.9267614391863233 0
outer loop
vertex 201.74224770607395 -205.8223015243248 4
vertex 201.42332129999977 -205.6930291499999 4
vertex 201.42332129999988 -205.69302914999994 0
endloop
endfacet
facet normal -0.37565041572889923 -0.9267614391863233 0
outer loop
vertex 201.74224770607395 -205.8223015243248 4
vertex 201.42332129999988 -205.69302914999994 0
vertex 201.74224770607387 -205.8223015243248 0
endloop
endfacet
facet normal -0.21121762819004114 -0.9774390587355172 0
outer loop
vertex 202.07861380092623 -205.89498784489217 4
vertex 201.74224770607395 -205.8223015243248 4
vertex 201.74224770607387 -205.8223015243248 0
endloop
endfacet
facet normal -0.21121762819004114 -0.9774390587355172 0
outer loop
vertex 202.07861380092623 -205.89498784489217 4
vertex 201.74224770607387 -205.8223015243248 0
vertex 202.07861380092623 -205.8949878448922 0
endloop
endfacet
facet normal -0.04053145493384138 -0.9991782629545871 0
outer loop
vertex 202.42246100793895 -205.90893593412895 4
vertex 202.07861380092623 -205.89498784489217 4
vertex 202.07861380092623 -205.8949878448922 0
endloop
endfacet
facet normal -0.04053145493384138 -0.9991782629545871 0
outer loop
vertex 202.42246100793895 -205.90893593412895 4
vertex 202.07861380092623 -205.8949878448922 0
vertex 202.422461007939 -205.90893593412898 0
endloop
endfacet
facet normal 0.13135470727968385 -0.9913354330777593 0
outer loop
vertex 202.76360926197356 -205.86373283984565 4
vertex 202.42246100793895 -205.90893593412895 4
vertex 202.422461007939 -205.90893593412898 0
endloop
endfacet
facet normal 0.13135470727968385 -0.9913354330777593 0
outer loop
vertex 202.76360926197356 -205.86373283984565 4
vertex 202.422461007939 -205.90893593412898 0
vertex 202.76360926197373 -205.86373283984568 0
endloop
endfacet
facet normal 0.29935193438171687 -0.954142766771265 0
outer loop
vertex 203.09195840407375 -205.76071686124882 4
vertex 202.76360926197356 -205.86373283984565 4
vertex 202.76360926197373 -205.86373283984568 0
endloop
endfacet
facet normal 0.29935193438171687 -0.954142766771265 0
outer loop
vertex 203.09195840407375 -205.76071686124882 4
vertex 202.76360926197373 -205.86373283984568 0
vertex 203.0919584040737 -205.76071686124882 0
endloop
endfacet
facet normal 0.4584864395271771 -0.8887014036051097 0
outer loop
vertex 203.3977872104311 -205.60293792676882 4
vertex 203.09195840407375 -205.76071686124882 4
vertex 203.0919584040737 -205.76071686124882 0
endloop
endfacet
facet normal 0.4584864395271771 -0.8887014036051097 0
outer loop
vertex 203.3977872104311 -205.60293792676882 4
vertex 203.0919584040737 -205.76071686124882 0
vertex 203.39778721043083 -205.60293792676873 0
endloop
endfacet
facet normal 0.6040468288322427 -0.7969488243154083 0
outer loop
vertex 203.67204120246893 -205.3950672967725 4
vertex 203.3977872104311 -205.60293792676882 4
vertex 203.39778721043083 -205.60293792676873 0
endloop
endfacet
facet normal 0.6040468288322427 -0.7969488243154083 0
outer loop
vertex 203.67204120246893 -205.3950672967725 4
vertex 203.39778721043083 -205.60293792676873 0
vertex 203.6720412024691 -205.3950672967726 0
endloop
endfacet
facet normal 0.731723588610354 -0.6816014890470717 0
outer loop
vertex 203.9066007170161 -205.14325926453515 4
vertex 203.67204120246893 -205.3950672967725 4
vertex 203.6720412024691 -205.3950672967726 0
endloop
endfacet
facet normal 0.731723588610354 -0.6816014890470717 0
outer loop
vertex 203.9066007170161 -205.14325926453515 4
vertex 203.6720412024691 -205.3950672967726 0
vertex 203.9066007170159 -205.14325926453515 0
endloop
endfacet
facet normal 0.8377356828019997 -0.5460759340607011 0
outer loop
vertex 204.0945225999999 -204.85496895000014 4
vertex 203.9066007170161 -205.14325926453515 4
vertex 203.9066007170159 -205.14325926453515 0
endloop
endfacet
facet normal 0.8377356828019997 -0.5460759340607011 0
outer loop
vertex 204.0945225999999 -204.85496895000014 4
vertex 203.9066007170159 -205.14325926453515 0
vertex 204.0945225999999 -204.85496895000028 0
endloop
endfacet
facet normal 0.8816109792522375 -0.4719767804266547 -8.917568773986938e-14
outer loop
vertex 223.22730819999907 -169.11661305000098 1
vertex 223.2273081999993 -169.11661305000112 4
vertex 205.7621674344249 -201.7399548999907 4
endloop
endfacet
facet normal 0.8816109792522375 -0.4719767804266547 -8.917568773986938e-14
outer loop
vertex 223.22730819999907 -169.11661305000098 1
vertex 205.7621674344249 -201.7399548999907 4
vertex 205.60995949314446 -202.02426590368225 4
endloop
endfacet
facet normal 0.8816109792522375 -0.4719767804266547 -8.917568773986938e-14
outer loop
vertex 223.22730819999907 -169.11661305000098 1
vertex 205.60995949314446 -202.02426590368225 4
vertex 205.47724584381885 -202.27216329015184 4
endloop
endfacet
facet normal 0.8816109792522375 -0.4719767804266547 -8.917568773986938e-14
outer loop
vertex 223.22730819999907 -169.11661305000098 1
vertex 205.47724584381885 -202.27216329015184 4
vertex 205.36790179604614 -202.47640832302218 4
endloop
endfacet
facet normal 0.8816109792522375 -0.4719767804266547 -8.917568773986938e-14
outer loop
vertex 223.22730819999907 -169.11661305000098 1
vertex 205.36790179604614 -202.47640832302218 4
vertex 205.28511917390313 -202.63103895656016 4
endloop
endfacet
facet normal 0.8816109792522375 -0.4719767804266547 -8.917568773986938e-14
outer loop
vertex 223.22730819999907 -169.11661305000098 1
vertex 205.28511917390313 -202.63103895656016 4
vertex 205.23131445612427 -202.73154142171643 4
endloop
endfacet
facet normal 0.8816109792522375 -0.4719767804266547 -8.917568773986938e-14
outer loop
vertex 223.22730819999907 -169.11661305000098 1
vertex 205.23131445612427 -202.73154142171643 4
vertex 205.20805823751485 -202.77498198598195 4
endloop
endfacet
facet normal 0.8816109792522375 -0.4719767804266547 -8.917568773986938e-14
outer loop
vertex 223.22730819999907 -169.11661305000098 1
vertex 205.20805823751485 -202.77498198598195 4
vertex 204.0945225999999 -204.85496895000014 4
endloop
endfacet
facet normal 0.8816109792522375 -0.4719767804266547 -8.917568773986938e-14
outer loop
vertex 223.22730819999907 -169.11661305000098 1
vertex 204.0945225999999 -204.85496895000014 4
vertex 204.0945225999999 -204.85496895000028 0
endloop
endfacet
facet normal 0.8816109792522375 -0.4719767804266547 -8.917568773986938e-14
outer loop
vertex 223.22730819999907 -169.11661305000098 1
vertex 204.0945225999999 -204.85496895000028 0
vertex 213.01293932852184 -188.1961528 0
endloop
endfacet
facet normal 0.8816109792522375 -0.4719767804266547 -8.917568773986938e-14
outer loop
vertex 223.22730819999907 -169.11661305000098 1
vertex 213.01293932852184 -188.1961528 0
vertex 223.22731151441585 -169.11660769999983 0
endloop
endfacet
facet normal 0.850086537314091 -0.5266430281294328 2.4204177091360773e-13
outer loop
vertex 223.3601899856073 -168.90212047919826 0.9999999999999998
vertex 223.36018998560667 -168.9021204791979 4
vertex 223.2273081999993 -169.11661305000112 4
endloop
endfacet
facet normal 0.850086537314091 -0.5266430281294328 2.4204177091360773e-13
outer loop
vertex 223.3601899856073 -168.90212047919826 0.9999999999999998
vertex 223.2273081999993 -169.11661305000112 4
vertex 223.22730819999907 -169.11661305000098 1
endloop
endfacet
facet normal 0.850086537314091 -0.5266430281294328 2.4204177091360773e-13
outer loop
vertex 223.3601899856073 -168.90212047919826 0.9999999999999998
vertex 223.22730819999907 -169.11661305000098 1
vertex 223.22731151441585 -169.11660769999983 0
endloop
endfacet
facet normal 0.850086537314091 -0.5266430281294328 2.4204177091360773e-13
outer loop
vertex 223.3601899856073 -168.90212047919826 0.9999999999999998
vertex 223.22731151441585 -169.11660769999983 0
vertex 223.36019387291083 -168.9021156808514 0
endloop
endfacet
facet normal 0.7770129059267369 -0.6294846654393479 0
outer loop
vertex 223.51902099494188 -168.70606527580594 4
vertex 223.36018998560667 -168.9021204791979 4
vertex 223.3601899856073 -168.90212047919826 0.9999999999999998
endloop
endfacet
facet normal 0.7770129059267369 -0.6294846654393479 0
outer loop
vertex 223.51902099494188 -168.70606527580594 4
vertex 223.3601899856073 -168.90212047919826 0.9999999999999998
vertex 223.36019387291083 -168.9021156808514 0
endloop
endfacet
facet normal 0.7770129059267369 -0.6294846654393479 0
outer loop
vertex 223.51902099494188 -168.70606527580594 4
vertex 223.36019387291083 -168.9021156808514 0
vertex 223.51902062018698 -168.70606527580588 0
endloop
endfacet
facet normal 0.6915722143847908 -0.7223073253753675 0
outer loop
vertex 223.7012716699508 -168.531569265799 4
vertex 223.51902099494188 -168.70606527580594 4
vertex 223.51902062018698 -168.70606527580588 0
endloop
endfacet
facet normal 0.6915722143847908 -0.7223073253753675 0
outer loop
vertex 223.7012716699508 -168.531569265799 4
vertex 223.51902062018698 -168.70606527580588 0
vertex 223.70127213027197 -168.53156926579896 0
endloop
endfacet
facet normal 0.5951243502319639 -0.8036336278186615 0
outer loop
vertex 223.9040437720375 -168.38140837484826 4
vertex 223.90403369954055 -168.38141583395364 4.000000000000002
vertex 223.90403369954055 -168.38141583395364 1.0000000000000004
endloop
endfacet
facet normal 0.5951243502319639 -0.8036336278186615 0
outer loop
vertex 223.90403369954055 -168.38141583395364 4.000000000000002
vertex 223.7012716699508 -168.531569265799 4
vertex 223.70127213027197 -168.53156926579896 0
endloop
endfacet
facet normal 0.5951243502319639 -0.8036336278186615 0
outer loop
vertex 223.90403369954055 -168.38141583395364 4.000000000000002
vertex 223.70127213027197 -168.53156926579896 0
vertex 223.90403369954066 -168.38141583395395 0
endloop
endfacet
facet normal -5.5062845655704e-10 9.816941746382287e-10 1
outer loop
vertex 224.12410639999996 -168.25797610000004 4
vertex 223.9040437720375 -168.38140837484826 4
vertex 223.90403369954055 -168.38141583395364 4.000000000000002
endloop
endfacet
facet normal -5.5062845655704e-10 9.816941746382287e-10 1
outer loop
vertex 224.12410639999996 -168.25797610000004 4
vertex 223.90403369954055 -168.38141583395364 4.000000000000002
vertex 223.90403369954066 -168.38141583395395 0
endloop
endfacet
facet normal -5.5062845655704e-10 9.816941746382287e-10 1
outer loop
vertex 224.12410639999996 -168.25797610000004 4
vertex 223.90403369954066 -168.38141583395395 0
vertex 223.90404377203757 -168.38140837484823 0
endloop
endfacet
facet normal -5.5062845655704e-10 9.816941746382287e-10 1
outer loop
vertex 224.12410639999996 -168.25797610000004 4
vertex 223.90404377203757 -168.38140837484823 0
vertex 224.12409258282463 -168.2579838500001 0
endloop
endfacet
facet normal -5.5062845655704e-10 9.816941746382287e-10 1
outer loop
vertex 224.12410639999996 -168.25797610000004 4
vertex 224.12409258282463 -168.2579838500001 0
vertex 224.12410640000002 -168.2579761 0
endloop
endfacet
facet normal 0.43321107096937667 -0.9012924985761092 0
outer loop
vertex 289.1051498999994 -137.02448920000032 4
vertex 224.12410639999996 -168.25797610000004 4
vertex 224.12410640000002 -168.2579761 0
endloop
endfacet
facet normal 0.43321107096937667 -0.9012924985761092 0
outer loop
vertex 289.1051498999994 -137.02448920000032 4
vertex 224.12410640000002 -168.2579761 0
vertex 289.1051498999989 -137.02448920000057 0
endloop
endfacet
facet normal 0.505379606046748 -0.8628971281630469 0
outer loop
vertex 289.38706148168956 -136.859379873008 4
vertex 289.1051498999994 -137.02448920000032 4
vertex 289.1051498999989 -137.02448920000057 0
endloop
endfacet
facet normal 0.505379606046748 -0.8628971281630469 0
outer loop
vertex 289.38706148168956 -136.859379873008 4
vertex 289.1051498999989 -137.02448920000057 0
vertex 289.38706148168967 -136.85937987300792 0
endloop
endfacet
facet normal 0.6391217294776083 -0.7691055941218676 0
outer loop
vertex 289.6383310333525 -136.65057651537904 4
vertex 289.38706148168956 -136.859379873008 4
vertex 289.38706148168967 -136.85937987300792 0
endloop
endfacet
facet normal 0.6391217294776083 -0.7691055941218676 0
outer loop
vertex 289.6383310333525 -136.65057651537904 4
vertex 289.38706148168967 -136.85937987300792 0
vertex 289.6383310333525 -136.65057651537907 0
endloop
endfacet
facet normal 0.7558096517496975 -0.6547913945082059 0
outer loop
vertex 289.85225372665803 -136.40365079569992 4
vertex 289.6383310333525 -136.65057651537904 4
vertex 289.6383310333525 -136.65057651537907 0
endloop
endfacet
facet normal 0.7558096517496975 -0.6547913945082059 0
outer loop
vertex 289.85225372665803 -136.40365079569992 4
vertex 289.6383310333525 -136.65057651537907 0
vertex 289.852253726658 -136.40365079570003 0
endloop
endfacet
facet normal 0.852329694815237 -0.5230048674115423 0
outer loop
vertex 290.02312128965133 -136.12519163232602 4
vertex 289.85225372665803 -136.40365079569992 4
vertex 289.852253726658 -136.40365079570003 0
endloop
endfacet
facet normal 0.852329694815237 -0.5230048674115423 0
outer loop
vertex 290.02312128965133 -136.12519163232602 4
vertex 289.852253726658 -136.40365079570003 0
vertex 290.02312128965133 -136.12519163232602 0
endloop
endfacet
facet normal 0 0 -1
outer loop
vertex 290.1463743251842 -135.82262937595198 4
vertex 290.140377221663 -135.83735109996655 4
vertex 290.02312128965133 -136.12519163232602 4
endloop
endfacet
facet normal 0 0 -1
outer loop
vertex 290.1463743251842 -135.82262937595198 4
vertex 290.02312128965133 -136.12519163232602 4
vertex 290.02312128965133 -136.12519163232602 0
endloop
endfacet
facet normal 0 0 -1
outer loop
vertex 290.1463743251842 -135.82262937595198 4
vertex 290.02312128965133 -136.12519163232602 0
vertex 290.1463743251842 -135.82262937595198 0
endloop
endfacet
facet normal 0 0 1
outer loop
vertex 290.2187239729903 -135.50403753956465 4
vertex 290.1808678533205 -135.6707370474381 4
vertex 290.1463743251842 -135.82262937595198 4
endloop
endfacet
facet normal 0 0 1
outer loop
vertex 290.2187239729903 -135.50403753956465 4
vertex 290.1463743251842 -135.82262937595198 4
vertex 290.1463743251842 -135.82262937595198 0
endloop
endfacet
facet normal 0 0 1
outer loop
vertex 290.2187239729903 -135.50403753956465 4
vertex 290.1463743251842 -135.82262937595198 0
vertex 290.2187239729903 -135.50403753956448 0
endloop
endfacet
facet normal 0 0 -1
outer loop
vertex 290.23823966899937 -135.17791736637776 4
vertex 290.2360505692843 -135.21449866882617 4
vertex 290.22128258324966 -135.46128147180644 4
endloop
endfacet
facet normal 0 0 -1
outer loop
vertex 290.23823966899937 -135.17791736637776 4
vertex 290.22128258324966 -135.46128147180644 4
vertex 290.2187239729903 -135.50403753956465 4
endloop
endfacet
facet normal 0 0 -1
outer loop
vertex 290.23823966899937 -135.17791736637776 4
vertex 290.2187239729903 -135.50403753956465 4
vertex 290.2187239729903 -135.50403753956448 0
endloop
endfacet
facet normal 0 0 -1
outer loop
vertex 290.23823966899937 -135.17791736637776 4
vertex 290.2187239729903 -135.50403753956448 0
vertex 290.23823966899937 -135.17791736637764 0
endloop
endfacet
facet normal 0 0 -1
outer loop
vertex 290.20440066013714 -134.8529709842938 4
vertex 290.21313942577984 -134.9368868664353 4
vertex 290.23823966899937 -135.17791736637776 4
endloop
endfacet
facet normal 0 0 -1
outer loop
vertex 290.20440066013714 -134.8529709842938 4
vertex 290.23823966899937 -135.17791736637776 4
vertex 290.23823966899937 -135.17791736637764 0
endloop
endfacet
facet normal 0 0 -1
outer loop
vertex 290.20440066013714 -134.8529709842938 4
vertex 290.23823966899937 -135.17791736637764 0
vertex 290.20440066013714 -134.8529709842939 0
endloop
endfacet
facet normal 0 0 -1
outer loop
vertex 290.1181098000002 -134.53786840000058 4
vertex 290.1449152537314 -134.6357520893097 4
vertex 290.20440066013714 -134.8529709842938 4
endloop
endfacet
facet normal 0 0 -1
outer loop
vertex 290.1181098000002 -134.53786840000058 4
vertex 290.20440066013714 -134.8529709842938 4
vertex 290.20440066013714 -134.8529709842939 0
endloop
endfacet
facet normal 0 0 -1
outer loop
vertex 290.1181098000002 -134.53786840000058 4
vertex 290.20440066013714 -134.8529709842939 0
vertex 290.11810979999996 -134.53786839999995 0
endloop
endfacet
facet normal 0 0 -1
outer loop
vertex 268.8377568999999 -76.07058989999975 4
vertex 269.3285728150913 -77.41909530001513 4
vertex 269.3706090353131 -77.53458884499284 4
endloop
endfacet
facet normal 0 0 -1
outer loop
vertex 268.8377568999999 -76.07058989999975 4
vertex 269.3706090353131 -77.53458884499284 4
vertex 269.42730563078436 -77.69036143264663 4
endloop
endfacet
facet normal 0 0 -1
outer loop
vertex 268.8377568999999 -76.07058989999975 4
vertex 269.42730563078436 -77.69036143264663 4
vertex 269.4973812467094 -77.88289257024559 4
endloop
endfacet
facet normal 0 0 -1
outer loop
vertex 268.8377568999999 -76.07058989999975 4
vertex 269.4973812467094 -77.88289257024559 4
vertex 269.5792533518781 -78.10783428981091 4
endloop
endfacet
facet normal 0 0 -1
outer loop
vertex 268.8377568999999 -76.07058989999975 4
vertex 269.5792533518781 -78.10783428981091 4
vertex 269.67107301254345 -78.36010668854047 4
endloop
endfacet
facet normal 0 0 -1
outer loop
vertex 268.8377568999999 -76.07058989999975 4
vertex 269.67107301254345 -78.36010668854047 4
vertex 269.77076664751576 -78.63401264996855 4
endloop
endfacet
facet normal 0 0 -1
outer loop
vertex 268.8377568999999 -76.07058989999975 4
vertex 269.77076664751576 -78.63401264996855 4
vertex 289.68917946387324 -133.359392200039 4
endloop
endfacet
facet normal 0 0 -1
outer loop
vertex 268.8377568999999 -76.07058989999975 4
vertex 289.68917946387324 -133.359392200039 4
vertex 289.8030795878805 -133.6723301622435 4
endloop
endfacet
facet normal 0 0 -1
outer loop
vertex 268.8377568999999 -76.07058989999975 4
vertex 289.8030795878805 -133.6723301622435 4
vertex 289.92053593858765 -133.99503877523776 4
endloop
endfacet
facet normal 0 0 -1
outer loop
vertex 268.8377568999999 -76.07058989999975 4
vertex 289.92053593858765 -133.99503877523776 4
vertex 290.03845665428946 -134.31902322033866 4
endloop
endfacet
facet normal 0 0 -1
outer loop
vertex 268.8377568999999 -76.07058989999975 4
vertex 290.03845665428946 -134.31902322033866 4
vertex 290.1181098000002 -134.53786840000058 4
endloop
endfacet
facet normal 0 0 -1
outer loop
vertex 268.8377568999999 -76.07058989999975 4
vertex 290.1181098000002 -134.53786840000058 4
vertex 290.11810979999996 -134.53786839999995 0
endloop
endfacet
facet normal 0 0 -1
outer loop
vertex 268.8377568999999 -76.07058989999975 4
vertex 290.11810979999996 -134.53786839999995 0
vertex 282.5253126312511 -113.6768334 0
endloop
endfacet
facet normal 0 0 -1
outer loop
vertex 268.8377568999999 -76.07058989999975 4
vertex 282.5253126312511 -113.6768334 0
vertex 282.51425265370506 -113.64644636692657 0
endloop
endfacet
facet normal 0 0 -1
outer loop
vertex 268.8377568999999 -76.07058989999975 4
vertex 282.51425265370506 -113.64644636692657 0
vertex 282.48141124870347 -113.55621536457507 0
endloop
endfacet
facet normal 0 0 -1
outer loop
vertex 268.8377568999999 -76.07058989999975 4
vertex 282.48141124870347 -113.55621536457507 0
vertex 282.4277857357276 -113.40888050520498 0
endloop
endfacet
facet normal 0 0 -1
outer loop
vertex 268.8377568999999 -76.07058989999975 4
vertex 282.4277857357276 -113.40888050520498 0
vertex 282.35500545767263 -113.20891837082014 0
endloop
endfacet
facet normal 0 0 -1
outer loop
vertex 268.8377568999999 -76.07058989999975 4
vertex 282.35500545767263 -113.20891837082014 0
vertex 282.2652817999662 -112.9624046918502 0
endloop
endfacet
facet normal 0 0 -1
outer loop
vertex 268.8377568999999 -76.07058989999975 4
vertex 282.2652817999662 -112.9624046918502 0
vertex 282.1613409625414 -112.67682963969762 0
endloop
endfacet
facet normal 0 0 -1
outer loop
vertex 268.8377568999999 -76.07058989999975 4
vertex 282.1613409625414 -112.67682963969762 0
vertex 282.0463411622715 -112.3608703423393 0
endloop
endfacet
facet normal 0 0 -1
outer loop
vertex 268.8377568999999 -76.07058989999975 4
vertex 282.0463411622715 -112.3608703423393 0
vertex 281.9237765279482 -112.02412683799477 0
endloop
endfacet
facet normal 0 0 -1
outer loop
vertex 268.8377568999999 -76.07058989999975 4
vertex 281.9237765279482 -112.02412683799477 0
vertex 281.79737114942805 -111.6768309776036 0
endloop
endfacet
facet normal 0 0 -1
outer loop
vertex 268.8377568999999 -76.07058989999975 4
vertex 281.79737114942805 -111.6768309776036 0
vertex 281.6709657788969 -111.3295351391619 0
endloop
endfacet
facet normal 0 0 -1
outer loop
vertex 268.8377568999999 -76.07058989999975 4
vertex 281.6709657788969 -111.3295351391619 0
vertex 281.54840116829814 -110.9927917000002 0
endloop
endfacet
facet normal 0 0 -1
outer loop
vertex 268.8377568999999 -76.07058989999975 4
vertex 281.54840116829814 -110.9927917000002 0
vertex 273.88004249135844 -89.9241532000003 0
endloop
endfacet
facet normal 0 0 -1
outer loop
vertex 268.8377568999999 -76.07058989999975 4
vertex 273.88004249135844 -89.9241532000003 0
vertex 273.8469466282852 -89.83322307996929 0
endloop
endfacet
facet normal 0 0 -1
outer loop
vertex 268.8377568999999 -76.07058989999975 4
vertex 273.8469466282852 -89.83322307996929 0
vertex 273.81061121599487 -89.73339237322422 0
endloop
endfacet
facet normal 0 0 -1
outer loop
vertex 268.8377568999999 -76.07058989999975 4
vertex 273.81061121599487 -89.73339237322422 0
vertex 273.7712457267602 -89.6252366000004 0
endloop
endfacet
facet normal 0 0 -1
outer loop
vertex 268.8377568999999 -76.07058989999975 4
vertex 273.7712457267602 -89.6252366000004 0
vertex 268.8377568999999 -76.07058830000004 0
endloop
endfacet
facet normal 0.9113384977868131 0.41165779775400235 0
outer loop
vertex 268.7140325447894 -75.79668577712786 4
vertex 268.8377568999999 -76.07058989999975 4
vertex 268.8377568999999 -76.07058830000004 0
endloop
endfacet
facet normal 0.9113384977868131 0.41165779775400235 0
outer loop
vertex 268.7140325447894 -75.79668577712786 4
vertex 268.8377568999999 -76.07058830000004 0
vertex 268.71403254478923 -75.79668502712796 0
endloop
endfacet
facet normal 0.8393609092122358 0.5435745248688616 0
outer loop
vertex 268.5506604236607 -75.54441462412709 4
vertex 268.7140325447894 -75.79668577712786 4
vertex 268.71403254478923 -75.79668502712796 0
endloop
endfacet
facet normal 0.8393609092122358 0.5435745248688616 0
outer loop
vertex 268.5506604236607 -75.54441462412709 4
vertex 268.71403254478923 -75.79668502712796 0
vertex 268.55066042366053 -75.5444138741268 0
endloop
endfacet
facet normal 0.7484282043290649 0.6632158192962316 0
outer loop
vertex 268.3513299359213 -75.31947342901938 4
vertex 268.5506604236607 -75.54441462412709 4
vertex 268.55066042366053 -75.5444138741268 0
endloop
endfacet
facet normal 0.7484282043290649 0.6632158192962316 0
outer loop
vertex 268.3513299359213 -75.31947342901938 4
vertex 268.55066042366053 -75.5444138741268 0
vertex 268.35132993592134 -75.31947267901964 0
endloop
endfacet
facet normal 0.6405938978748884 0.7678798460732362 0
outer loop
vertex 268.1205425213432 -75.12694199296067 4
vertex 268.3513299359213 -75.31947342901938 4
vertex 268.35132993592134 -75.31947267901964 0
endloop
endfacet
facet normal 0.6405938978748884 0.7678798460732362 0
outer loop
vertex 268.1205425213432 -75.12694199296067 4
vertex 268.35132993592134 -75.31947267901964 0
vertex 268.1205425213434 -75.12694124296058 0
endloop
endfacet
facet normal 0.5182931900101928 0.8552029988190278 0
outer loop
vertex 267.86351000506284 -74.97116821412305 4
vertex 268.1205425213432 -75.12694199296067 4
vertex 268.1205425213434 -75.12694124296058 0
endloop
endfacet
facet normal 0.5182931900101928 0.8552029988190278 0
outer loop
vertex 267.86351000506284 -74.97116821412305 4
vertex 268.1205425213434 -75.12694124296058 0
vertex 267.86351000506295 -74.97116746412318 0
endloop
endfacet
facet normal 0.3842845969752379 0.9232146817114526 0
outer loop
vertex 267.5860338 -74.8556698 4
vertex 267.86351000506284 -74.97116821412305 4
vertex 267.86351000506295 -74.97116746412318 0
endloop
endfacet
facet normal 0.3842845969752379 0.9232146817114526 0
outer loop
vertex 267.5860338 -74.8556698 4
vertex 267.86351000506295 -74.97116746412318 0
vertex 267.58603379999994 -74.85566914999994 0
endloop
endfacet
facet normal 0 0 1
outer loop
vertex 245.69682895000017 -67.62068175000005 4
vertex 253.20206199377137 -70.10136900000536 4
vertex 253.30233183612603 -70.13451095816157 4
endloop
endfacet
facet normal 0 0 1
outer loop
vertex 245.69682895000017 -67.62068175000005 4
vertex 253.30233183612603 -70.13451095816157 4
vertex 253.45237537299408 -70.18410449998547 4
endloop
endfacet
facet normal 0 0 1
outer loop
vertex 245.69682895000017 -67.62068175000005 4
vertex 253.45237537299408 -70.18410449998547 4
vertex 267.5860338 -74.8556698 4
endloop
endfacet
facet normal 0 0 1
outer loop
vertex 245.69682895000017 -67.62068175000005 4
vertex 267.5860338 -74.8556698 4
vertex 267.58603379999994 -74.85566914999994 0
endloop
endfacet
facet normal 0 0 1
outer loop
vertex 245.69682895000017 -67.62068175000005 4
vertex 267.58603379999994 -74.85566914999994 0
vertex 245.6968289500005 -67.62068175000014 0
endloop
endfacet
facet normal 0.2699015063231548 0.9628879357871778 0
outer loop
vertex 245.51990135969626 -67.57108820815749 4
vertex 245.69682895000017 -67.62068175000005 4
vertex 245.6968289500005 -67.62068175000014 0
endloop
endfacet
facet normal 0.2699015063231548 0.9628879357871778 0
outer loop
vertex 245.51990135969626 -67.57108820815749 4
vertex 245.6968289500005 -67.62068175000014 0
vertex 245.51990135969626 -67.57108820815749 0
endloop
endfacet
facet normal 0.18038178790738255 0.9835966706894327 0
outer loop
vertex 245.33916790000052 -67.53794350000008 4
vertex 245.51990135969626 -67.57108820815749 4
vertex 245.51990135969626 -67.57108820815749 0
endloop
endfacet
facet normal 0.18038178790738255 0.9835966706894327 0
outer loop
vertex 245.33916790000052 -67.53794350000008 4
vertex 245.51990135969626 -67.57108820815749 0
vertex 245.3391679000006 -67.5379435000001 0
endloop
endfacet
facet normal 0 0 -1
outer loop
vertex 224.73711014999986 -64.73100234999997 4
vertex 243.41889066628875 -67.27631404278172 4
vertex 243.55174668506905 -67.29441509999964 4
endloop
endfacet
facet normal 0 0 -1
outer loop
vertex 224.73711014999986 -64.73100234999997 4
vertex 243.55174668506905 -67.29441509999964 4
vertex 245.33916790000052 -67.53794350000008 4
endloop
endfacet
facet normal 0 0 -1
outer loop
vertex 224.73711014999986 -64.73100234999997 4
vertex 245.33916790000052 -67.53794350000008 4
vertex 245.3391679000006 -67.5379435000001 0
endloop
endfacet
facet normal 0 0 -1
outer loop
vertex 224.73711014999986 -64.73100234999997 4
vertex 245.3391679000006 -67.5379435000001 0
vertex 224.73711014999992 -64.73100234999998 0
endloop
endfacet
facet normal 0.07478961159137042 0.9971993351371691 0
outer loop
vertex 224.49569678882983 -64.71289642987078 4
vertex 224.73711014999986 -64.73100234999997 4
vertex 224.73711014999992 -64.73100234999998 0
endloop
endfacet
facet normal 0.07478961159137042 0.9971993351371691 0
outer loop
vertex 224.49569678882983 -64.71289642987078 4
vertex 224.73711014999992 -64.73100234999998 0
vertex 224.49569678882978 -64.71289642987078 0
endloop
endfacet
facet normal -0.046243701892876736 0.9989301877685162 0
outer loop
vertex 224.25386440316095 -64.7240916313852 4
vertex 224.49569678882983 -64.71289642987078 4
vertex 224.49569678882978 -64.71289642987078 0
endloop
endfacet
facet normal -0.046243701892876736 0.9989301877685162 0
outer loop
vertex 224.25386440316095 -64.7240916313852 4
vertex 224.49569678882978 -64.71289642987078 0
vertex 224.25386440316106 -64.7240916313852 0
endloop
endfacet
facet normal -0.1665994499367115 0.9860246565278097 0
outer loop
vertex 224.0151563353341 -64.76442392179206 4
vertex 224.25386440316095 -64.7240916313852 4
vertex 224.25386440316106 -64.7240916313852 0
endloop
endfacet
facet normal -0.1665994499367115 0.9860246565278097 0
outer loop
vertex 224.0151563353341 -64.76442392179206 4
vertex 224.25386440316106 -64.7240916313852 0
vertex 224.01515633533393 -64.76442392179212 0
endloop
endfacet
facet normal -0.2845232633141701 0.9586691361638046 0
outer loop
vertex 223.78307029999974 -64.83330470000007 4
vertex 224.0151563353341 -64.76442392179206 4
vertex 224.01515633533393 -64.76442392179212 0
endloop
endfacet
facet normal -0.2845232633141701 0.9586691361638046 0
outer loop
vertex 223.78307029999974 -64.83330470000007 4
vertex 224.01515633533393 -64.76442392179212 0
vertex 223.78307029999945 -64.83330470000017 0
endloop
endfacet
facet normal 0 0 1
outer loop
vertex 199.34013095000032 -73.72980509999985 4
vertex 216.7401150695619 -67.39673020000124 4
vertex 216.92935748136074 -67.3278516102311 4
endloop
endfacet
facet normal 0 0 1
outer loop
vertex 199.34013095000032 -73.72980509999985 4
vertex 216.92935748136074 -67.3278516102311 4
vertex 217.0401834964158 -67.28751424846172 4
endloop
endfacet
facet normal 0 0 1
outer loop
vertex 199.34013095000032 -73.72980509999985 4
vertex 217.0401834964158 -67.28751424846172 4
vertex 217.0709558153991 -67.27631404278172 4
endloop
endfacet
facet normal 0 0 1
outer loop
vertex 199.34013095000032 -73.72980509999985 4
vertex 217.0709558153991 -67.27631404278172 4
vertex 223.78307029999974 -64.83330470000007 4
endloop
endfacet
facet normal 0 0 1
outer loop
vertex 199.34013095000032 -73.72980509999985 4
vertex 223.78307029999974 -64.83330470000007 4
vertex 223.78307029999945 -64.83330470000017 0
endloop
endfacet
facet normal 0 0 1
outer loop
vertex 199.34013095000032 -73.72980509999985 4
vertex 223.78307029999945 -64.83330470000017 0
vertex 199.34013095 -73.72980509999995 0
endloop
endfacet
facet normal -0.3982688126877451 0.9172687462463189 0
outer loop
vertex 199.11806679743893 -73.82622200916354 4
vertex 199.34013095000032 -73.72980509999985 4
vertex 199.34013095 -73.72980509999995 0
endloop
endfacet
facet normal -0.3982688126877451 0.9172687462463189 0
outer loop
vertex 199.11806679743893 -73.82622200916354 4
vertex 199.34013095 -73.72980509999995 0
vertex 199.1180667974392 -73.82622200916356 0
endloop
endfacet
facet normal -0.5061795808171055 0.8624281024896043 0
outer loop
vertex 198.9092791694859 -73.94876443756073 4
vertex 199.11806679743893 -73.82622200916354 4
vertex 199.1180667974392 -73.82622200916356 0
endloop
endfacet
facet normal -0.5061795808171055 0.8624281024896043 0
outer loop
vertex 198.9092791694859 -73.94876443756073 4
vertex 199.1180667974392 -73.82622200916356 0
vertex 198.9092791694859 -73.94876443756075 0
endloop
endfacet
facet normal -0.6066736892635738 0.7949509637426228 0
outer loop
vertex 198.71682727050464 -74.09563576533533 4
vertex 198.9092791694859 -73.94876443756073 4
vertex 198.9092791694859 -73.94876443756075 0
endloop
endfacet
facet normal -0.6066736892635738 0.7949509637426228 0
outer loop
vertex 198.71682727050464 -74.09563576533533 4
vertex 198.9092791694859 -73.94876443756075 0
vertex 198.7168272705048 -74.09563576533533 0
endloop
endfacet
facet normal -0.6982702652865997 0.7158342242562742 0
outer loop
vertex 198.54353189999992 -74.26468020000009 4
vertex 198.71682727050464 -74.09563576533533 4
vertex 198.7168272705048 -74.09563576533533 0
endloop
endfacet
facet normal -0.6982702652865997 0.7158342242562742 0
outer loop
vertex 198.54353189999992 -74.26468020000009 4
vertex 198.7168272705048 -74.09563576533533 0
vertex 198.5435319 -74.2646802 0
endloop
endfacet
facet normal 0 0 1
outer loop
vertex 184.5951642499997 -89.62523660000036 4
vertex 197.45808227828854 -75.4600250999932 4
vertex 197.61158666268653 -75.29097931532802 4
endloop
endfacet
facet normal 0 0 1
outer loop
vertex 184.5951642499997 -89.62523660000036 4
vertex 197.61158666268653 -75.29097931532802 4
vertex 197.74495522197796 -75.1441079875578 4
endloop
endfacet
facet normal 0 0 1
outer loop
vertex 184.5951642499997 -89.62523660000036 4
vertex 197.74495522197796 -75.1441079875578 4
vertex 197.8562315845969 -75.0215655591615 4
endloop
endfacet
facet normal 0 0 1
outer loop
vertex 184.5951642499997 -89.62523660000036 4
vertex 197.8562315845969 -75.0215655591615 4
vertex 197.94378530367072 -74.9251475500002 4
endloop
endfacet
facet normal 0 0 1
outer loop
vertex 184.5951642499997 -89.62523660000036 4
vertex 197.94378530367072 -74.9251475500002 4
vertex 198.54353189999992 -74.26468020000009 4
endloop
endfacet
facet normal 0 0 1
outer loop
vertex 184.5951642499997 -89.62523660000036 4
vertex 198.54353189999992 -74.26468020000009 4
vertex 198.5435319 -74.2646802 0
endloop
endfacet
facet normal 0 0 1
outer loop
vertex 184.5951642499997 -89.62523660000036 4
vertex 198.5435319 -74.2646802 0
vertex 184.59516424999964 -89.6252366000004 0
endloop
endfacet
facet normal -0.714345198421338 0.6997934963204354 0
outer loop
vertex 184.4892116841272 -89.73339237322405 4
vertex 184.5951642499997 -89.62523660000036 4
vertex 184.59516424999964 -89.6252366000004 0
endloop
endfacet
facet normal -0.714345198421338 0.6997934963204354 0
outer loop
vertex 184.4892116841272 -89.73339237322405 4
vertex 184.59516424999964 -89.6252366000004 0
vertex 184.489211684127 -89.73339237322422 0
endloop
endfacet
facet normal -0.6593599573278122 0.7518274048428041 0
outer loop
vertex 184.37538089967984 -89.83322307996919 4
vertex 184.4892116841272 -89.73339237322405 4
vertex 184.489211684127 -89.73339237322422 0
endloop
endfacet
facet normal -0.6593599573278122 0.7518274048428041 0
outer loop
vertex 184.37538089967984 -89.83322307996919 4
vertex 184.489211684127 -89.73339237322422 0
vertex 184.3753808996797 -89.83322307996929 0
endloop
endfacet
facet normal -0.6005951109989396 0.7995533207011096 0
outer loop
vertex 184.25432849999942 -89.92415320000045 4
vertex 184.37538089967984 -89.83322307996919 4
vertex 184.3753808996797 -89.83322307996929 0
endloop
endfacet
facet normal -0.6005951109989396 0.7995533207011096 0
outer loop
vertex 184.25432849999942 -89.92415320000045 4
vertex 184.3753808996797 -89.83322307996929 0
vertex 184.25432849999962 -89.9241532000003 0
endloop
endfacet
facet normal -0.5699046245938466 0.8217108486971234 0
outer loop
vertex 169.56463014999943 -100.1123198000004 4
vertex 184.25432849999942 -89.92415320000045 4
vertex 184.25432849999962 -89.9241532000003 0
endloop
endfacet
facet normal -0.5699046245938466 0.8217108486971234 0
outer loop
vertex 169.56463014999943 -100.1123198000004 4
vertex 184.25432849999962 -89.9241532000003 0
vertex 169.5646301499994 -100.11231980000045 0
endloop
endfacet
facet normal -0.6353642947431972 0.7722125439058081 0
outer loop
vertex 169.31134497683144 -100.32071884335812 4
vertex 169.56463014999943 -100.1123198000004 4
vertex 169.5646301499994 -100.11231980000045 0
endloop
endfacet
facet normal -0.6353642947431972 0.7722125439058081 0
outer loop
vertex 169.31134497683144 -100.32071884335812 4
vertex 169.5646301499994 -100.11231980000045 0
vertex 169.3113449768313 -100.32071884335824 0
endloop
endfacet
facet normal -0.7530360501177565 0.6579792604809424 0
outer loop
vertex 169.09552824056132 -100.56771414000526 4
vertex 169.31134497683144 -100.32071884335812 4
vertex 169.3113449768313 -100.32071884335824 0
endloop
endfacet
facet normal -0.7530360501177565 0.6579792604809424 0
outer loop
vertex 169.09552824056132 -100.56771414000526 4
vertex 169.3113449768313 -100.32071884335824 0
vertex 169.09552824056144 -100.56771304000516 0
endloop
endfacet
facet normal -0.8504542344461415 0.5260490424975864 0
outer loop
vertex 168.922984523322 -100.846662532833 4
vertex 169.09552824056132 -100.56771414000526 4
vertex 169.09552824056144 -100.56771304000516 0
endloop
endfacet
facet normal -0.8504542344461415 0.5260490424975864 0
outer loop
vertex 168.922984523322 -100.846662532833 4
vertex 169.09552824056144 -100.56771304000516 0
vertex 168.92298452332193 -100.8466614328329 0
endloop
endfacet
facet normal -0.9249986994403302 0.37997026993397465 0
outer loop
vertex 168.79835454109923 -101.15006145793136 4
vertex 168.922984523322 -100.846662532833 4
vertex 168.92298452332193 -100.8466614328329 0
endloop
endfacet
facet normal -0.9249986994403302 0.37997026993397465 0
outer loop
vertex 168.79835454109923 -101.15006145793136 4
vertex 168.92298452332193 -100.8466614328329 0
vertex 168.79835454109926 -101.1500603579315 0
endloop
endfacet
facet normal 0 0 -1
outer loop
vertex 168.72499032756906 -101.46975073268577 4
vertex 168.76218736542359 -101.30766224999745 4
vertex 168.79835454109923 -101.15006145793136 4
endloop
endfacet
facet normal 0 0 -1
outer loop
vertex 168.72499032756906 -101.46975073268577 4
vertex 168.79835454109923 -101.15006145793136 4
vertex 168.79835454109926 -101.1500603579315 0
endloop
endfacet
facet normal 0 0 -1
outer loop
vertex 168.72499032756906 -101.46975073268577 4
vertex 168.79835454109926 -101.1500603579315 0
vertex 168.7249903275691 -101.46974963268575 0
endloop
endfacet
facet normal 0 0 1
outer loop
vertex 168.70486507818586 -101.79713203110877 4
vertex 168.70695981222642 -101.76305659000555 4
vertex 168.72214345883503 -101.51606129335694 4
endloop
endfacet
facet normal 0 0 1
outer loop
vertex 168.70486507818586 -101.79713203110877 4
vertex 168.72214345883503 -101.51606129335694 4
vertex 168.72499032756906 -101.46975073268577 4
endloop
endfacet
facet normal 0 0 1
outer loop
vertex 168.70486507818586 -101.79713203110877 4
vertex 168.72499032756906 -101.46975073268577 4
vertex 168.7249903275691 -101.46974963268575 0
endloop
endfacet
facet normal 0 0 1
outer loop
vertex 168.70486507818586 -101.79713203110877 4
vertex 168.7249903275691 -101.46974963268575 0
vertex 168.7048650781859 -101.79713203110883 0
endloop
endfacet
facet normal 0 0 1
outer loop
vertex 168.73852007934377 -102.12340014342898 4
vertex 168.7301240574201 -102.04200498283517 4
vertex 168.70486507818586 -101.79713203110877 4
endloop
endfacet
facet normal 0 0 1
outer loop
vertex 168.73852007934377 -102.12340014342898 4
vertex 168.70486507818586 -101.79713203110877 4
vertex 168.7048650781859 -101.79713203110883 0
endloop
endfacet
facet normal 0 0 1
outer loop
vertex 168.73852007934377 -102.12340014342898 4
vertex 168.7048650781859 -101.79713203110883 0
vertex 168.7385200793438 -102.12339904342873 0
endloop
endfacet
facet normal 0 0 -1
outer loop
vertex 168.82505030000004 -102.43977960000025 4
vertex 168.79923841717982 -102.3454039079264 4
vertex 168.73852007934377 -102.12340014342898 4
endloop
endfacet
facet normal 0 0 -1
outer loop
vertex 168.82505030000004 -102.43977960000025 4
vertex 168.73852007934377 -102.12340014342898 4
vertex 168.7385200793438 -102.12339904342873 0
endloop
endfacet
facet normal 0 0 -1
outer loop
vertex 168.82505030000004 -102.43977960000025 4
vertex 168.7385200793438 -102.12339904342873 0
vertex 168.8250503 -102.43977870000033 0
endloop
endfacet
facet normal 0 0 -1
outer loop
vertex 171.93808870000004 -110.9927907276141 4
vertex 169.26011978561593 -103.6351244999582 4
vertex 169.14496591503465 -103.31874149342553 4
endloop
endfacet
facet normal 0 0 -1
outer loop
vertex 171.93808870000004 -110.9927907276141 4
vertex 169.14496591503465 -103.31874149342553 4
vertex 169.026214164136 -102.9924733811105 4
endloop
endfacet
facet normal 0 0 -1
outer loop
vertex 171.93808870000004 -110.9927907276141 4
vertex 169.026214164136 -102.9924733811105 4
vertex 168.90705724707252 -102.66509208268434 4
endloop
endfacet
facet normal 0 0 -1
outer loop
vertex 171.93808870000004 -110.9927907276141 4
vertex 168.90705724707252 -102.66509208268434 4
vertex 168.82505030000004 -102.43977960000025 4
endloop
endfacet
facet normal 0 0 -1
outer loop
vertex 171.93808870000004 -110.9927907276141 4
vertex 168.82505030000004 -102.43977960000025 4
vertex 168.8250503 -102.43977870000033 0
endloop
endfacet
facet normal 0 0 -1
outer loop
vertex 171.93808870000004 -110.9927907276141 4
vertex 168.8250503 -102.43977870000033 0
vertex 171.93808870000004 -110.9927917000002 0
endloop
endfacet
facet normal -0.9659258325239328 -0.2588190218336886 0
outer loop
vertex 172.02831882388543 -111.3295350391622 4
vertex 171.93808870000004 -110.9927907276141 4
vertex 171.93808870000004 -110.9927917000002 0
endloop
endfacet
facet normal -0.9659258325239328 -0.2588190218336886 0
outer loop
vertex 172.02831882388543 -111.3295350391622 4
vertex 171.93808870000004 -110.9927917000002 0
vertex 172.02831882388543 -111.3295351391619 0
endloop
endfacet
facet normal -0.9961946778043631 -0.08715597463319115 0
outer loop
vertex 172.0587033540981 -111.67683087760324 4
vertex 172.02831882388543 -111.3295350391622 4
vertex 172.02831882388543 -111.3295351391619 0
endloop
endfacet
facet normal -0.9961946778043631 -0.08715597463319115 0
outer loop
vertex 172.0587033540981 -111.67683087760324 4
vertex 172.02831882388543 -111.3295351391619 0
vertex 172.0587033540981 -111.6768309776036 0
endloop
endfacet
facet normal -0.9961947407658959 0.08715525497851219 0
outer loop
vertex 172.02831907477324 -112.0241267379949 4
vertex 172.0587033540981 -111.67683087760324 4
vertex 172.0587033540981 -111.6768309776036 0
endloop
endfacet
facet normal -0.9961947407658959 0.08715525497851219 0
outer loop
vertex 172.02831907477324 -112.0241267379949 4
vertex 172.0587033540981 -111.6768309776036 0
vertex 172.02831907477324 -112.02412683799477 0
endloop
endfacet
facet normal -0.9659260194955005 0.25881832404522304 0
outer loop
vertex 171.93808919415244 -112.36087024233919 4
vertex 172.02831907477324 -112.0241267379949 4
vertex 172.02831907477324 -112.02412683799477 0
endloop
endfacet
facet normal -0.9659260194955005 0.25881832404522304 0
outer loop
vertex 171.93808919415244 -112.36087024233919 4
vertex 172.02831907477324 -112.02412683799477 0
vertex 171.93808919415247 -112.3608703423393 0
endloop
endfacet
facet normal -0.9063082110720417 0.4226173523926763 0
outer loop
vertex 171.79075529345081 -112.67682963969757 4
vertex 171.93808919415244 -112.36087024233919 4
vertex 171.93808919415247 -112.3608703423393 0
endloop
endfacet
facet normal -0.9063082110720417 0.4226173523926763 0
outer loop
vertex 171.79075529345081 -112.67682963969757 4
vertex 171.93808919415247 -112.3608703423393 0
vertex 171.79075534008152 -112.67682963969762 0
endloop
endfacet
facet normal -0.8191527671181796 0.5735754040425978 0
outer loop
vertex 171.5907940255434 -112.96240469185007 4
vertex 171.79075529345081 -112.67682963969757 4
vertex 171.79075534008152 -112.67682963969762 0
endloop
endfacet
facet normal -0.8191527671181796 0.5735754040425978 0
outer loop
vertex 171.5907940255434 -112.96240469185007 4
vertex 171.79075534008152 -112.67682963969762 0
vertex 171.59079402585513 -112.9624046918502 0
endloop
endfacet
facet normal -0.7071078539206943 0.7071057084507735 0
outer loop
vertex 171.34428109453256 -113.20891837082019 1
vertex 171.56040582936433 -112.99279305445204 1
vertex 171.56040586156013 -112.99279304803633 0
endloop
endfacet
facet normal -0.7071078539206943 0.7071057084507735 0
outer loop
vertex 171.34428109453256 -113.20891837082019 1
vertex 171.56040586156013 -112.99279304803633 0
vertex 171.34428109496008 -113.20891837082014 0
endloop
endfacet
facet normal -0.7071091666625018 0.7071043957025458 9.100835915839553e-9
outer loop
vertex 171.56040582936433 -112.99279305445204 1
vertex 171.56040586797582 -112.992793054452 4
vertex 171.5907940255434 -112.96240469185007 4
endloop
endfacet
facet normal -0.7071091666625018 0.7071043957025458 9.100835915839553e-9
outer loop
vertex 171.56040582936433 -112.99279305445204 1
vertex 171.5907940255434 -112.96240469185007 4
vertex 171.59079402585513 -112.9624046918502 0
endloop
endfacet
facet normal -0.7071091666625018 0.7071043957025458 9.100835915839553e-9
outer loop
vertex 171.56040582936433 -112.99279305445204 1
vertex 171.59079402585513 -112.9624046918502 0
vertex 171.56040586156013 -112.99279304803633 0
endloop
endfacet
facet normal -0.5735778894745361 0.8191510267990494 0
outer loop
vertex 171.05870664909426 -113.40888050520502 1
vertex 171.34428109453256 -113.20891837082019 1
vertex 171.34428109496008 -113.20891837082014 0
endloop
endfacet
facet normal -0.5735778894745361 0.8191510267990494 0
outer loop
vertex 171.05870664909426 -113.40888050520502 1
vertex 171.34428109496008 -113.20891837082014 0
vertex 171.05870665091336 -113.40888050520498 0
endloop
endfacet
facet normal -0.4226201022682122 0.9063069287823006 0
outer loop
vertex 170.7427476987706 -113.55621536457504 1
vertex 171.05870664909426 -113.40888050520502 1
vertex 171.05870665091336 -113.40888050520498 0
endloop
endfacet
facet normal -0.4226201022682122 0.9063069287823006 0
outer loop
vertex 170.7427476987706 -113.55621536457504 1
vertex 171.05870665091336 -113.40888050520498 0
vertex 170.74274770361737 -113.55621536457507 0
endloop
endfacet
facet normal -0.2588212548111241 0.9659252341967236 0
outer loop
vertex 170.4060044681994 -113.64644636692655 1
vertex 170.7427476987706 -113.55621536457504 1
vertex 170.74274770361737 -113.55621536457507 0
endloop
endfacet
facet normal -0.2588212548111241 0.9659252341967236 0
outer loop
vertex 170.4060044681994 -113.64644636692655 1
vertex 170.74274770361737 -113.55621536457507 0
vertex 170.4060041070677 -113.64644636692657 0
endloop
endfacet
facet normal -0.08716279308428906 0.9961940812420769 0
outer loop
vertex 170.0587073999996 -113.6768334 1
vertex 170.4060044681994 -113.64644636692655 1
vertex 170.4060041070677 -113.64644636692657 0
endloop
endfacet
facet normal -0.08716279308428906 0.9961940812420769 0
outer loop
vertex 170.0587073999996 -113.6768334 1
vertex 170.4060041070677 -113.64644636692657 0
vertex 170.05870739999966 -113.6768334 0
endloop
endfacet
facet normal 2.602769626491863e-7 0.9999999999999662 0
outer loop
vertex 163.14299745000025 -113.67683149895535 1
vertex 170.0587073999996 -113.6768334 1
vertex 170.05870739999966 -113.6768334 0
endloop
endfacet
facet normal 2.602769626491863e-7 0.9999999999999662 0
outer loop
vertex 163.14299745000025 -113.67683149895535 1
vertex 170.05870739999966 -113.6768334 0
vertex 163.14299745000002 -113.67683149895534 0
endloop
endfacet
facet normal 0.08715827758504703 0.9961944763189605 0
outer loop
vertex 162.79570286443766 -113.64644636692655 1
vertex 163.14299745000025 -113.67683149895535 1
vertex 163.14299745000002 -113.67683149895534 0
endloop
endfacet
facet normal 0.08715827758504703 0.9961944763189605 0
outer loop
vertex 162.79570286443766 -113.64644636692655 1
vertex 163.14299745000002 -113.67683149895534 0
vertex 162.7957016818009 -113.64644636692657 0
endloop
endfacet
facet normal 0.2588212548111241 0.9659252341967236 0
outer loop
vertex 162.45895845122917 -113.55621536457504 1
vertex 162.79570286443766 -113.64644636692655 1
vertex 162.7957016818009 -113.64644636692657 0
endloop
endfacet
facet normal 0.2588212548111241 0.9659252341967236 0
outer loop
vertex 162.45895845122917 -113.55621536457504 1
vertex 162.7957016818009 -113.64644636692657 0
vertex 162.45895845122925 -113.55621536457507 0
endloop
endfacet
facet normal 0.4226201022682014 0.9063069287823056 0
outer loop
vertex 162.1429995009058 -113.40888050520502 1
vertex 162.45895845122917 -113.55621536457504 1
vertex 162.45895845122925 -113.55621536457507 0
endloop
endfacet
facet normal 0.4226201022682014 0.9063069287823056 0
outer loop
vertex 162.1429995009058 -113.40888050520502 1
vertex 162.45895845122925 -113.55621536457507 0
vertex 162.14299950090574 -113.40888050520498 0
endloop
endfacet
facet normal 0.5735778894745294 0.819151026799054 0
outer loop
vertex 161.85742505546767 -113.20891837082019 1
vertex 162.1429995009058 -113.40888050520502 1
vertex 162.14299950090574 -113.40888050520498 0
endloop
endfacet
facet normal 0.5735778894745294 0.819151026799054 0
outer loop
vertex 161.85742505546767 -113.20891837082019 1
vertex 162.14299950090574 -113.40888050520498 0
vertex 161.85742505546762 -113.20891837082014 0
endloop
endfacet
facet normal 0.7071078389919985 0.7071057233795139 -1.3760507538943554e-8
outer loop
vertex 161.6109121815543 -112.96240469185007 4
vertex 161.6412988487902 -112.99279145000081 4
vertex 161.64129884879026 -112.99279150838184 1
endloop
endfacet
facet normal 0.7071078389919985 0.7071057233795139 -1.3760507538943554e-8
outer loop
vertex 161.6109121815543 -112.96240469185007 4
vertex 161.64129884879026 -112.99279150838184 1
vertex 161.64129881959735 -112.99279147919364 0
endloop
endfacet
facet normal 0.7071078389919985 0.7071057233795139 -1.3760507538943554e-8
outer loop
vertex 161.6109121815543 -112.96240469185007 4
vertex 161.64129881959735 -112.99279147919364 0
vertex 161.61091212445666 -112.9624046918502 0
endloop
endfacet
facet normal 0.7071078539207085 0.7071057084507593 0
outer loop
vertex 161.64129884879026 -112.99279150838184 1
vertex 161.85742505546767 -113.20891837082019 1
vertex 161.85742505546762 -113.20891837082014 0
endloop
endfacet
facet normal 0.7071078539207085 0.7071057084507593 0
outer loop
vertex 161.64129884879026 -112.99279150838184 1
vertex 161.85742505546762 -113.20891837082014 0
vertex 161.64129881959735 -112.99279147919364 0
endloop
endfacet
facet normal 0.8191527671181831 0.5735754040425931 0
outer loop
vertex 161.4109508565491 -112.67682963969757 4
vertex 161.6109121815543 -112.96240469185007 4
vertex 161.61091212445666 -112.9624046918502 0
endloop
endfacet
facet normal 0.8191527671181831 0.5735754040425931 0
outer loop
vertex 161.4109508565491 -112.67682963969757 4
vertex 161.61091212445666 -112.9624046918502 0
vertex 161.41095085654914 -112.67682963969762 0
endloop
endfacet
facet normal 0.9063082110720404 0.42261735239267895 0
outer loop
vertex 161.26361695584748 -112.36087024233919 4
vertex 161.4109508565491 -112.67682963969757 4
vertex 161.41095085654914 -112.67682963969762 0
endloop
endfacet
facet normal 0.9063082110720404 0.42261735239267895 0
outer loop
vertex 161.26361695584748 -112.36087024233919 4
vertex 161.41095085654914 -112.67682963969762 0
vertex 161.2636169558475 -112.3608703423393 0
endloop
endfacet
facet normal 0.9659260194955006 0.25881832404522215 0
outer loop
vertex 161.1733870752268 -112.0241267379949 4
vertex 161.26361695584748 -112.36087024233919 4
vertex 161.2636169558475 -112.3608703423393 0
endloop
endfacet
facet normal 0.9659260194955006 0.25881832404522215 0
outer loop
vertex 161.1733870752268 -112.0241267379949 4
vertex 161.2636169558475 -112.3608703423393 0
vertex 161.1733870752268 -112.02412683799477 0
endloop
endfacet
facet normal 0 0 -1
outer loop
vertex 161.1430027959019 -111.67683087760324 4
vertex 161.14329665237076 -111.68018969135329 4
vertex 161.1733870752268 -112.0241267379949 4
endloop
endfacet
facet normal 0 0 -1
outer loop
vertex 161.1430027959019 -111.67683087760324 4
vertex 161.1733870752268 -112.0241267379949 4
vertex 161.1733870752268 -112.02412683799477 0
endloop
endfacet
facet normal 0 0 -1
outer loop
vertex 161.1430027959019 -111.67683087760324 4
vertex 161.1733870752268 -112.02412683799477 0
vertex 161.1430027959019 -111.6768309776036 0
endloop
endfacet
facet normal 0.9961946778043631 -0.08715597463319115 0
outer loop
vertex 161.17338732611452 -111.3295350391622 4
vertex 161.1430027959019 -111.67683087760324 4
vertex 161.1430027959019 -111.6768309776036 0
endloop
endfacet
facet normal 0.9961946778043631 -0.08715597463319115 0
outer loop
vertex 161.17338732611452 -111.3295350391622 4
vertex 161.1430027959019 -111.6768309776036 0
vertex 161.17338732611452 -111.3295351391619 0
endloop
endfacet
facet normal 0.965927353704865 -0.2588133446418799 0
outer loop
vertex 161.26361490000005 -110.99279319999984 4
vertex 161.17338732611452 -111.3295350391622 4
vertex 161.17338732611452 -111.3295351391619 0
endloop
endfacet
facet normal 0.965927353704865 -0.2588133446418799 0
outer loop
vertex 161.26361490000005 -110.99279319999984 4
vertex 161.17338732611452 -111.3295351391619 0
vertex 161.2636149 -110.99279319999997 0
endloop
endfacet
facet normal 0 0 1
outer loop
vertex 164.37666045000012 -102.43977960000025 4
vertex 164.2946532850423 -102.66509208268434 4
vertex 164.17549605138927 -102.9924733811105 4
endloop
endfacet
facet normal 0 0 1
outer loop
vertex 164.37666045000012 -102.43977960000025 4
vertex 164.17549605138927 -102.9924733811105 4
vertex 164.05674398497754 -103.31874149342553 4
endloop
endfacet
facet normal 0 0 1
outer loop
vertex 164.37666045000012 -102.43977960000025 4
vertex 164.05674398497754 -103.31874149342553 4
vertex 163.94159102772457 -103.63512115001319 4
endloop
endfacet
facet normal 0 0 1
outer loop
vertex 164.37666045000012 -102.43977960000025 4
vertex 163.94159102772457 -103.63512115001319 4
vertex 161.26361490000005 -110.99279319999984 4
endloop
endfacet
facet normal 0 0 1
outer loop
vertex 164.37666045000012 -102.43977960000025 4
vertex 161.26361490000005 -110.99279319999984 4
vertex 161.2636149 -110.99279319999997 0
endloop
endfacet
facet normal 0 0 1
outer loop
vertex 164.37666045000012 -102.43977960000025 4
vertex 161.2636149 -110.99279319999997 0
vertex 164.37666044999992 -102.43977870000033 0
endloop
endfacet
facet normal 0 0 -1
outer loop
vertex 164.46319052065627 -102.12340014342898 4
vertex 164.40247228807544 -102.3454039079264 4
vertex 164.37666045000012 -102.43977960000025 4
endloop
endfacet
facet normal 0 0 -1
outer loop
vertex 164.46319052065627 -102.12340014342898 4
vertex 164.37666045000012 -102.43977960000025 4
vertex 164.37666044999992 -102.43977870000033 0
endloop
endfacet
facet normal 0 0 -1
outer loop
vertex 164.46319052065627 -102.12340014342898 4
vertex 164.37666044999992 -102.43977870000033 0
vertex 164.46319052065633 -102.12339904342873 0
endloop
endfacet
facet normal 0 0 1
outer loop
vertex 164.49684552181415 -101.7971309311087 4
vertex 164.47158651427316 -102.04200498283517 4
vertex 164.46319052065627 -102.12340014342898 4
endloop
endfacet
facet normal 0 0 1
outer loop
vertex 164.49684552181415 -101.7971309311087 4
vertex 164.46319052065627 -102.12340014342898 4
vertex 164.46319052065633 -102.12339904342873 0
endloop
endfacet
facet normal 0 0 1
outer loop
vertex 164.49684552181415 -101.7971309311087 4
vertex 164.46319052065633 -102.12339904342873 0
vertex 164.49684552181415 -101.79713093110882 0
endloop
endfacet
facet normal 0 0 1
outer loop
vertex 164.47672027243095 -101.46975073268577 4
vertex 164.47956715073047 -101.51606129335694 4
vertex 164.4947508483563 -101.76305659000555 4
endloop
endfacet
facet normal 0 0 1
outer loop
vertex 164.47672027243095 -101.46975073268577 4
vertex 164.4947508483563 -101.76305659000555 4
vertex 164.49684552181415 -101.7971309311087 4
endloop
endfacet
facet normal 0 0 1
outer loop
vertex 164.47672027243095 -101.46975073268577 4
vertex 164.49684552181415 -101.7971309311087 4
vertex 164.49684552181415 -101.79713093110882 0
endloop
endfacet
facet normal 0 0 1
outer loop
vertex 164.47672027243095 -101.46975073268577 4
vertex 164.49684552181415 -101.79713093110882 0
vertex 164.47672027243095 -101.46974963268575 0
endloop
endfacet
facet normal 0 0 -1
outer loop
vertex 164.40335605890078 -101.15006145793136 4
vertex 164.43952323457643 -101.30766224999745 4
vertex 164.47672027243095 -101.46975073268577 4
endloop
endfacet
facet normal 0 0 -1
outer loop
vertex 164.40335605890078 -101.15006145793136 4
vertex 164.47672027243095 -101.46975073268577 4
vertex 164.47672027243095 -101.46974963268575 0
endloop
endfacet
facet normal 0 0 -1
outer loop
vertex 164.40335605890078 -101.15006145793136 4
vertex 164.47672027243095 -101.46974963268575 0
vertex 164.4033560589008 -101.1500603579315 0
endloop
endfacet
facet normal 0.9249986994403342 0.379970269933965 0
outer loop
vertex 164.27872607667794 -100.846662532833 4
vertex 164.40335605890078 -101.15006145793136 4
vertex 164.4033560589008 -101.1500603579315 0
endloop
endfacet
facet normal 0.9249986994403342 0.379970269933965 0
outer loop
vertex 164.27872607667794 -100.846662532833 4
vertex 164.4033560589008 -101.1500603579315 0
vertex 164.27872607667797 -100.8466614328329 0
endloop
endfacet
facet normal 0.850454234446158 0.5260490424975595 0
outer loop
vertex 164.1061823594387 -100.56771414000526 4
vertex 164.27872607667794 -100.846662532833 4
vertex 164.27872607667797 -100.8466614328329 0
endloop
endfacet
facet normal 0.850454234446158 0.5260490424975595 0
outer loop
vertex 164.1061823594387 -100.56771414000526 4
vertex 164.27872607667797 -100.8466614328329 0
vertex 164.10618235943866 -100.56771304000516 0
endloop
endfacet
facet normal 0 0 -1
outer loop
vertex 163.89036562316883 -100.32071884335812 4
vertex 164.07543011994514 -100.53251809336881 4
vertex 164.1061823594387 -100.56771414000526 4
endloop
endfacet
facet normal 0 0 -1
outer loop
vertex 163.89036562316883 -100.32071884335812 4
vertex 164.1061823594387 -100.56771414000526 4
vertex 164.10618235943866 -100.56771304000516 0
endloop
endfacet
facet normal 0 0 -1
outer loop
vertex 163.89036562316883 -100.32071884335812 4
vertex 164.10618235943866 -100.56771304000516 0
vertex 163.89036562316895 -100.32071884335824 0
endloop
endfacet
facet normal 0.6353673313019219 0.7722100454631976 0
outer loop
vertex 163.6370809000001 -100.11231740000007 4
vertex 163.89036562316883 -100.32071884335812 4
vertex 163.89036562316895 -100.32071884335824 0
endloop
endfacet
facet normal 0.6353673313019219 0.7722100454631976 0
outer loop
vertex 163.6370809000001 -100.11231740000007 4
vertex 163.89036562316895 -100.32071884335824 0
vertex 163.63708090000011 -100.11231740000008 0
endloop
endfacet
facet normal 0.5699045822829871 0.8217108780421821 0
outer loop
vertex 148.9473756000002 -89.92414710000016 4
vertex 163.6370809000001 -100.11231740000007 4
vertex 163.63708090000011 -100.11231740000008 0
endloop
endfacet
facet normal 0.5699045822829871 0.8217108780421821 0
outer loop
vertex 148.9473756000002 -89.92414710000016 4
vertex 163.63708090000011 -100.11231740000008 0
vertex 148.94737560000002 -89.92414709999998 0
endloop
endfacet
facet normal 0.6005965109973485 0.7995522690717675 0
outer loop
vertex 148.82632657534612 -89.83321918361605 4
vertex 148.9473756000002 -89.92414710000016 4
vertex 148.94737560000002 -89.92414709999998 0
endloop
endfacet
facet normal 0.6005965109973485 0.7995522690717675 0
outer loop
vertex 148.82632657534612 -89.83321918361605 4
vertex 148.94737560000002 -89.92414709999998 0
vertex 148.826326575346 -89.83321918361594 0
endloop
endfacet
facet normal 0.6593568901960826 0.7518300947361386 0
outer loop
vertex 148.7125024975548 -89.7333951801778 4
vertex 148.82632657534612 -89.83321918361605 4
vertex 148.826326575346 -89.83321918361594 0
endloop
endfacet
facet normal 0.6593568901960826 0.7518300947361386 0
outer loop
vertex 148.7125024975548 -89.7333951801778 4
vertex 148.826326575346 -89.83321918361594 0
vertex 148.71250249755468 -89.7333951801777 0
endloop
endfacet
facet normal 0.7143338828109995 0.699805047043933 0
outer loop
vertex 148.6065512 -89.6252442 4
vertex 148.7125024975548 -89.7333951801778 4
vertex 148.71250249755468 -89.7333951801777 0
endloop
endfacet
facet normal 0.7143338828109995 0.699805047043933 0
outer loop
vertex 148.6065512 -89.6252442 4
vertex 148.71250249755468 -89.7333951801777 0
vertex 148.6065512000001 -89.6252442000001 0
endloop
endfacet
facet normal 0 0 -1
outer loop
vertex 134.6581796500001 -74.2646840000001 4
vertex 135.25792767315463 -74.92515290000556 4
vertex 135.34548007835838 -75.02156945916921 4
endloop
endfacet
facet normal 0 0 -1
outer loop
vertex 134.6581796500001 -74.2646840000001 4
vertex 135.34548007835838 -75.02156945916921 4
vertex 135.4567564445445 -75.14411188754603 4
endloop
endfacet
facet normal 0 0 -1
outer loop
vertex 134.6581796500001 -74.2646840000001 4
vertex 135.4567564445445 -75.14411188754603 4
vertex 135.59012500816053 -75.29098321534711 4
endloop
endfacet
facet normal 0 0 -1
outer loop
vertex 134.6581796500001 -74.2646840000001 4
vertex 135.59012500816053 -75.29098321534711 4
vertex 135.7436316222058 -75.46003144995201 4
endloop
endfacet
facet normal 0 0 -1
outer loop
vertex 134.6581796500001 -74.2646840000001 4
vertex 135.7436316222058 -75.46003144995201 4
vertex 148.6065512 -89.6252442 4
endloop
endfacet
facet normal 0 0 -1
outer loop
vertex 134.6581796500001 -74.2646840000001 4
vertex 148.6065512 -89.6252442 4
vertex 148.6065512000001 -89.6252442000001 0
endloop
endfacet
facet normal 0 0 -1
outer loop
vertex 134.6581796500001 -74.2646840000001 4
vertex 148.6065512000001 -89.6252442000001 0
vertex 134.6581796500003 -74.2646840000003 0
endloop
endfacet
facet normal 0.6982786752279313 0.7158260205677951 0
outer loop
vertex 134.48488332949512 -74.09563576533533 4
vertex 134.6581796500001 -74.2646840000001 4
vertex 134.6581796500003 -74.2646840000003 0
endloop
endfacet
facet normal 0.6982786752279313 0.7158260205677951 0
outer loop
vertex 134.48488332949512 -74.09563576533533 4
vertex 134.6581796500003 -74.2646840000003 0
vertex 134.48488332949512 -74.09563576533533 0
endloop
endfacet
facet normal 0.606673689263573 0.7949509637426234 0
outer loop
vertex 134.2924314305141 -73.94876443756073 4
vertex 134.48488332949512 -74.09563576533533 4
vertex 134.48488332949512 -74.09563576533533 0
endloop
endfacet
facet normal 0.606673689263573 0.7949509637426234 0
outer loop
vertex 134.2924314305141 -73.94876443756073 4
vertex 134.48488332949512 -74.09563576533533 0
vertex 134.29243143051417 -73.94876443756075 0
endloop
endfacet
facet normal 0.5061795808170994 0.862428102489608 0
outer loop
vertex 134.0836438025611 -73.82622200916354 4
vertex 134.2924314305141 -73.94876443756073 4
vertex 134.29243143051417 -73.94876443756075 0
endloop
endfacet
facet normal 0.5061795808170994 0.862428102489608 0
outer loop
vertex 134.0836438025611 -73.82622200916354 4
vertex 134.29243143051417 -73.94876443756075 0
vertex 134.08364380256114 -73.82622200916356 0
endloop
endfacet
facet normal 0.39825438260118584 0.9172750115090611 0
outer loop
vertex 133.86157930000002 -73.72980800000002 4
vertex 134.0836438025611 -73.82622200916354 4
vertex 134.08364380256114 -73.82622200916356 0
endloop
endfacet
facet normal 0.39825438260118584 0.9172750115090611 0
outer loop
vertex 133.86157930000002 -73.72980800000002 4
vertex 134.08364380256114 -73.82622200916356 0
vertex 133.86157929999976 -73.7298079999999 0
endloop
endfacet
facet normal 0 0 -1
outer loop
vertex 109.41863995000017 -64.83329915000003 4
vertex 116.13078236733168 -67.27632097987052 4
vertex 116.16154090826547 -67.28751618138504 4
endloop
endfacet
facet normal 0 0 -1
outer loop
vertex 109.41863995000017 -64.83329915000003 4
vertex 116.16154090826547 -67.28751618138504 4
vertex 116.27235288461829 -67.32784847179384 4
endloop
endfacet
facet normal 0 0 -1
outer loop
vertex 109.41863995000017 -64.83329915000003 4
vertex 116.27235288461829 -67.32784847179384 4
vertex 116.46159467278677 -67.39672690000263 4
endloop
endfacet
facet normal 0 0 -1
outer loop
vertex 109.41863995000017 -64.83329915000003 4
vertex 116.46159467278677 -67.39672690000263 4
vertex 133.86157930000002 -73.72980800000002 4
endloop
endfacet
facet normal 0 0 -1
outer loop
vertex 109.41863995000017 -64.83329915000003 4
vertex 133.86157930000002 -73.72980800000002 4
vertex 133.86157929999976 -73.7298079999999 0
endloop
endfacet
facet normal 0 0 -1
outer loop
vertex 109.41863995000017 -64.83329915000003 4
vertex 133.86157929999976 -73.7298079999999 0
vertex 109.41863995000011 -64.83329915000002 0
endloop
endfacet
facet normal 0.2845141730401402 0.9586718340179214 0
outer loop
vertex 109.18655376466614 -64.76442072179212 4
vertex 109.41863995000017 -64.83329915000003 4
vertex 109.41863995000011 -64.83329915000002 0
endloop
endfacet
facet normal 0.2845141730401402 0.9586718340179214 0
outer loop
vertex 109.18655376466614 -64.76442072179212 4
vertex 109.41863995000011 -64.83329915000002 0
vertex 109.18655376466621 -64.76442072179215 0
endloop
endfacet
facet normal 0.16659944993671164 0.9860246565278097 0
outer loop
vertex 108.94784569683901 -64.72408843138521 4
vertex 109.18655376466614 -64.76442072179212 4
vertex 109.18655376466621 -64.76442072179215 0
endloop
endfacet
facet normal 0.16659944993671164 0.9860246565278097 0
outer loop
vertex 108.94784569683901 -64.72408843138521 4
vertex 109.18655376466621 -64.76442072179215 0
vertex 108.94784569683897 -64.72408843138521 0
endloop
endfacet
facet normal 0.04624370189287675 0.998930187768516 0
outer loop
vertex 108.70601331117015 -64.71289322987079 4
vertex 108.94784569683901 -64.72408843138521 4
vertex 108.94784569683897 -64.72408843138521 0
endloop
endfacet
facet normal 0.04624370189287675 0.998930187768516 0
outer loop
vertex 108.70601331117015 -64.71289322987079 4
vertex 108.94784569683897 -64.72408843138521 0
vertex 108.70601331117012 -64.71289322987079 0
endloop
endfacet
facet normal -0.07478610475563129 0.9971995981424582 0
outer loop
vertex 108.4645999000002 -64.73099829999998 4
vertex 108.70601331117015 -64.71289322987079 4
vertex 108.70601331117012 -64.71289322987079 0
endloop
endfacet
facet normal -0.07478610475563129 0.9971995981424582 0
outer loop
vertex 108.4645999000002 -64.73099829999998 4
vertex 108.70601331117012 -64.71289322987079 0
vertex 108.46459990000017 -64.73099829999998 0
endloop
endfacet
facet normal 0 0 1
outer loop
vertex 87.8625389999997 -67.53793825000005 4
vertex 89.64985886374156 -67.29442379999833 4
vertex 89.78272789883967 -67.27632097987052 4
endloop
endfacet
facet normal 0 0 1
outer loop
vertex 87.8625389999997 -67.53793825000005 4
vertex 89.78272789883967 -67.27632097987052 4
vertex 108.4645999000002 -64.73099829999998 4
endloop
endfacet
facet normal 0 0 1
outer loop
vertex 87.8625389999997 -67.53793825000005 4
vertex 108.4645999000002 -64.73099829999998 4
vertex 108.46459990000017 -64.73099829999998 0
endloop
endfacet
facet normal 0 0 1
outer loop
vertex 87.8625389999997 -67.53793825000005 4
vertex 108.46459990000017 -64.73099829999998 0
vertex 87.86253899999979 -67.53793825000004 0
endloop
endfacet
facet normal -0.18039201584804201 0.9835947949324864 0
outer loop
vertex 87.68180659030355 -67.57108470815756 4
vertex 87.8625389999997 -67.53793825000005 4
vertex 87.86253899999979 -67.53793825000004 0
endloop
endfacet
facet normal -0.18039201584804201 0.9835947949324864 0
outer loop
vertex 87.68180659030355 -67.57108470815756 4
vertex 87.86253899999979 -67.53793825000004 0
vertex 87.68180659030355 -67.57108470815756 0
endloop
endfacet
facet normal -0.2698912617877486 0.9628908073144209 0
outer loop
vertex 87.50487799999966 -67.62067650000012 4
vertex 87.68180659030355 -67.57108470815756 4
vertex 87.68180659030355 -67.57108470815756 0
endloop
endfacet
facet normal -0.2698912617877486 0.9628908073144209 0
outer loop
vertex 87.50487799999966 -67.62067650000012 4
vertex 87.68180659030355 -67.57108470815756 0
vertex 87.50487799999947 -67.62067650000016 0
endloop
endfacet
facet normal 0 0 -1
outer loop
vertex 65.61566875000024 -74.8556698 4
vertex 79.74932662899528 -70.18410199998313 4
vertex 79.89935799877476 -70.1345124581579 4
endloop
endfacet
facet normal 0 0 -1
outer loop
vertex 65.61566875000024 -74.8556698 4
vertex 79.89935799877476 -70.1345124581579 4
vertex 79.99964141213034 -70.10136599999863 4
endloop
endfacet
facet normal 0 0 -1
outer loop
vertex 65.61566875000024 -74.8556698 4
vertex 79.99964141213034 -70.10136599999863 4
vertex 87.50487799999966 -67.62067650000012 4
endloop
endfacet
facet normal 0 0 -1
outer loop
vertex 65.61566875000024 -74.8556698 4
vertex 87.50487799999966 -67.62067650000012 4
vertex 87.50487799999947 -67.62067650000016 0
endloop
endfacet
facet normal 0 0 -1
outer loop
vertex 65.61566875000024 -74.8556698 4
vertex 87.50487799999947 -67.62067650000016 0
vertex 65.61566875000018 -74.85566914999994 0
endloop
endfacet
facet normal -0.3842879726897906 0.9232132765758793 0
outer loop
vertex 65.33819564493696 -74.97116821412305 4
vertex 65.61566875000024 -74.8556698 4
vertex 65.61566875000018 -74.85566914999994 0
endloop
endfacet
facet normal -0.3842879726897906 0.9232132765758793 0
outer loop
vertex 65.33819564493696 -74.97116821412305 4
vertex 65.61566875000018 -74.85566914999994 0
vertex 65.33819564493689 -74.97116746412318 0
endloop
endfacet
facet normal -0.5182931900101845 0.855202998819033 0
outer loop
vertex 65.08116312865681 -75.12694199296067 4
vertex 65.33819564493696 -74.97116821412305 4
vertex 65.33819564493689 -74.97116746412318 0
endloop
endfacet
facet normal -0.5182931900101845 0.855202998819033 0
outer loop
vertex 65.08116312865681 -75.12694199296067 4
vertex 65.33819564493689 -74.97116746412318 0
vertex 65.08116312865687 -75.12694124296058 0
endloop
endfacet
facet normal -0.6405938978748374 0.7678798460732787 0
outer loop
vertex 64.85037571407845 -75.31947342901938 4
vertex 65.08116312865681 -75.12694199296067 4
vertex 65.08116312865687 -75.12694124296058 0
endloop
endfacet
facet normal -0.6405938978748374 0.7678798460732787 0
outer loop
vertex 64.85037571407845 -75.31947342901938 4
vertex 65.08116312865687 -75.12694124296058 0
vertex 64.85037571407838 -75.31947267901964 0
endloop
endfacet
facet normal -0.7484282043290914 0.6632158192962015 0
outer loop
vertex 64.65104522633948 -75.54441462412709 4
vertex 64.85037571407845 -75.31947342901938 4
vertex 64.85037571407838 -75.31947267901964 0
endloop
endfacet
facet normal -0.7484282043290914 0.6632158192962015 0
outer loop
vertex 64.65104522633948 -75.54441462412709 4
vertex 64.85037571407838 -75.31947267901964 0
vertex 64.65104522633949 -75.5444138741268 0
endloop
endfacet
facet normal -0.8393609092122851 0.5435745248687857 0
outer loop
vertex 64.48767310521056 -75.79668577712786 4
vertex 64.65104522633948 -75.54441462412709 4
vertex 64.65104522633949 -75.5444138741268 0
endloop
endfacet
facet normal -0.8393609092122851 0.5435745248687857 0
outer loop
vertex 64.48767310521056 -75.79668577712786 4
vertex 64.65104522633949 -75.5444138741268 0
vertex 64.48767310521058 -75.79668502712796 0
endloop
endfacet
facet normal -0.9113364582152785 0.41166231297950046 0
outer loop
vertex 64.36394750000004 -76.07058989999975 4
vertex 64.48767310521056 -75.79668577712786 4
vertex 64.48767310521058 -75.79668502712796 0
endloop
endfacet
facet normal -0.9113364582152785 0.41166231297950046 0
outer loop
vertex 64.36394750000004 -76.07058989999975 4
vertex 64.48767310521058 -75.79668502712796 0
vertex 64.36394749999997 -76.07058830000004 0
endloop
endfacet
facet normal 0 0 -1
outer loop
vertex 43.08360050000002 -134.53787184999993 4
vertex 43.16325487244377 -134.31902322033866 4
vertex 43.28117554526679 -133.99503877523776 4
endloop
endfacet
facet normal 0 0 -1
outer loop
vertex 43.08360050000002 -134.53787184999993 4
vertex 43.28117554526679 -133.99503877523776 4
vertex 43.39863253573397 -133.6723282871722 4
endloop
endfacet
facet normal 0 0 -1
outer loop
vertex 43.08360050000002 -134.53787184999993 4
vertex 43.39863253573397 -133.6723282871722 4
vertex 43.51253355553325 -133.35938775000713 4
endloop
endfacet
facet normal 0 0 -1
outer loop
vertex 43.08360050000002 -134.53787184999993 4
vertex 43.51253355553325 -133.35938775000713 4
vertex 63.430937509396784 -78.63401264996855 4
endloop
endfacet
facet normal 0 0 -1
outer loop
vertex 43.08360050000002 -134.53787184999993 4
vertex 63.430937509396784 -78.63401264996855 4
vertex 63.530628930721576 -78.36011277712713 4
endloop
endfacet
facet normal 0 0 -1
outer loop
vertex 43.08360050000002 -134.53787184999993 4
vertex 63.530628930721576 -78.36011277712713 4
vertex 63.62244816449646 -78.10784162412745 4
endloop
endfacet
facet normal 0 0 -1
outer loop
vertex 43.08360050000002 -134.53787184999993 4
vertex 63.62244816449646 -78.10784162412745 4
vertex 63.70432010242362 -77.8829004290197 4
endloop
endfacet
facet normal 0 0 -1
outer loop
vertex 43.08360050000002 -134.53787184999993 4
vertex 63.70432010242362 -77.8829004290197 4
vertex 63.77439584721773 -77.69036899296061 4
endloop
endfacet
facet normal 0 0 -1
outer loop
vertex 43.08360050000002 -134.53787184999993 4
vertex 63.77439584721773 -77.69036899296061 4
vertex 63.83109289262025 -77.53459521411999 4
endloop
endfacet
facet normal 0 0 -1
outer loop
vertex 43.08360050000002 -134.53787184999993 4
vertex 63.83109289262025 -77.53459521411999 4
vertex 63.873131443156325 -77.41909530001513 4
endloop
endfacet
facet normal 0 0 -1
outer loop
vertex 43.08360050000002 -134.53787184999993 4
vertex 63.873131443156325 -77.41909530001513 4
vertex 64.36394750000004 -76.07058989999975 4
endloop
endfacet
facet normal 0 0 -1
outer loop
vertex 43.08360050000002 -134.53787184999993 4
vertex 64.36394750000004 -76.07058989999975 4
vertex 64.36394749999997 -76.07058830000004 0
endloop
endfacet
facet normal 0 0 -1
outer loop
vertex 43.08360050000002 -134.53787184999993 4
vertex 64.36394749999997 -76.07058830000004 0
vertex 59.4304571186498 -89.6252442000001 0
endloop
endfacet
facet normal 0 0 -1
outer loop
vertex 43.08360050000002 -134.53787184999993 4
vertex 59.4304571186498 -89.6252442000001 0
vertex 59.39109338825515 -89.7333951801777 0
endloop
endfacet
facet normal 0 0 -1
outer loop
vertex 43.08360050000002 -134.53787184999993 4
vertex 59.39109338825515 -89.7333951801777 0
vertex 59.35476042898095 -89.83321918361594 0
endloop
endfacet
facet normal 0 0 -1
outer loop
vertex 43.08360050000002 -134.53787184999993 4
vertex 59.35476042898095 -89.83321918361594 0
vertex 59.32166538000396 -89.92414709999998 0
endloop
endfacet
facet normal 0 0 -1
outer loop
vertex 43.08360050000002 -134.53787184999993 4
vertex 59.32166538000396 -89.92414709999998 0
vertex 51.653306725291046 -110.99279319999997 0
endloop
endfacet
facet normal 0 0 -1
outer loop
vertex 43.08360050000002 -134.53787184999993 4
vertex 51.653306725291046 -110.99279319999997 0
vertex 51.53074270521491 -111.3295351391619 0
endloop
endfacet
facet normal 0 0 -1
outer loop
vertex 43.08360050000002 -134.53787184999993 4
vertex 51.53074270521491 -111.3295351391619 0
vertex 51.4043373806478 -111.6768309776036 0
endloop
endfacet
facet normal 0 0 -1
outer loop
vertex 43.08360050000002 -134.53787184999993 4
vertex 51.4043373806478 -111.6768309776036 0
vertex 51.27793204809173 -112.02412683799477 0
endloop
endfacet
facet normal 0 0 -1
outer loop
vertex 43.08360050000002 -134.53787184999993 4
vertex 51.27793204809173 -112.02412683799477 0
vertex 51.15536745833583 -112.3608703423393 0
endloop
endfacet
facet normal 0 0 -1
outer loop
vertex 43.08360050000002 -134.53787184999993 4
vertex 51.15536745833583 -112.3608703423393 0
vertex 51.040367699882694 -112.67682963969762 0
endloop
endfacet
facet normal 0 0 -1
outer loop
vertex 43.08360050000002 -134.53787184999993 4
vertex 51.040367699882694 -112.67682963969762 0
vertex 50.936426900253224 -112.9624046918502 0
endloop
endfacet
facet normal 0 0 -1
outer loop
vertex 43.08360050000002 -134.53787184999993 4
vertex 50.936426900253224 -112.9624046918502 0
vertex 50.84670327517252 -113.20891837082014 0
endloop
endfacet
facet normal 0 0 -1
outer loop
vertex 43.08360050000002 -134.53787184999993 4
vertex 50.84670327517252 -113.20891837082014 0
vertex 50.773923023582235 -113.40888050520498 0
endloop
endfacet
facet normal 0 0 -1
outer loop
vertex 43.08360050000002 -134.53787184999993 4
vertex 50.773923023582235 -113.40888050520498 0
vertex 50.72029753010586 -113.55621536457507 0
endloop
endfacet
facet normal 0 0 -1
outer loop
vertex 43.08360050000002 -134.53787184999993 4
vertex 50.72029753010586 -113.55621536457507 0
vertex 50.68745613704617 -113.64644636692657 0
endloop
endfacet
facet normal 0 0 -1
outer loop
vertex 43.08360050000002 -134.53787184999993 4
vertex 50.68745613704617 -113.64644636692657 0
vertex 50.676396855445375 -113.67683149895534 0
endloop
endfacet
facet normal 0 0 -1
outer loop
vertex 43.08360050000002 -134.53787184999993 4
vertex 50.676396855445375 -113.67683149895534 0
vertex 43.08360049999999 -134.53787185 0
endloop
endfacet
facet normal 0.9643424294225568 -0.26465766343599695 0
outer loop
vertex 45.640875799997076 -133.35938775000713 4
vertex 45.554991254390075 -133.6723282871722 4
vertex 45.55499125439037 -133.67232828717087 1
endloop
endfacet
facet normal 0.9643424294225568 -0.26465766343599695 0
outer loop
vertex 45.640875799997076 -133.35938775000713 4
vertex 45.55499125439037 -133.67232828717087 1
vertex 45.64087579999722 -133.3593877500064 1
endloop
endfacet
facet normal 0.9944490376332817 -0.10521934969500535 0
outer loop
vertex 45.554991254390075 -133.6723282871722 4
vertex 45.520846329503 -133.99503877523776 4
vertex 45.52084632950323 -133.99503877523702 1
endloop
endfacet
facet normal 0.9944490376332817 -0.10521934969500535 0
outer loop
vertex 45.554991254390075 -133.6723282871722 4
vertex 45.52084632950323 -133.99503877523702 1
vertex 45.55499125439037 -133.67232828717087 1
endloop
endfacet
facet normal 0.9983748021934885 0.05698907215521729 8.928109730099894e-14
outer loop
vertex 45.520846329503 -133.99503877523776 4
vertex 45.53933995822686 -134.31902322033866 4
vertex 45.539339958227224 -134.3190232203403 1
endloop
endfacet
facet normal 0.9983748021934885 0.05698907215521729 8.928109730099894e-14
outer loop
vertex 45.520846329503 -133.99503877523776 4
vertex 45.539339958227224 -134.3190232203403 1
vertex 45.5369249670595 -134.27671570000078 1
endloop
endfacet
facet normal 0.9983748021934885 0.05698907215521729 8.928109730099894e-14
outer loop
vertex 45.520846329503 -133.99503877523776 4
vertex 45.5369249670595 -134.27671570000078 1
vertex 45.52084632950323 -133.99503877523702 1
endloop
endfacet
facet normal 0.9760163695634089 0.21769714362908701 2.3805916773186097e-15
outer loop
vertex 45.53933995822686 -134.31902322033866 4
vertex 45.60998525909483 -134.6357520893097 4
vertex 45.60998525909478 -134.63575208930945 1
endloop
endfacet
facet normal 0.9760163695634089 0.21769714362908701 2.3805916773186097e-15
outer loop
vertex 45.53933995822686 -134.31902322033866 4
vertex 45.60998525909478 -134.63575208930945 1
vertex 45.57234943996619 -134.46701686872416 1
endloop
endfacet
facet normal 0.9760163695634089 0.21769714362908701 2.3805916773186097e-15
outer loop
vertex 45.53933995822686 -134.31902322033866 4
vertex 45.57234943996619 -134.46701686872416 1
vertex 45.54061785441443 -134.3247524989918 1
endloop
endfacet
facet normal 0.9760163695634089 0.21769714362908701 2.3805916773186097e-15
outer loop
vertex 45.53933995822686 -134.31902322033866 4
vertex 45.54061785441443 -134.3247524989918 1
vertex 45.539339958227224 -134.3190232203403 1
endloop
endfacet
facet normal 0.927962369835489 0.37267390594097577 1.6877967336756223e-14
outer loop
vertex 45.60998525909483 -134.6357520893097 4
vertex 45.73092235444919 -134.9368868664353 4
vertex 45.73092235445266 -134.93688686644379 1
endloop
endfacet
facet normal 0.927962369835489 0.37267390594097577 1.6877967336756223e-14
outer loop
vertex 45.60998525909483 -134.6357520893097 4
vertex 45.73092235445266 -134.93688686644379 1
vertex 45.63500103754478 -134.69804166924627 1
endloop
endfacet
facet normal 0.927962369835489 0.37267390594097577 1.6877967336756223e-14
outer loop
vertex 45.60998525909483 -134.6357520893097 4
vertex 45.63500103754478 -134.69804166924627 1
vertex 45.60998525909478 -134.63575208930945 1
endloop
endfacet
facet normal 0.8554771659871576 0.517840533827313 -1.574796504614001e-7
outer loop
vertex 45.73092235444919 -134.9368868664353 4
vertex 45.89896733526521 -135.21449866882617 4
vertex 45.89896733525432 -135.21449958113334 1
endloop
endfacet
facet normal 0.8554771659871576 0.517840533827313 -1.574796504614001e-7
outer loop
vertex 45.73092235444919 -134.9368868664353 4
vertex 45.89896733525432 -135.21449958113334 1
vertex 45.77454296941498 -135.00894874703255 1
endloop
endfacet
facet normal 0.8554771659871576 0.517840533827313 -1.574796504614001e-7
outer loop
vertex 45.73092235444919 -134.9368868664353 4
vertex 45.77454296941498 -135.00894874703255 1
vertex 45.73092235445266 -134.93688686644379 1
endloop
endfacet
facet normal 0.7604724288695812 0.6493702217758371 1.7259041214495472e-12
outer loop
vertex 45.89896733526521 -135.21449866882617 4
vertex 46.109696084156184 -135.46128147180644 4
vertex 46.10969608415457 -135.46128147179658 1
endloop
endfacet
facet normal 0.7604724288695812 0.6493702217758371 1.7259041214495472e-12
outer loop
vertex 45.89896733526521 -135.21449866882617 4
vertex 46.10969608415457 -135.46128147179658 1
vertex 46.046941278892675 -135.3877901174508 1
endloop
endfacet
facet normal 0.7604724288695812 0.6493702217758371 1.7259041214495472e-12
outer loop
vertex 45.89896733526521 -135.21449866882617 4
vertex 46.046941278892675 -135.3877901174508 1
vertex 45.89896733525432 -135.21449958113334 1
endloop
endfacet
facet normal 0.645443797390608 0.7638077666599049 0
outer loop
vertex 46.109696084156184 -135.46128147180644 4
vertex 46.357560748739246 -135.67073568318813 4
vertex 46.3575607487514 -135.67073568319543 1
endloop
endfacet
facet normal 0.645443797390608 0.7638077666599049 0
outer loop
vertex 46.109696084156184 -135.46128147180644 4
vertex 46.3575607487514 -135.67073568319543 1
vertex 46.10969608415457 -135.46128147179658 1
endloop
endfacet
facet normal 0.5134242863035856 0.8581348974570687 -1.0392076560599685e-14
outer loop
vertex 46.357560748739246 -135.67073568318813 4
vertex 46.63603160000275 -135.8373455000013 4
vertex 46.636031600021646 -135.83734550001265 1
endloop
endfacet
facet normal 0.5134242863035856 0.8581348974570687 -1.0392076560599685e-14
outer loop
vertex 46.357560748739246 -135.67073568318813 4
vertex 46.636031600021646 -135.83734550001265 1
vertex 46.607052312975036 -135.82000711908728 1
endloop
endfacet
facet normal 0.5134242863035856 0.8581348974570687 -1.0392076560599685e-14
outer loop
vertex 46.357560748739246 -135.67073568318813 4
vertex 46.607052312975036 -135.82000711908728 1
vertex 46.3575607487514 -135.67073568319543 1
endloop
endfacet
facet normal 0.4960057500243811 0.8683192361929749 0
outer loop
vertex 111.91873649998092 -168.01581574999256 4
vertex 112.13059665932822 -168.13683559253118 4
vertex 112.1306050768993 -168.13684187369952 1
endloop
endfacet
facet normal 0.4960057500243811 0.8683192361929749 0
outer loop
vertex 111.91873649998092 -168.01581574999256 4
vertex 112.1306050768993 -168.13684187369952 1
vertex 111.91874534060844 -168.01582079998104 1
endloop
endfacet
facet normal 0 0 1
outer loop
vertex 112.13059665932822 -168.13683559253118 4
vertex 112.2929508627079 -168.25798384999996 4
vertex 112.32614404881559 -168.2827525136568 4
endloop
endfacet
facet normal 0 0 1
outer loop
vertex 112.13059665932822 -168.13683559253118 4
vertex 112.32614404881559 -168.2827525136568 4
vertex 112.32614664445407 -168.28275499621753 1
endloop
endfacet
facet normal 0 0 1
outer loop
vertex 112.13059665932822 -168.13683559253118 4
vertex 112.32614664445407 -168.28275499621753 1
vertex 112.29295086270783 -168.25798384999996 1
endloop
endfacet
facet normal 0 0 1
outer loop
vertex 112.13059665932822 -168.13683559253118 4
vertex 112.29295086270783 -168.25798384999996 1
vertex 112.29294047671392 -168.25797610000004 1
endloop
endfacet
facet normal 0 0 1
outer loop
vertex 112.13059665932822 -168.13683559253118 4
vertex 112.29294047671392 -168.25797610000004 1
vertex 112.1306050768993 -168.13684187369952 1
endloop
endfacet
facet normal 0 0 -1
outer loop
vertex 112.32614404881559 -168.2827525136568 4
vertex 112.4293016751679 -168.3814158339539 4
vertex 112.50246840847961 -168.4513948854219 4
endloop
endfacet
facet normal 0 0 -1
outer loop
vertex 112.32614404881559 -168.2827525136568 4
vertex 112.50246840847961 -168.4513948854219 4
vertex 112.50246840846367 -168.45139324771645 1
endloop
endfacet
facet normal 0 0 -1
outer loop
vertex 112.32614404881559 -168.2827525136568 4
vertex 112.50246840846367 -168.45139324771645 1
vertex 112.4293016751679 -168.3814158339539 1
endloop
endfacet
facet normal 0 0 -1
outer loop
vertex 112.32614404881559 -168.2827525136568 4
vertex 112.4293016751679 -168.3814158339539 1
vertex 112.42929408939162 -168.38140887257444 1
endloop
endfacet
facet normal 0 0 -1
outer loop
vertex 112.32614404881559 -168.2827525136568 4
vertex 112.42929408939162 -168.38140887257444 1
vertex 112.32614664445407 -168.28275499621753 1
endloop
endfacet
facet normal 0 0 -1
outer loop
vertex 112.50246840847961 -168.4513948854219 4
vertex 112.56805037069678 -168.53157293224942 4
vertex 112.65694556782498 -168.6402528655287 4
endloop
endfacet
facet normal 0 0 -1
outer loop
vertex 112.50246840847961 -168.4513948854219 4
vertex 112.65694556782498 -168.6402528655287 4
vertex 112.6569455678525 -168.6402528655666 1
endloop
endfacet
facet normal 0 0 -1
outer loop
vertex 112.50246840847961 -168.4513948854219 4
vertex 112.6569455678525 -168.6402528655666 1
vertex 112.50246840846367 -168.45139324771645 1
endloop
endfacet
facet normal 0.7254709938023025 0.6882527422041262 0
outer loop
vertex 131.05317561523594 -202.02426120367474 4
vertex 131.2883553225999 -202.27215859014512 4
vertex 131.28835532259794 -202.2721585901423 1
endloop
endfacet
facet normal 0.7254709938023025 0.6882527422041262 0
outer loop
vertex 131.05317561523594 -202.02426120367474 4
vertex 131.28835532259794 -202.2721585901423 1
vertex 131.05317561523404 -202.02426120367198 1
endloop
endfacet
facet normal 0.5977225056009584 0.801703066164844 0
outer loop
vertex 131.2883553225999 -202.27215859014512 4
vertex 131.56230162305133 -202.47640362302153 4
vertex 131.5623016230697 -202.47640362303383 1
endloop
endfacet
facet normal 0.5977225056009584 0.801703066164844 0
outer loop
vertex 131.2883553225999 -202.27215859014512 4
vertex 131.5623016230697 -202.47640362303383 1
vertex 131.28835532259794 -202.2721585901423 1
endloop
endfacet
facet normal 0.2941201773604693 0.9557684454246468 0
outer loop
vertex 131.86701784536712 -202.63103425655382 4
vertex 132.1936091243225 -202.7315367217174 4
vertex 132.19360912432683 -202.7315367217187 1
endloop
endfacet
facet normal 0.2941201773604693 0.9557684454246468 0
outer loop
vertex 131.86701784536712 -202.63103425655382 4
vertex 132.19360912432683 -202.7315367217187 1
vertex 131.86701784535214 -202.63103425654919 1
endloop
endfacet
facet normal 0.1271286873055144 0.9918862318149078 0
outer loop
vertex 132.1936091243225 -202.7315367217174 4
vertex 132.53254204740063 -202.7749772859812 4
vertex 132.53254204739693 -202.77497728598146 1
endloop
endfacet
facet normal 0.1271286873055144 0.9918862318149078 0
outer loop
vertex 132.1936091243225 -202.7315367217174 4
vertex 132.53254204739693 -202.77497728598146 1
vertex 132.19360912432683 -202.7315367217187 1
endloop
endfacet
facet normal -0.04357377205073476 0.9990502121461518 0
outer loop
vertex 132.53254204740063 -202.7749772859812 4
vertex 132.87392294154446 -202.76008789095076 4
vertex 132.87392294154662 -202.76008789095076 1
endloop
endfacet
facet normal -0.04357377205073476 0.9990502121461518 0
outer loop
vertex 132.53254204740063 -202.7749772859812 4
vertex 132.87392294154662 -202.76008789095076 1
vertex 132.53254204739693 -202.77497728598146 1
endloop
endfacet
facet normal -0.21300428458022252 0.9770512651598522 0
outer loop
vertex 132.87392294154446 -202.76008789095076 4
vertex 133.20778667582016 -202.68730316777143 4
vertex 133.20778667581544 -202.68730316777294 1
endloop
endfacet
facet normal -0.21300428458022252 0.9770512651598522 0
outer loop
vertex 132.87392294154446 -202.76008789095076 4
vertex 133.20778667581544 -202.68730316777294 1
vertex 132.87392294154662 -202.76008789095076 1
endloop
endfacet
facet normal -0.37622521503612943 0.9265282443460741 0
outer loop
vertex 133.20778667582016 -202.68730316777143 4
vertex 133.52438509999618 -202.55874550000192 4
vertex 133.52438510000013 -202.5587454999999 1
endloop
endfacet
facet normal -0.37622521503612943 0.9265282443460741 0
outer loop
vertex 133.20778667582016 -202.68730316777143 4
vertex 133.52438510000013 -202.5587454999999 1
vertex 133.20778667581544 -202.68730316777294 1
endloop
endfacet
facet normal -0.4007419714195611 0.9161909584484905 0
outer loop
vertex 162.10911295000736 -187.99409559999623 4
vertex 162.32485993195166 -187.89972785921586 4
vertex 162.32486336133022 -187.89972635920495 1
endloop
endfacet
facet normal -0.4007419714195611 0.9161909584484905 0
outer loop
vertex 162.10911295000736 -187.99409559999623 4
vertex 162.32486336133022 -187.89972635920495 1
vertex 162.10911295001546 -187.9940955999921 1
endloop
endfacet
facet normal -0.2902778295514586 0.9569424129334505 0
outer loop
vertex 162.32485993195166 -187.89972785921586 4
vertex 162.5502031702884 -187.83137249608805 4
vertex 162.55019857916392 -187.83137249608797 1
endloop
endfacet
facet normal -0.2902778295514586 0.9569424129334505 0
outer loop
vertex 162.32485993195166 -187.89972785921586 4
vertex 162.55019857916392 -187.83137249608797 1
vertex 162.32486336133022 -187.89972635920495 1
endloop
endfacet
facet normal -0.17578956390269676 0.9844277673973341 0
outer loop
vertex 162.5502031702884 -187.83137249608805 4
vertex 162.78201872990616 -187.7899771215561 4
vertex 162.78201872990743 -187.78997712155584 1
endloop
endfacet
facet normal -0.17578956390269676 0.9844277673973341 0
outer loop
vertex 162.5502031702884 -187.83137249608805 4
vertex 162.78201872990743 -187.78997712155584 1
vertex 162.55019857916392 -187.83137249608797 1
endloop
endfacet
facet normal -0.05888221007677427 0.9982649374472063 0
outer loop
vertex 162.78201872990616 -187.7899771215561 4
vertex 163.017095900011 -187.776112164502 4
vertex 163.01709590000735 -187.7761112000005 1
endloop
endfacet
facet normal -0.05888221007677427 0.9982649374472063 0
outer loop
vertex 162.78201872990616 -187.7899771215561 4
vertex 163.01709590000735 -187.7761112000005 1
vertex 162.78201872990743 -187.78997712155584 1
endloop
endfacet
facet normal 0.05886432617918462 0.9982659921601409 -3.334586966101249e-14
outer loop
vertex 170.18461135001317 -187.77611410000043 4
vertex 170.41968557006487 -187.7899756215529 4
vertex 170.41968557006558 -187.78997562155305 1
endloop
endfacet
facet normal 0.05886432617918462 0.9982659921601409 -3.334586966101249e-14
outer loop
vertex 170.18461135001317 -187.77611410000043 4
vertex 170.41968557006558 -187.78997562155305 1
vertex 170.18468615427585 -187.7761177000768 1
endloop
endfacet
facet normal 0.05886432617918462 0.9982659921601409 -3.334586966101249e-14
outer loop
vertex 170.18461135001317 -187.77611410000043 4
vertex 170.18468615427585 -187.7761177000768 1
vertex 170.1846113500126 -187.77611328911712 1
endloop
endfacet
facet normal 0.17578956390269676 0.9844277673973341 0
outer loop
vertex 170.41968557006487 -187.7899756215529 4
vertex 170.6515011297435 -187.83137099609573 4
vertex 170.65150112974376 -187.83137099609579 1
endloop
endfacet
facet normal 0.17578956390269676 0.9844277673973341 0
outer loop
vertex 170.41968557006487 -187.7899756215529 4
vertex 170.65150112974376 -187.83137099609579 1
vertex 170.41968557006558 -187.78997562155305 1
endloop
endfacet
facet normal 0.2902778295514566 0.9569424129334511 0
outer loop
vertex 170.6515011297435 -187.83137099609573 4
vertex 170.8768443680331 -187.89972785921586 4
vertex 170.87684436801896 -187.89972635920495 1
endloop
endfacet
facet normal 0.2902778295514566 0.9569424129334511 0
outer loop
vertex 170.6515011297435 -187.83137099609573 4
vertex 170.87684436801896 -187.89972635920495 1
vertex 170.65150112974376 -187.83137099609579 1
endloop
endfacet
facet normal 0.40075448129954244 0.9161854865246091 0
outer loop
vertex 170.8768443680331 -187.89972785921586 4
vertex 171.09259270001456 -187.99409820000585 4
vertex 171.09259270007598 -187.9940982000346 1
endloop
endfacet
facet normal 0.40075448129954244 0.9161854865246091 0
outer loop
vertex 170.8768443680331 -187.89972785921586 4
vertex 171.09259270007598 -187.9940982000346 1
vertex 170.87684436801896 -187.89972635920495 1
endloop
endfacet
facet normal 0.3762170631118818 0.9265315544672348 0
outer loop
vertex 199.6773167500021 -202.55875244999925 4
vertex 199.99391762419847 -202.687307867777 4
vertex 199.99391762420822 -202.68730786778102 1
endloop
endfacet
facet normal 0.3762170631118818 0.9265315544672348 0
outer loop
vertex 199.6773167500021 -202.55875244999925 4
vertex 199.99391762420822 -202.68730786778102 1
vertex 199.6773167500375 -202.55875245001366 1
endloop
endfacet
facet normal 0.21300428458027973 0.9770512651598395 0
outer loop
vertex 199.99391762419847 -202.687307867777 4
vertex 200.32778135845112 -202.76009259095133 4
vertex 200.32778135844111 -202.76009259095105 1
endloop
endfacet
facet normal 0.21300428458027973 0.9770512651598395 0
outer loop
vertex 199.99391762419847 -202.687307867777 4
vertex 200.32778135844111 -202.76009259095105 1
vertex 199.99391762420822 -202.68730786778102 1
endloop
endfacet
facet normal 0.04357377205073476 0.9990502121461518 0
outer loop
vertex 200.32778135845112 -202.76009259095133 4
vertex 200.66916225259888 -202.77498198598195 4
vertex 200.66916225259877 -202.7749819859821 1
endloop
endfacet
facet normal 0.04357377205073476 0.9990502121461518 0
outer loop
vertex 200.32778135845112 -202.76009259095133 4
vertex 200.66916225259877 -202.7749819859821 1
vertex 200.32778135844111 -202.76009259095105 1
endloop
endfacet
facet normal -0.12712868730551485 0.9918862318149076 0
outer loop
vertex 200.66916225259888 -202.77498198598195 4
vertex 201.0080951756906 -202.73154142171643 4
vertex 201.00809517569314 -202.7315414217162 1
endloop
endfacet
facet normal -0.12712868730551485 0.9918862318149076 0
outer loop
vertex 200.66916225259888 -202.77498198598195 4
vertex 201.00809517569314 -202.7315414217162 1
vertex 200.66916225259877 -202.7749819859821 1
endloop
endfacet
facet normal -0.2941201773605272 0.955768445424629 0
outer loop
vertex 201.0080951756906 -202.73154142171643 4
vertex 201.3346864546222 -202.63103895656016 4
vertex 201.33468645461633 -202.6310389565625 1
endloop
endfacet
facet normal -0.2941201773605272 0.955768445424629 0
outer loop
vertex 201.0080951756906 -202.73154142171643 4
vertex 201.33468645461633 -202.6310389565625 1
vertex 201.00809517569314 -202.7315414217162 1
endloop
endfacet
facet normal -0.4525261075999663 0.8917511547177406 0
outer loop
vertex 201.3346864546222 -202.63103895656016 4
vertex 201.63940267694926 -202.47640832302218 4
vertex 201.63940267695278 -202.47640832301974 1
endloop
endfacet
facet normal -0.4525261075999663 0.8917511547177406 0
outer loop
vertex 201.3346864546222 -202.63103895656016 4
vertex 201.63940267695278 -202.47640832301974 1
vertex 201.33468645461633 -202.6310389565625 1
endloop
endfacet
facet normal -0.597722505601012 0.8017030661648041 0
outer loop
vertex 201.63940267694926 -202.47640832302218 4
vertex 201.9133489773925 -202.27216329015184 4
vertex 201.91334897739156 -202.27216329015275 1
endloop
endfacet
facet normal -0.597722505601012 0.8017030661648041 0
outer loop
vertex 201.63940267694926 -202.47640832302218 4
vertex 201.91334897739156 -202.27216329015275 1
vertex 201.63940267695278 -202.47640832301974 1
endloop
endfacet
facet normal -0.7254709938022749 0.6882527422041554 0
outer loop
vertex 201.9133489773925 -202.27216329015184 4
vertex 202.14852868475572 -202.02426590368225 4
vertex 202.14852868475623 -202.02426590368165 1
endloop
endfacet
facet normal -0.7254709938022749 0.6882527422041554 0
outer loop
vertex 201.9133489773925 -202.27216329015184 4
vertex 202.14852868475623 -202.02426590368165 1
vertex 201.91334897739156 -202.27216329015275 1
endloop
endfacet
facet normal -0.8320446941036762 0.5547085964846046 0
outer loop
vertex 202.14852868475572 -202.02426590368225 4
vertex 202.3380735000048 -201.7399548999907 4
vertex 202.33807349999455 -201.73995490000627 1
endloop
endfacet
facet normal -0.8320446941036762 0.5547085964846046 0
outer loop
vertex 202.14852868475572 -202.02426590368225 4
vertex 202.33807349999455 -201.73995490000627 1
vertex 202.14852868475623 -202.02426590368165 1
endloop
endfacet
facet normal 0 0 1
outer loop
vertex 220.41442869999133 -168.84650540001462 4
vertex 220.50317126416385 -168.70606527580594 4
vertex 220.54476116508974 -168.64024690661273 4
endloop
endfacet
facet normal 0 0 1
outer loop
vertex 220.41442869999133 -168.84650540001462 4
vertex 220.54476116508974 -168.64024690661273 4
vertex 220.54475739969232 -168.6402528655666 1
endloop
endfacet
facet normal 0 0 1
outer loop
vertex 220.41442869999133 -168.84650540001462 4
vertex 220.54475739969232 -168.6402528655666 1
vertex 220.4144253478443 -168.8465114998979 1
endloop
endfacet
facet normal 0 0 1
outer loop
vertex 220.54476116508974 -168.64024690661273 4
vertex 220.63365770232082 -168.531569265799 4
vertex 220.69923903751362 -168.4513948854219 4
endloop
endfacet
facet normal 0 0 1
outer loop
vertex 220.54476116508974 -168.64024690661273 4
vertex 220.69923903751362 -168.4513948854219 4
vertex 220.69923903751416 -168.45139324771645 1
endloop
endfacet
facet normal 0 0 1
outer loop
vertex 220.54476116508974 -168.64024690661273 4
vertex 220.69923903751416 -168.45139324771645 1
vertex 220.54475739969232 -168.6402528655666 1
endloop
endfacet
facet normal 0 0 1
outer loop
vertex 220.69923903751362 -168.4513948854219 4
vertex 220.77241462087244 -168.38140837484826 4
vertex 220.87556333442427 -168.2827549962171 4
endloop
endfacet
facet normal 0 0 1
outer loop
vertex 220.69923903751362 -168.4513948854219 4
vertex 220.87556333442427 -168.2827549962171 4
vertex 220.8755633771921 -168.28275499621753 1
endloop
endfacet
facet normal 0 0 1
outer loop
vertex 220.69923903751362 -168.4513948854219 4
vertex 220.8755633771921 -168.28275499621753 1
vertex 220.7724058200891 -168.3814158339539 1
endloop
endfacet
facet normal 0 0 1
outer loop
vertex 220.69923903751362 -168.4513948854219 4
vertex 220.7724058200891 -168.3814158339539 1
vertex 220.69923903751416 -168.45139324771645 1
endloop
endfacet
facet normal 0 0 -1
outer loop
vertex 220.87556333442427 -168.2827549962171 4
vertex 220.90877096625798 -168.25797610000004 4
vertex 221.07110994835858 -168.1368418736993 4
endloop
endfacet
facet normal 0 0 -1
outer loop
vertex 220.87556333442427 -168.2827549962171 4
vertex 221.07110994835858 -168.1368418736993 4
vertex 221.07110994835824 -168.13684187369952 1
endloop
endfacet
facet normal 0 0 -1
outer loop
vertex 220.87556333442427 -168.2827549962171 4
vertex 221.07110994835824 -168.13684187369952 1
vertex 220.9087605800349 -168.25798384999996 1
endloop
endfacet
facet normal 0 0 -1
outer loop
vertex 220.87556333442427 -168.2827549962171 4
vertex 220.9087605800349 -168.25798384999996 1
vertex 220.8755633771921 -168.28275499621753 1
endloop
endfacet
facet normal -0.49601433427881764 0.8683143325949926 -2.322739634579986e-7
outer loop
vertex 221.07110994835858 -168.1368418736993 4
vertex 221.2829674000324 -168.0158207999829 4
vertex 221.28297764531294 -168.01581574998664 1
endloop
endfacet
facet normal -0.49601433427881764 0.8683143325949926 -2.322739634579986e-7
outer loop
vertex 221.07110994835858 -168.1368418736993 4
vertex 221.28297764531294 -168.01581574998664 1
vertex 221.28296740003572 -168.01582079998104 1
endloop
endfacet
facet normal -0.49601433427881764 0.8683143325949926 -2.322739634579986e-7
outer loop
vertex 221.07110994835858 -168.1368418736993 4
vertex 221.28296740003572 -168.01582079998104 1
vertex 221.07112094406546 -168.1368355925313 1
endloop
endfacet
facet normal -0.49601433427881764 0.8683143325949926 -2.322739634579986e-7
outer loop
vertex 221.07110994835858 -168.1368418736993 4
vertex 221.07112094406546 -168.1368355925313 1
vertex 221.07110994835824 -168.13684187369952 1
endloop
endfacet
facet normal -0.513431563006007 0.8581305437456521 -1.0007072257363239e-14
outer loop
vertex 286.5656820000603 -135.83735109996655 4
vertex 286.8441545712727 -135.6707370474381 4
vertex 286.8441545712621 -135.6707370474445 1
endloop
endfacet
facet normal -0.513431563006007 0.8581305437456521 -1.0007072257363239e-14
outer loop
vertex 286.5656820000603 -135.83735109996655 4
vertex 286.8441545712621 -135.6707370474445 1
vertex 286.59467008892534 -135.82000711908728 1
endloop
endfacet
facet normal -0.513431563006007 0.8581305437456521 -1.0007072257363239e-14
outer loop
vertex 286.5656820000603 -135.83735109996655 4
vertex 286.59467008892534 -135.82000711908728 1
vertex 286.56568200006694 -135.8373510999626 1
endloop
endfacet
facet normal -0.6454503803740274 0.7638022037641835 0
outer loop
vertex 286.8441545712727 -135.6707370474381 4
vertex 287.0920165837879 -135.46128147180644 4
vertex 287.0920165837964 -135.46128147179658 1
endloop
endfacet
facet normal -0.6454503803740274 0.7638022037641835 0
outer loop
vertex 286.8441545712727 -135.6707370474381 4
vertex 287.0920165837964 -135.46128147179658 1
vertex 286.8441545712621 -135.6707370474445 1
endloop
endfacet
facet normal -0.7604765521746507 0.6493653929741843 -1.974736981063111e-7
outer loop
vertex 287.0920165837879 -135.46128147180644 4
vertex 287.3027426231093 -135.21449866882617 4
vertex 287.3027426231098 -135.21449958113334 1
endloop
endfacet
facet normal -0.7604765521746507 0.6493653929741843 -1.974736981063111e-7
outer loop
vertex 287.0920165837879 -135.46128147180644 4
vertex 287.3027426231098 -135.21449958113334 1
vertex 287.15477031634657 -135.3877901174508 1
endloop
endfacet
facet normal -0.7604765521746507 0.6493653929741843 -1.974736981063111e-7
outer loop
vertex 287.0920165837879 -135.46128147180644 4
vertex 287.15477031634657 -135.3877901174508 1
vertex 287.0920165837964 -135.46128147179658 1
endloop
endfacet
facet normal -0.8554818069437405 0.5178328668482022 -2.115087750589436e-7
outer loop
vertex 287.3027426231093 -135.21449866882617 4
vertex 287.4707842042816 -134.9368868664353 4
vertex 287.4707849459945 -134.93688686644379 1
endloop
endfacet
facet normal -0.8554818069437405 0.5178328668482022 -2.115087750589436e-7
outer loop
vertex 287.3027426231093 -135.21449866882617 4
vertex 287.4707849459945 -134.93688686644379 1
vertex 287.42716432843486 -135.00894874703255 1
endloop
endfacet
facet normal -0.8554818069437405 0.5178328668482022 -2.115087750589436e-7
outer loop
vertex 287.3027426231093 -135.21449866882617 4
vertex 287.42716432843486 -135.00894874703255 1
vertex 287.3027426231098 -135.21449958113334 1
endloop
endfacet
facet normal -0.9279642428483934 0.3726692420831209 2.1214246419658066e-9
outer loop
vertex 287.4707842042816 -134.9368868664353 4
vertex 287.5917195420612 -134.6357520893097 4
vertex 287.59171953520297 -134.63575208930945 1
endloop
endfacet
facet normal -0.9279642428483934 0.3726692420831209 2.1214246419658066e-9
outer loop
vertex 287.4707842042816 -134.9368868664353 4
vertex 287.59171953520297 -134.63575208930945 1
vertex 287.56670384304994 -134.69804166924627 1
endloop
endfacet
facet normal -0.9279642428483934 0.3726692420831209 2.1214246419658066e-9
outer loop
vertex 287.4707842042816 -134.9368868664353 4
vertex 287.56670384304994 -134.69804166924627 1
vertex 287.4707849459945 -134.93688686644379 1
endloop
endfacet
facet normal -0.9760177943325821 0.21769075576643232 3.165715322550134e-8
outer loop
vertex 287.5917195420612 -134.6357520893097 4
vertex 287.66236266686866 -134.31902322033866 4
vertex 287.66236256956324 -134.3190232203403 1
endloop
endfacet
facet normal -0.9760177943325821 0.21769075576643232 3.165715322550134e-8
outer loop
vertex 287.5917195420612 -134.6357520893097 4
vertex 287.66236256956324 -134.3190232203403 1
vertex 287.66108462111896 -134.3247524989918 1
endloop
endfacet
facet normal -0.9760177943325821 0.21769075576643232 3.165715322550134e-8
outer loop
vertex 287.5917195420612 -134.6357520893097 4
vertex 287.66108462111896 -134.3247524989918 1
vertex 287.62935399046614 -134.46701686872416 1
endloop
endfacet
facet normal -0.9760177943325821 0.21769075576643232 3.165715322550134e-8
outer loop
vertex 287.5917195420612 -134.6357520893097 4
vertex 287.62935399046614 -134.46701686872416 1
vertex 287.59171953520297 -134.63575208930945 1
endloop
endfacet
facet normal -0.9983751529666133 0.05698292673153241 1.7008059898326074e-8
outer loop
vertex 287.66236266686866 -134.31902322033866 4
vertex 287.68085429483284 -133.99503877523776 4
vertex 287.68085424372566 -133.99503877523702 1
endloop
endfacet
facet normal -0.9983751529666133 0.05698292673153241 1.7008059898326074e-8
outer loop
vertex 287.66236266686866 -134.31902322033866 4
vertex 287.68085424372566 -133.99503877523702 1
vertex 287.6647772897259 -134.27671570000078 1
endloop
endfacet
facet normal -0.9983751529666133 0.05698292673153241 1.7008059898326074e-8
outer loop
vertex 287.66236266686866 -134.31902322033866 4
vertex 287.6647772897259 -134.27671570000078 1
vertex 287.66236256956324 -134.3190232203403 1
endloop
endfacet
facet normal -0.9944484818780976 -0.10522460211541321 0
outer loop
vertex 287.68085429483284 -133.99503877523776 4
vertex 287.64670777084183 -133.6723301622435 4
vertex 287.6467077310293 -133.67233016224202 1
endloop
endfacet
facet normal -0.9944484818780976 -0.10522460211541321 0
outer loop
vertex 287.68085429483284 -133.99503877523776 4
vertex 287.6467077310293 -133.67233016224202 1
vertex 287.68085424372566 -133.99503877523702 1
endloop
endfacet
facet normal -0.9643425142884626 -0.26465735420691816 0
outer loop
vertex 287.64670777084183 -133.6723301622435 4
vertex 287.5608240000102 -133.359392200039 4
vertex 287.56082400000986 -133.3593922000381 1
endloop
endfacet
facet normal -0.9643425142884626 -0.26465735420691816 0
outer loop
vertex 287.64670777084183 -133.6723301622435 4
vertex 287.56082400000986 -133.3593922000381 1
vertex 287.6467077310293 -133.67233016224202 1
endloop
endfacet
facet normal -0.9113365782602233 -0.411662047224356 0
outer loop
vertex 267.6424244499867 -78.63401264996855 4
vertex 267.51869772649263 -78.36010668854047 4
vertex 267.5186977264923 -78.36010668853697 1
endloop
endfacet
facet normal -0.9113365782602233 -0.411662047224356 0
outer loop
vertex 267.6424244499867 -78.63401264996855 4
vertex 267.5186977264923 -78.36010668853697 1
vertex 267.64242444998143 -78.63401264995414 1
endloop
endfacet
facet normal -0.8393576521580247 -0.5435795542179345 0
outer loop
vertex 267.51869772649263 -78.36010668854047 4
vertex 267.35532265307745 -78.10783428981091 4
vertex 267.35532265310053 -78.10783428984352 1
endloop
endfacet
facet normal -0.8393576521580247 -0.5435795542179345 0
outer loop
vertex 267.51869772649263 -78.36010668854047 4
vertex 267.35532265310053 -78.10783428984352 1
vertex 267.5186977264923 -78.36010668853697 1
endloop
endfacet
facet normal -0.7484233489806182 -0.6632212984371323 0
outer loop
vertex 267.35532265307745 -78.10783428981091 4
vertex 267.15598876066747 -77.88289257024559 4
vertex 267.15598876064973 -77.88289257023212 1
endloop
endfacet
facet normal -0.7484233489806182 -0.6632212984371323 0
outer loop
vertex 267.35532265307745 -78.10783428981091 4
vertex 267.15598876064973 -77.88289257023212 1
vertex 267.35532265310053 -78.10783428984352 1
endloop
endfacet
facet normal -0.640587255779096 -0.7678853871076118 0
outer loop
vertex 267.15598876066747 -77.88289257024559 4
vertex 266.92519764549667 -77.69036143264663 4
vertex 266.9251976454967 -77.69036143264798 1
endloop
endfacet
facet normal -0.640587255779096 -0.7678853871076118 0
outer loop
vertex 267.15598876066747 -77.88289257024559 4
vertex 266.9251976454967 -77.69036143264798 1
vertex 267.15598876064973 -77.88289257023212 1
endloop
endfacet
facet normal -0.5182846560154881 -0.85520817076248 0
outer loop
vertex 266.92519764549667 -77.69036143264663 4
vertex 266.6681613080398 -77.53458884499284 4
vertex 266.668161308069 -77.53458884501188 1
endloop
endfacet
facet normal -0.5182846560154881 -0.85520817076248 0
outer loop
vertex 266.92519764549667 -77.69036143264663 4
vertex 266.668161308069 -77.53458884501188 1
vertex 266.9251976454967 -77.69036143264798 1
endloop
endfacet
facet normal -0.3842752707475689 -0.9232185636629512 0
outer loop
vertex 266.6681613080398 -77.53458884499284 4
vertex 266.39068890004637 -77.41909530001513 4
vertex 266.3906888999335 -77.41909529997504 1
endloop
endfacet
facet normal -0.3842752707475689 -0.9232185636629512 0
outer loop
vertex 266.6681613080398 -77.53458884499284 4
vertex 266.3906888999335 -77.41909529997504 1
vertex 266.668161308069 -77.53458884501188 1
endloop
endfacet
facet normal -0.2699015063231549 -0.9628879357871778 0
outer loop
vertex 244.50148149995655 -70.18410449998547 4
vertex 244.32455390971924 -70.13451095816157 4
vertex 244.32455390973476 -70.13451095816438 1
endloop
endfacet
facet normal -0.2699015063231549 -0.9628879357871778 0
outer loop
vertex 244.50148149995655 -70.18410449998547 4
vertex 244.32455390973476 -70.13451095816438 1
vertex 244.5014814999764 -70.18410449998947 1
endloop
endfacet
facet normal -0.1803697707024235 -0.9835988744487029 0
outer loop
vertex 244.32455390971924 -70.13451095816157 4
vertex 244.14382300003012 -70.10136900000536 4
vertex 244.14382300003015 -70.10136900000535 1
endloop
endfacet
facet normal -0.1803697707024235 -0.9835988744487029 0
outer loop
vertex 244.32455390971924 -70.13451095816157 4
vertex 244.14382300003015 -70.10136900000535 1
vertex 244.32455390973476 -70.13451095816438 1
endloop
endfacet
facet normal -0.07476935520492134 -0.997200854152382 0
outer loop
vertex 223.5417626499894 -67.29441509999964 4
vertex 223.30034837445774 -67.27631404278172 4
vertex 223.30034837445686 -67.27631404278202 1
endloop
endfacet
facet normal -0.07476935520492134 -0.997200854152382 0
outer loop
vertex 223.5417626499894 -67.29441509999964 4
vertex 223.30034837445686 -67.27631404278202 1
vertex 223.54176264999577 -67.29441510000048 1
endloop
endfacet
facet normal 0.04626426770492741 -0.9989292354985546 0
outer loop
vertex 223.30034837445774 -67.27631404278172 4
vertex 223.05851567176157 -67.28751424846172 4
vertex 223.05851567176754 -67.28751424846169 1
endloop
endfacet
facet normal 0.04626426770492741 -0.9989292354985546 0
outer loop
vertex 223.30034837445774 -67.27631404278172 4
vertex 223.05851567176754 -67.28751424846169 1
vertex 223.30034837445686 -67.27631404278202 1
endloop
endfacet
facet normal 0.16662002077316646 -0.9860211806434737 0
outer loop
vertex 223.05851567176157 -67.28751424846172 4
vertex 222.81980790488387 -67.3278516102311 4
vertex 222.8198079048766 -67.3278516102333 1
endloop
endfacet
facet normal 0.16662002077316646 -0.9860211806434737 0
outer loop
vertex 223.05851567176157 -67.28751424846172 4
vertex 222.8198079048766 -67.3278516102333 1
vertex 223.05851567176754 -67.28751424846169 1
endloop
endfacet
facet normal 0.28451882039789134 -0.9586704547650317 0
outer loop
vertex 222.81980790488387 -67.3278516102311 4
vertex 222.58772529999263 -67.39673020000124 4
vertex 222.58772529999166 -67.39673020000157 1
endloop
endfacet
facet normal 0.28451882039789134 -0.9586704547650317 0
outer loop
vertex 222.81980790488387 -67.3278516102311 4
vertex 222.58772529999166 -67.39673020000157 1
vertex 222.8198079048766 -67.3278516102333 1
endloop
endfacet
facet normal 0.3982688126877451 -0.9172687462463189 0
outer loop
vertex 201.9035536999959 -74.9251475500002 4
vertex 201.68148954744 -75.0215655591615 4
vertex 201.68148954744453 -75.02156555915951 1
endloop
endfacet
facet normal 0.3982688126877451 -0.9172687462463189 0
outer loop
vertex 201.9035536999959 -74.9251475500002 4
vertex 201.68148954744453 -75.02156555915951 1
vertex 201.9035536999952 -74.92514755000047 1
endloop
endfacet
facet normal 0.5061795808171055 -0.8624281024896044 0
outer loop
vertex 201.68148954744 -75.0215655591615 4
vertex 201.47270191948851 -75.1441079875578 4
vertex 201.47270191948473 -75.14410798756069 1
endloop
endfacet
facet normal 0.5061795808171055 -0.8624281024896044 0
outer loop
vertex 201.68148954744 -75.0215655591615 4
vertex 201.47270191948473 -75.14410798756069 1
vertex 201.68148954744453 -75.02156555915951 1
endloop
endfacet
facet normal 0.6066736892635738 -0.7949509637426228 0
outer loop
vertex 201.47270191948851 -75.1441079875578 4
vertex 201.28025002051328 -75.29097931532802 4
vertex 201.2802500205148 -75.29097931532684 1
endloop
endfacet
facet normal 0.6066736892635738 -0.7949509637426228 0
outer loop
vertex 201.47270191948851 -75.1441079875578 4
vertex 201.2802500205148 -75.29097931532684 1
vertex 201.47270191948473 -75.14410798756069 1
endloop
endfacet
facet normal 0.6982811290109565 -0.715823626927181 0
outer loop
vertex 201.28025002051328 -75.29097931532802 4
vertex 201.10695740000787 -75.4600250999932 4
vertex 201.10695740000585 -75.46002509999548 1
endloop
endfacet
facet normal 0.6982811290109565 -0.715823626927181 0
outer loop
vertex 201.28025002051328 -75.29097931532802 4
vertex 201.10695740000585 -75.46002509999548 1
vertex 201.2802500205148 -75.29097931532684 1
endloop
endfacet
facet normal 0.7143390303976073 -0.6997997925482733 0
outer loop
vertex 187.1585770000365 -90.82059404996123 4
vertex 187.05263010243263 -90.92874213018915 4
vertex 187.05263010243294 -90.92874213018882 1
endloop
endfacet
facet normal 0.7143390303976073 -0.6997997925482733 0
outer loop
vertex 187.1585770000365 -90.82059404996123 4
vertex 187.05263010243294 -90.92874213018882 1
vertex 187.15857700003798 -90.82059404995972 1
endloop
endfacet
facet normal 0.6593568901960823 -0.7518300947361388 0
outer loop
vertex 187.05263010243263 -90.92874213018915 4
vertex 186.93880602466442 -91.02856613360713 4
vertex 186.93880602466422 -91.02856613360727 1
endloop
endfacet
facet normal 0.6593568901960823 -0.7518300947361388 0
outer loop
vertex 187.05263010243263 -90.92874213018915 4
vertex 186.93880602466422 -91.02856613360727 1
vertex 187.05263010243294 -90.92874213018882 1
endloop
endfacet
facet normal 0.6006040966256606 -0.7995465709491063 0
outer loop
vertex 186.93880602466442 -91.02856613360713 4
vertex 186.81775399999518 -91.11949810000262 4
vertex 186.81775400000166 -91.11949809999774 1
endloop
endfacet
facet normal 0.6006040966256606 -0.7995465709491063 0
outer loop
vertex 186.93880602466442 -91.02856613360713 4
vertex 186.81775400000166 -91.11949809999774 1
vertex 186.93880602466422 -91.02856613360727 1
endloop
endfacet
facet normal 0.6353642947431971 -0.7722125439058082 0
outer loop
vertex 172.1280529000026 -101.30766224999745 4
vertex 171.87476772683243 -101.51606129335694 4
vertex 171.87476772683385 -101.5160601933873 1
endloop
endfacet
facet normal 0.6353642947431971 -0.7722125439058082 0
outer loop
vertex 172.1280529000026 -101.30766224999745 4
vertex 171.87476772683385 -101.5160601933873 1
vertex 172.12805290000134 -101.30766229998005 1
endloop
endfacet
facet normal 0.7530360501177035 -0.6579792604809588 -2.412639646674018e-7
outer loop
vertex 171.87476772683243 -101.51606129335694 4
vertex 171.658950990561 -101.76305659000555 4
vertex 171.65895099056027 -101.76305548998404 1
endloop
endfacet
facet normal 0.7530360501177035 -0.6579792604809588 -2.412639646674018e-7
outer loop
vertex 171.87476772683243 -101.51606129335694 4
vertex 171.65895099056027 -101.76305548998404 1
vertex 171.83976402196862 -101.55612190504033 1
endloop
endfacet
facet normal 0.7530360501177035 -0.6579792604809588 -2.412639646674018e-7
outer loop
vertex 171.87476772683243 -101.51606129335694 4
vertex 171.83976402196862 -101.55612190504033 1
vertex 171.87476772683385 -101.5160601933873 1
endloop
endfacet
facet normal 0.8504542344461259 -0.5260490424975763 -1.92881309237592e-7
outer loop
vertex 171.658950990561 -101.76305659000555 4
vertex 171.4864072733205 -102.04200498283517 4
vertex 171.48640727332156 -102.04200388285251 1
endloop
endfacet
facet normal 0.8504542344461259 -0.5260490424975763 -1.92881309237592e-7
outer loop
vertex 171.658950990561 -101.76305659000555 4
vertex 171.48640727332156 -102.04200388285251 1
vertex 171.49686096650876 -102.02510468091273 1
endloop
endfacet
facet normal 0.8504542344461259 -0.5260490424975763 -1.92881309237592e-7
outer loop
vertex 171.658950990561 -101.76305659000555 4
vertex 171.49686096650876 -102.02510468091273 1
vertex 171.65895099056027 -101.76305548998404 1
endloop
endfacet
facet normal 0.9249986994403282 -0.3799702699339797 0
outer loop
vertex 171.4864072733205 -102.04200498283517 4
vertex 171.3617772911007 -102.3454039079264 4
vertex 171.36177729109986 -102.34540280792604 1
endloop
endfacet
facet normal 0.9249986994403282 -0.3799702699339797 0
outer loop
vertex 171.4864072733205 -102.04200498283517 4
vertex 171.36177729109986 -102.34540280792604 1
vertex 171.48640727332156 -102.04200388285251 1
endloop
endfacet
facet normal 0.9746643379564928 -0.22367259178502777 3.115009011676465e-13
outer loop
vertex 171.3617772911007 -102.3454039079264 4
vertex 171.28841307756946 -102.66509208268434 4
vertex 171.28841307756946 -102.66509208268852 1
endloop
endfacet
facet normal 0.9746643379564928 -0.22367259178502777 3.115009011676465e-13
outer loop
vertex 171.3617772911007 -102.3454039079264 4
vertex 171.28841307756946 -102.66509208268852 1
vertex 171.33609372845925 -102.45732168255022 1
endloop
endfacet
facet normal 0.9746643379564928 -0.22367259178502777 3.115009011676465e-13
outer loop
vertex 171.3617772911007 -102.3454039079264 4
vertex 171.33609372845925 -102.45732168255022 1
vertex 171.36177729109986 -102.34540280792604 1
endloop
endfacet
facet normal 0.9981158475229817 -0.06135759874278012 8.46825408800182e-15
outer loop
vertex 171.28841307756946 -102.66509208268434 4
vertex 171.26828782818626 -102.9924733811105 4
vertex 171.26828782818637 -102.99247338110906 1
endloop
endfacet
facet normal 0.9981158475229817 -0.06135759874278012 8.46825408800182e-15
outer loop
vertex 171.28841307756946 -102.66509208268434 4
vertex 171.26828782818637 -102.99247338110906 1
vertex 171.27789682689118 -102.83616305296509 1
endloop
endfacet
facet normal 0.9981158475229817 -0.06135759874278012 8.46825408800182e-15
outer loop
vertex 171.28841307756946 -102.66509208268434 4
vertex 171.27789682689118 -102.83616305296509 1
vertex 171.28841307756946 -102.66509208268852 1
endloop
endfacet
facet normal 0.9645726458071505 0.26381738183939546 2.889766415158701e-14
outer loop
vertex 171.30194282934517 -103.31874149342553 4
vertex 171.3884757999874 -103.6351244999582 4
vertex 171.38847579998767 -103.6351244999589 1
endloop
endfacet
facet normal 0.9645726458071505 0.26381738183939546 2.889766415158701e-14
outer loop
vertex 171.30194282934517 -103.31874149342553 4
vertex 171.38847579998767 -103.6351244999589 1
vertex 171.37022505127004 -103.56839610000016 1
endloop
endfacet
facet normal 0.9645726458071505 0.26381738183939546 2.889766415158701e-14
outer loop
vertex 171.30194282934517 -103.31874149342553 4
vertex 171.37022505127004 -103.56839610000016 1
vertex 171.35708660425033 -103.52035930100729 1
endloop
endfacet
facet normal 0.9645726458071505 0.26381738183939546 2.889766415158701e-14
outer loop
vertex 171.30194282934517 -103.31874149342553 4
vertex 171.35708660425033 -103.52035930100729 1
vertex 171.31817616634055 -103.37809493127756 1
endloop
endfacet
facet normal 0.9645726458071505 0.26381738183939546 2.889766415158701e-14
outer loop
vertex 171.30194282934517 -103.31874149342553 4
vertex 171.31817616634055 -103.37809493127756 1
vertex 171.3019428293457 -103.31874259344023 1
endloop
endfacet
facet normal 0.9659255539024095 0.25882006166123067 -8.626740257707145e-9
outer loop
vertex 173.81747634999175 -110.30875289999989 4
vertex 173.90770647388388 -110.64549488916325 4
vertex 173.90770647388388 -110.64549498915635 1
endloop
endfacet
facet normal 0.9659255539024095 0.25882006166123067 -8.626740257707145e-9
outer loop
vertex 173.81747634999175 -110.30875289999989 4
vertex 173.90770647388388 -110.64549498915635 1
vertex 173.88567431135587 -110.56326983127865 1
endloop
endfacet
facet normal 0.9659255539024095 0.25882006166123067 -8.626740257707145e-9
outer loop
vertex 173.81747634999175 -110.30875289999989 4
vertex 173.88567431135587 -110.56326983127865 1
vertex 173.82377140858839 -110.33224503075488 1
endloop
endfacet
facet normal 0.9659255539024095 0.25882006166123067 -8.626740257707145e-9
outer loop
vertex 173.81747634999175 -110.30875289999989 4
vertex 173.82377140858839 -110.33224503075488 1
vertex 173.8174763499913 -110.30875154996784 1
endloop
endfacet
facet normal 0.9961946778041704 0.08715597463539304 -2.9052584053722852e-9
outer loop
vertex 173.90770647388388 -110.64549488916325 4
vertex 173.9380910040981 -110.9927907276141 4
vertex 173.93809108042203 -110.99279170000014 1
endloop
endfacet
facet normal 0.9961946778041704 0.08715597463539304 -2.9052584053722852e-9
outer loop
vertex 173.90770647388388 -110.64549488916325 4
vertex 173.93809108042203 -110.99279170000014 1
vertex 173.91716192498131 -110.75357100000036 1
endloop
endfacet
facet normal 0.9961946778041704 0.08715597463539304 -2.9052584053722852e-9
outer loop
vertex 173.90770647388388 -110.64549488916325 4
vertex 173.91716192498131 -110.75357100000036 1
vertex 173.91295923837035 -110.7055342010084 1
endloop
endfacet
facet normal 0.9961946778041704 0.08715597463539304 -2.9052584053722852e-9
outer loop
vertex 173.90770647388388 -110.64549488916325 4
vertex 173.91295923837035 -110.7055342010084 1
vertex 173.90770647388388 -110.64549498915635 1
endloop
endfacet
facet normal 0 0 -1
outer loop
vertex 173.9380910040981 -110.9927907276141 4
vertex 173.9086298604743 -111.3295350391622 4
vertex 173.90770672477535 -111.34008658798773 4
endloop
endfacet
facet normal 0 0 -1
outer loop
vertex 173.9380910040981 -110.9927907276141 4
vertex 173.90770672477535 -111.34008658798773 4
vertex 173.9077067247754 -111.34008658798722 1
endloop
endfacet
facet normal 0 0 -1
outer loop
vertex 173.9380910040981 -110.9927907276141 4
vertex 173.9077067247754 -111.34008658798722 1
vertex 173.93809108042203 -110.99279170000014 1
endloop
endfacet
facet normal 0.9659260194955005 -0.25881832404522304 0
outer loop
vertex 173.90770672477535 -111.34008658798773 4
vertex 173.81747684414995 -111.67683087760324 4
vertex 173.8174766337413 -111.67683097760349 1
endloop
endfacet
facet normal 0.9659260194955005 -0.25881832404522304 0
outer loop
vertex 173.90770672477535 -111.34008658798773 4
vertex 173.8174766337413 -111.67683097760349 1
vertex 173.9077067247754 -111.34008658798722 1
endloop
endfacet
facet normal 0.9063082110720417 -0.4226173523926763 0
outer loop
vertex 173.81747684414995 -111.67683087760324 4
vertex 173.67014294345176 -111.99278948971451 4
vertex 173.67014294345304 -111.99278948972501 1
endloop
endfacet
facet normal 0.9063082110720417 -0.4226173523926763 0
outer loop
vertex 173.81747684414995 -111.67683087760324 4
vertex 173.67014294345304 -111.99278948972501 1
vertex 173.8174766337413 -111.67683097760349 1
endloop
endfacet
facet normal 0 0 -1
outer loop
vertex 173.67014294345176 -111.99278948971451 4
vertex 173.64820042483015 -112.0241267379949 4
vertex 173.4701816755419 -112.27836454183176 4
endloop
endfacet
facet normal 0 0 -1
outer loop
vertex 173.67014294345176 -111.99278948971451 4
vertex 173.4701816755419 -112.27836454183176 4
vertex 173.47018167554114 -112.27836454182102 1
endloop
endfacet
facet normal 0 0 -1
outer loop
vertex 173.67014294345176 -111.99278948971451 4
vertex 173.47018167554114 -112.27836454182102 1
vertex 173.67014294345304 -111.99278948972501 1
endloop
endfacet
facet normal 0 0 1
outer loop
vertex 173.22366874453186 -112.52487822082414 4
vertex 173.00666044788554 -112.67682963969757 4
vertex 172.9380942991005 -112.72484035521208 4
endloop
endfacet
facet normal 0 0 1
outer loop
vertex 173.22366874453186 -112.52487822082414 4
vertex 172.9380942991005 -112.72484035521208 4
vertex 172.93809429909817 -112.72484035521774 1
endloop
endfacet
facet normal 0 0 1
outer loop
vertex 173.22366874453186 -112.52487822082414 4
vertex 172.93809429909817 -112.72484035521774 1
vertex 173.2236687445346 -112.5248782208155 1
endloop
endfacet
facet normal 0.4226201022682122 -0.9063069287823006 0
outer loop
vertex 172.9380942991005 -112.72484035521208 4
vertex 172.6221353487706 -112.87217531457443 4.000000000000002
vertex 172.6221353487706 -112.87217531457443 1
endloop
endfacet
facet normal 0.4226201022682122 -0.9063069287823006 0
outer loop
vertex 172.9380942991005 -112.72484035521208 4
vertex 172.6221353487706 -112.87217531457443 1
vertex 172.93809429909817 -112.72484035521774 1
endloop
endfacet
facet normal -0.08715827758504703 -0.9961944763189605 0
outer loop
vertex 161.26360985001227 -112.99279145000081 4
vertex 160.91630876340716 -112.96240469185007 4
vertex 160.9163087634078 -112.96240469185007 1
endloop
endfacet
facet normal -0.08715827758504703 -0.9961944763189605 0
outer loop
vertex 161.26360985001227 -112.99279145000081 4
vertex 160.9163087634078 -112.96240469185007 1
vertex 161.26361051729134 -112.99279150838184 1
endloop
endfacet
facet normal -0.25882125481110996 -0.9659252341967273 0
outer loop
vertex 160.91630876340716 -112.96240469185007 4
vertex 160.57957085120083 -112.87217521456324 4
vertex 160.5795708512 -112.87217521456286 1
endloop
endfacet
facet normal -0.25882125481110996 -0.9659252341967273 0
outer loop
vertex 160.91630876340716 -112.96240469185007 4
vertex 160.5795708512 -112.87217521456286 1
vertex 160.9163087634078 -112.96240469185007 1
endloop
endfacet
facet normal -0.4226201022682122 -0.9063069287823006 0
outer loop
vertex 160.57957085120083 -112.87217521456324 4
vertex 160.2636119009179 -112.72484035521208 4
vertex 160.26361190093002 -112.72484035521774 1
endloop
endfacet
facet normal -0.4226201022682122 -0.9063069287823006 0
outer loop
vertex 160.57957085120083 -112.87217521456324 4
vertex 160.26361190093002 -112.72484035521774 1
vertex 160.5795708512 -112.87217521456286 1
endloop
endfacet
facet normal 0 0 1
outer loop
vertex 160.2636119009179 -112.72484035521208 4
vertex 160.19504575213017 -112.67682963969757 4
vertex 159.97803745547532 -112.52487822082414 4
endloop
endfacet
facet normal 0 0 1
outer loop
vertex 160.2636119009179 -112.72484035521208 4
vertex 159.97803745547532 -112.52487822082414 4
vertex 159.978037455467 -112.5248782208155 1
endloop
endfacet
facet normal 0 0 1
outer loop
vertex 160.2636119009179 -112.72484035521208 4
vertex 159.978037455467 -112.5248782208155 1
vertex 160.26361190093002 -112.72484035521774 1
endloop
endfacet
facet normal 0 0 -1
outer loop
vertex 159.97803745547532 -112.52487822082414 4
vertex 159.81402997461487 -112.36087024233919 4
vertex 159.73152452444197 -112.27836454183176 4
endloop
endfacet
facet normal 0 0 -1
outer loop
vertex 159.97803745547532 -112.52487822082414 4
vertex 159.73152452444197 -112.27836454183176 4
vertex 159.7315245244315 -112.27836454182102 1
endloop
endfacet
facet normal 0 0 -1
outer loop
vertex 159.97803745547532 -112.52487822082414 4
vertex 159.7315245244315 -112.27836454182102 1
vertex 159.978037455467 -112.5248782208155 1
endloop
endfacet
facet normal -0.9659260194955005 -0.25881832404522304 0
outer loop
vertex 159.38422935584393 -111.67683087760324 4
vertex 159.29399947522455 -111.34008658798773 4
vertex 159.29399946801777 -111.34008658798722 1
endloop
endfacet
facet normal -0.9659260194955005 -0.25881832404522304 0
outer loop
vertex 159.38422935584393 -111.67683087760324 4
vertex 159.29399946801777 -111.34008658798722 1
vertex 159.38422976865357 -111.67683097760349 1
endloop
endfacet
facet normal 0 0 1
outer loop
vertex 159.29399947522455 -111.34008658798773 4
vertex 159.2930763395256 -111.3295350391622 4
vertex 159.26361541220575 -110.99279319999984 4
endloop
endfacet
facet normal 0 0 1
outer loop
vertex 159.29399947522455 -111.34008658798773 4
vertex 159.26361541220575 -110.99279319999984 4
vertex 159.26361528097354 -110.99279170000014 1
endloop
endfacet
facet normal 0 0 1
outer loop
vertex 159.29399947522455 -111.34008658798773 4
vertex 159.26361528097354 -110.99279170000014 1
vertex 159.29399946801777 -111.34008658798722 1
endloop
endfacet
facet normal -0.9961947855444346 0.08715474315307226 1.3423325906857414e-14
outer loop
vertex 159.26361541220575 -110.99279319999984 4
vertex 159.29399972611472 -110.64549488916325 4
vertex 159.29399971736652 -110.64549498915635 1
endloop
endfacet
facet normal -0.9961947855444346 0.08715474315307226 1.3423325906857414e-14
outer loop
vertex 159.26361541220575 -110.99279319999984 4
vertex 159.29399971736652 -110.64549498915635 1
vertex 159.28874695288005 -110.7055342010084 1
endloop
endfacet
facet normal -0.9961947855444346 0.08715474315307226 1.3423325906857414e-14
outer loop
vertex 159.26361541220575 -110.99279319999984 4
vertex 159.28874695288005 -110.7055342010084 1
vertex 159.28454426626908 -110.75357100000036 1
endloop
endfacet
facet normal -0.9961947855444346 0.08715474315307226 1.3423325906857414e-14
outer loop
vertex 159.26361541220575 -110.99279319999984 4
vertex 159.28454426626908 -110.75357100000036 1
vertex 159.26361528097354 -110.99279170000014 1
endloop
endfacet
facet normal -0.9659256614739105 0.2588196602002799 -2.736312356563131e-13
outer loop
vertex 159.29399972611472 -110.64549488916325 4
vertex 159.38422970000053 -110.30875289999989 4
vertex 159.3842300617423 -110.30875154996784 1
endloop
endfacet
facet normal -0.9659256614739105 0.2588196602002799 -2.736312356563131e-13
outer loop
vertex 159.29399972611472 -110.64549488916325 4
vertex 159.3842300617423 -110.30875154996784 1
vertex 159.3779349865034 -110.33224503075488 1
endloop
endfacet
facet normal -0.9659256614739105 0.2588196602002799 -2.736312356563131e-13
outer loop
vertex 159.29399972611472 -110.64549488916325 4
vertex 159.3779349865034 -110.33224503075488 1
vertex 159.31603192009274 -110.56326983127865 1
endloop
endfacet
facet normal -0.9659256614739105 0.2588196602002799 -2.736312356563131e-13
outer loop
vertex 159.29399972611472 -110.64549488916325 4
vertex 159.31603192009274 -110.56326983127865 1
vertex 159.29399971736652 -110.64549498915635 1
endloop
endfacet
facet normal -0.9645741848379076 0.26381175475000496 -9.673219629192909e-8
outer loop
vertex 161.81323264999577 -103.63512115001319 4
vertex 161.89976272065655 -103.31874149342553 4
vertex 161.89976272065633 -103.31874259344023 1
endloop
endfacet
facet normal -0.9645741848379076 0.26381175475000496 -9.673219629192909e-8
outer loop
vertex 161.81323264999577 -103.63512115001319 4
vertex 161.89976272065633 -103.31874259344023 1
vertex 161.88352951139564 -103.37809493127756 1
endloop
endfacet
facet normal -0.9645741848379076 0.26381175475000496 -9.673219629192909e-8
outer loop
vertex 161.81323264999577 -103.63512115001319 4
vertex 161.88352951139564 -103.37809493127756 1
vertex 161.84462010079022 -103.52035930100729 1
endloop
endfacet
facet normal -0.9645741848379076 0.26381175475000496 -9.673219629192909e-8
outer loop
vertex 161.81323264999577 -103.63512115001319 4
vertex 161.84462010079022 -103.52035930100729 1
vertex 161.83148200064872 -103.56839610000016 1
endloop
endfacet
facet normal -0.9645741848379076 0.26381175475000496 -9.673219629192909e-8
outer loop
vertex 161.81323264999577 -103.63512115001319 4
vertex 161.83148200064872 -103.56839610000016 1
vertex 161.81323264999682 -103.63512115000933 1
endloop
endfacet
facet normal -0.9947219802009978 0.10260693010223937 5.851354667262339e-14
outer loop
vertex 161.89976272065655 -103.31874149342553 4
vertex 161.9334177218139 -102.9924733811105 4
vertex 161.93341772181387 -102.99247338110906 1
endloop
endfacet
facet normal -0.9947219802009978 0.10260693010223937 5.851354667262339e-14
outer loop
vertex 161.89976272065655 -103.31874149342553 4
vertex 161.93341772181387 -102.99247338110906 1
vertex 161.9174708560561 -103.14707013075724 1
endloop
endfacet
facet normal -0.9947219802009978 0.10260693010223937 5.851354667262339e-14
outer loop
vertex 161.89976272065655 -103.31874149342553 4
vertex 161.9174708560561 -103.14707013075724 1
vertex 161.89976272065633 -103.31874259344023 1
endloop
endfacet
facet normal -0.9981158475229446 -0.061357598743384395 -1.8565459311073976e-14
outer loop
vertex 161.9334177218139 -102.9924733811105 4
vertex 161.9132924724305 -102.66509208268434 4
vertex 161.9132924724308 -102.66509208268852 1
endloop
endfacet
facet normal -0.9981158475229446 -0.061357598743384395 -1.8565459311073976e-14
outer loop
vertex 161.9334177218139 -102.9924733811105 4
vertex 161.9132924724308 -102.66509208268852 1
vertex 161.9238087907296 -102.83616305296509 1
endloop
endfacet
facet normal -0.9981158475229446 -0.061357598743384395 -1.8565459311073976e-14
outer loop
vertex 161.9334177218139 -102.9924733811105 4
vertex 161.9238087907296 -102.83616305296509 1
vertex 161.93341772181387 -102.99247338110906 1
endloop
endfacet
facet normal -0.974664505738367 -0.22367186066598715 2.0420841453129996e-13
outer loop
vertex 161.9132924724305 -102.66509208268434 4
vertex 161.8399285113341 -102.3454039079264 4
vertex 161.8399282588988 -102.34540280792604 1
endloop
endfacet
facet normal -0.974664505738367 -0.22367186066598715 2.0420841453129996e-13
outer loop
vertex 161.9132924724305 -102.66509208268434 4
vertex 161.8399282588988 -102.34540280792604 1
vertex 161.86561207397463 -102.45732168255022 1
endloop
endfacet
facet normal -0.974664505738367 -0.22367186066598715 2.0420841453129996e-13
outer loop
vertex 161.9132924724305 -102.66509208268434 4
vertex 161.86561207397463 -102.45732168255022 1
vertex 161.9132924724308 -102.66509208268852 1
endloop
endfacet
facet normal -0.8504537171614205 -0.5260498787817492 -1.7230087742790964e-7
outer loop
vertex 161.71529872853623 -102.04200498283517 4
vertex 161.54275463204598 -101.76305659000555 4
vertex 161.54275455942175 -101.76305548998404 1
endloop
endfacet
facet normal -0.8504537171614205 -0.5260498787817492 -1.7230087742790964e-7
outer loop
vertex 161.71529872853623 -102.04200498283517 4
vertex 161.54275455942175 -101.76305548998404 1
vertex 161.70484526389285 -102.02510468091273 1
endloop
endfacet
facet normal -0.8504537171614205 -0.5260498787817492 -1.7230087742790964e-7
outer loop
vertex 161.71529872853623 -102.04200498283517 4
vertex 161.70484526389285 -102.02510468091273 1
vertex 161.71529827668624 -102.04200388285251 1
endloop
endfacet
facet normal -0.7530361108461658 -0.6579791909791949 -2.1294325751160756e-7
outer loop
vertex 161.54275463204598 -101.76305659000555 4
vertex 161.3269379359756 -101.51606129335694 4
vertex 161.32693782319566 -101.5160601933873 1
endloop
endfacet
facet normal -0.7530361108461658 -0.6579791909791949 -2.1294325751160756e-7
outer loop
vertex 161.54275463204598 -101.76305659000555 4
vertex 161.32693782319566 -101.5160601933873 1
vertex 161.36194248917843 -101.55612190504033 1
endloop
endfacet
facet normal -0.7530361108461658 -0.6579791909791949 -2.1294325751160756e-7
outer loop
vertex 161.54275463204598 -101.76305659000555 4
vertex 161.36194248917843 -101.55612190504033 1
vertex 161.54275455942175 -101.76305548998404 1
endloop
endfacet
facet normal -0.6353661680145274 -0.7722110026039097 0
outer loop
vertex 161.3269379359756 -101.51606129335694 4
vertex 161.07365407224322 -101.30766224999745 4
vertex 161.07365529996747 -101.30766229998005 1
endloop
endfacet
facet normal -0.6353661680145274 -0.7722110026039097 0
outer loop
vertex 161.3269379359756 -101.51606129335694 4
vertex 161.07365529996747 -101.30766229998005 1
vertex 161.32693782319566 -101.5160601933873 1
endloop
endfacet
facet normal -0.600621262287641 -0.7995336761437887 0
outer loop
vertex 146.3839478499891 -91.11950454999473 4
vertex 146.26289810540126 -91.0285702309494 4
vertex 146.26289810538404 -91.02857023093345 1
endloop
endfacet
facet normal -0.600621262287641 -0.7995336761437887 0
outer loop
vertex 146.3839478499891 -91.11950454999473 4
vertex 146.26289810538404 -91.02857023093345 1
vertex 146.38394785004104 -91.11950455003074 1
endloop
endfacet
facet normal -0.6593818272469177 -0.7518082241479644 0
outer loop
vertex 146.26289810540126 -91.0285702309494 4
vertex 146.14907401492596 -90.92873953696171 4
vertex 146.14907401495375 -90.92873953698528 1
endloop
endfacet
facet normal -0.6593818272469177 -0.7518082241479644 0
outer loop
vertex 146.26289810540126 -91.0285702309494 4
vertex 146.14907401495375 -90.92873953698528 1
vertex 146.26289810538404 -91.02857023093345 1
endloop
endfacet
facet normal -0.7143419738083804 -0.6997967879717276 0
outer loop
vertex 146.14907401492596 -90.92873953696171 4
vertex 146.0431256998988 -90.82058909989335 4
vertex 146.0431256998391 -90.82058909982761 1
endloop
endfacet
facet normal -0.7143419738083804 -0.6997967879717276 0
outer loop
vertex 146.14907401492596 -90.92873953696171 4
vertex 146.0431256998391 -90.82058909982761 1
vertex 146.14907401495375 -90.92873953698528 1
endloop
endfacet
facet normal -0.6982786752279313 -0.7158260205677951 0
outer loop
vertex 132.09475189995263 -75.46003144995201 4
vertex 131.921455579509 -75.29098321534711 4
vertex 131.92145557949908 -75.29098321533952 1
endloop
endfacet
facet normal -0.6982786752279313 -0.7158260205677951 0
outer loop
vertex 132.09475189995263 -75.46003144995201 4
vertex 131.92145557949908 -75.29098321533952 1
vertex 132.09475189996948 -75.46003144997056 1
endloop
endfacet
facet normal -0.606673689263573 -0.7949509637426234 0
outer loop
vertex 131.921455579509 -75.29098321534711 4
vertex 131.72900368049332 -75.14411188754603 4
vertex 131.72900368049363 -75.14411188754626 1
endloop
endfacet
facet normal -0.606673689263573 -0.7949509637426234 0
outer loop
vertex 131.921455579509 -75.29098321534711 4
vertex 131.72900368049363 -75.14411188754626 1
vertex 131.92145557949908 -75.29098321533952 1
endloop
endfacet
facet normal -0.506179580817078 -0.8624281024896205 0
outer loop
vertex 131.72900368049332 -75.14411188754603 4
vertex 131.520216052575 -75.02156945916921 4
vertex 131.5202160525788 -75.02156945917149 1
endloop
endfacet
facet normal -0.506179580817078 -0.8624281024896205 0
outer loop
vertex 131.72900368049332 -75.14411188754603 4
vertex 131.5202160525788 -75.02156945917149 1
vertex 131.72900368049363 -75.14411188754626 1
endloop
endfacet
facet normal -0.39826664037176784 -0.917269689440889 0
outer loop
vertex 131.520216052575 -75.02156945916921 4
vertex 131.29815380001364 -74.92515290000556 4
vertex 131.29815380000485 -74.92515290000237 1
endloop
endfacet
facet normal -0.39826664037176784 -0.917269689440889 0
outer loop
vertex 131.520216052575 -75.02156945916921 4
vertex 131.29815380000485 -74.92515290000237 1
vertex 131.5202160525788 -75.02156945917149 1
endloop
endfacet
facet normal -0.284514173040147 -0.9586718340179194 0
outer loop
vertex 110.61398240000588 -67.39672690000263 4
vertex 110.3818962146689 -67.32784847179384 4
vertex 110.381896214681 -67.32784847179673 1
endloop
endfacet
facet normal -0.284514173040147 -0.9586718340179194 0
outer loop
vertex 110.61398240000588 -67.39672690000263 4
vertex 110.381896214681 -67.32784847179673 1
vertex 110.61398239999546 -67.39672689999884 1
endloop
endfacet
facet normal -0.1665994499367115 -0.9860246565278097 0
outer loop
vertex 110.3818962146689 -67.32784847179384 4
vertex 110.14318814683061 -67.28751618138504 4
vertex 110.1431881468211 -67.28751618138428 1
endloop
endfacet
facet normal -0.1665994499367115 -0.9860246565278097 0
outer loop
vertex 110.3818962146689 -67.32784847179384 4
vertex 110.1431881468211 -67.28751618138428 1
vertex 110.381896214681 -67.32784847179673 1
endloop
endfacet
facet normal -0.04624370189287675 -0.998930187768516 0
outer loop
vertex 110.14318814683061 -67.28751618138504 4
vertex 109.90135576115966 -67.27632097987052 4
vertex 109.90135576116185 -67.27632097987029 1
endloop
endfacet
facet normal -0.04624370189287675 -0.998930187768516 0
outer loop
vertex 110.14318814683061 -67.28751618138504 4
vertex 109.90135576116185 -67.27632097987029 1
vertex 110.1431881468211 -67.28751618138428 1
endloop
endfacet
facet normal 0.07477761735746924 -0.9972002346281013 0
outer loop
vertex 109.90135576115966 -67.27632097987052 4
vertex 109.6599448000082 -67.29442379999833 4
vertex 109.65994480000921 -67.29442379999819 1
endloop
endfacet
facet normal 0.07477761735746924 -0.9972002346281013 0
outer loop
vertex 109.90135576115966 -67.27632097987052 4
vertex 109.65994480000921 -67.29442379999819 1
vertex 109.90135576116185 -67.27632097987029 1
endloop
endfacet
facet normal 0.18039201584804235 -0.9835947949324864 0
outer loop
vertex 89.05788145000675 -70.10136599999863 4
vertex 88.87714904030099 -70.1345124581579 4
vertex 88.87714904029141 -70.1345124581596 1
endloop
endfacet
facet normal 0.18039201584804235 -0.9835947949324864 0
outer loop
vertex 89.05788145000675 -70.10136599999863 4
vertex 88.87714904029141 -70.1345124581596 1
vertex 89.05788145000624 -70.10136599999869 1
endloop
endfacet
facet normal 0.26988337358270076 -0.9628930182858428 0
outer loop
vertex 88.87714904030099 -70.1345124581579 4
vertex 88.70022290005888 -70.18410199998313 4
vertex 88.70022290005878 -70.18410199998218 1
endloop
endfacet
facet normal 0.26988337358270076 -0.9628930182858428 0
outer loop
vertex 88.87714904030099 -70.1345124581579 4
vertex 88.70022290005878 -70.18410199998218 1
vertex 88.87714904029141 -70.1345124581596 1
endloop
endfacet
facet normal 0.38428797268979054 -0.9232132765758791 0
outer loop
vertex 66.81101619996042 -77.41909530001513 4
vertex 66.53354309494223 -77.53459521411999 4
vertex 66.53354309494821 -77.53459521411628 1
endloop
endfacet
facet normal 0.38428797268979054 -0.9232132765758791 0
outer loop
vertex 66.81101619996042 -77.41909530001513 4
vertex 66.53354309494821 -77.53459521411628 1
vertex 66.81101619995783 -77.41909529997504 1
endloop
endfacet
facet normal 0.5182931900101845 -0.855202998819033 0
outer loop
vertex 66.53354309494223 -77.53459521411999 4
vertex 66.2765105786569 -77.69036899296061 4
vertex 66.27651057865725 -77.69036899296032 1
endloop
endfacet
facet normal 0.5182931900101845 -0.855202998819033 0
outer loop
vertex 66.53354309494223 -77.53459521411999 4
vertex 66.27651057865725 -77.69036899296032 1
vertex 66.53354309494821 -77.53459521411628 1
endloop
endfacet
facet normal 0.6405938978748409 -0.7678798460732759 0
outer loop
vertex 66.2765105786569 -77.69036899296061 4
vertex 66.04572316407835 -77.8829004290197 4
vertex 66.04572316407835 -77.88290042901971 1
endloop
endfacet
facet normal 0.6405938978748409 -0.7678798460732759 0
outer loop
vertex 66.2765105786569 -77.69036899296061 4
vertex 66.04572316407835 -77.88290042901971 1
vertex 66.27651057865725 -77.69036899296032 1
endloop
endfacet
facet normal 0.7484282043290914 -0.6632158192962015 0
outer loop
vertex 66.04572316407835 -77.8829004290197 4
vertex 65.84639267633895 -78.10784162412745 4
vertex 65.84639267633862 -78.10784162412781 1
endloop
endfacet
facet normal 0.7484282043290914 -0.6632158192962015 0
outer loop
vertex 66.04572316407835 -77.8829004290197 4
vertex 65.84639267633862 -78.10784162412781 1
vertex 66.04572316407835 -77.88290042901971 1
endloop
endfacet
facet normal 0.8393609092123023 -0.5435745248687592 0
outer loop
vertex 65.84639267633895 -78.10784162412745 4
vertex 65.683020555211 -78.36011277712713 4
vertex 65.68302055521089 -78.36011277712717 1
endloop
endfacet
facet normal 0.8393609092123023 -0.5435745248687592 0
outer loop
vertex 65.84639267633895 -78.10784162412745 4
vertex 65.68302055521089 -78.36011277712717 1
vertex 65.84639267633862 -78.10784162412781 1
endloop
endfacet
facet normal 0.9113320064481536 -0.4116721681425437 0
outer loop
vertex 65.683020555211 -78.36011277712713 4
vertex 65.55929239999614 -78.63401264996855 4
vertex 65.55929239999621 -78.63401264995414 1
endloop
endfacet
facet normal 0.9113320064481536 -0.4116721681425437 0
outer loop
vertex 65.683020555211 -78.36011277712713 4
vertex 65.55929239999621 -78.63401264995414 1
vertex 65.68302055521089 -78.36011277712717 1
endloop
endfacet
facet normal 0 0 1
outer loop
vertex 112.65694556782498 -168.6402528655287 4
vertex 112.69853006904383 -168.70606527580594 4
vertex 112.78727299998442 -168.846511499978 4
endloop
endfacet
facet normal 0 0 1
outer loop
vertex 112.65694556782498 -168.6402528655287 4
vertex 112.78727299998442 -168.846511499978 4
vertex 112.78727299993743 -168.8465114998979 1
endloop
endfacet
facet normal 0 0 1
outer loop
vertex 112.65694556782498 -168.6402528655287 4
vertex 112.78727299993743 -168.8465114998979 1
vertex 112.6569455678525 -168.6402528655666 1
endloop
endfacet
facet normal 0.8320425105100296 0.5547118717894609 0
outer loop
vertex 130.86362754998848 -201.73994774998562 4
vertex 131.05317561523594 -202.02426120367474 4
vertex 131.05317561523404 -202.02426120367198 1
endloop
endfacet
facet normal 0.8320425105100296 0.5547118717894609 0
outer loop
vertex 130.86362754998848 -201.73994774998562 4
vertex 131.05317561523404 -202.02426120367198 1
vertex 130.8636275499684 -201.7399477499556 1
endloop
endfacet
facet normal 0.4525261076000201 0.8917511547177133 0
outer loop
vertex 131.56230162305133 -202.47640362302153 4
vertex 131.86701784536712 -202.63103425655382 4
vertex 131.86701784535214 -202.63103425654919 1
endloop
endfacet
facet normal 0.4525261076000201 0.8917511547177133 0
outer loop
vertex 131.56230162305133 -202.47640362302153 4
vertex 131.86701784535214 -202.63103425654919 1
vertex 131.5623016230697 -202.47640362303383 1
endloop
endfacet
facet normal 0 0 1
outer loop
vertex 133.52438509999618 -202.55874550000192 4
vertex 161.71255346441063 -188.1961528 4
vertex 162.10911295000736 -187.99409559999623 4
endloop
endfacet
facet normal 0 0 1
outer loop
vertex 133.52438509999618 -202.55874550000192 4
vertex 162.10911295000736 -187.99409559999623 4
vertex 162.10911295001546 -187.9940955999921 1
endloop
endfacet
facet normal 0 0 1
outer loop
vertex 133.52438509999618 -202.55874550000192 4
vertex 162.10911295001546 -187.9940955999921 1
vertex 133.52438510000013 -202.5587454999999 1
endloop
endfacet
facet normal 0 0 1
outer loop
vertex 171.09259270001456 -187.99409820000585 4
vertex 171.48914691165095 -188.1961528 4
vertex 199.6773167500021 -202.55875244999925 4
endloop
endfacet
facet normal 0 0 1
outer loop
vertex 171.09259270001456 -187.99409820000585 4
vertex 199.6773167500021 -202.55875244999925 4
vertex 199.6773167500375 -202.55875245001366 1
endloop
endfacet
facet normal 0 0 1
outer loop
vertex 171.09259270001456 -187.99409820000585 4
vertex 199.6773167500375 -202.55875245001366 1
vertex 171.09259270007598 -187.9940982000346 1
endloop
endfacet
facet normal 0 0 1
outer loop
vertex 202.3380735000048 -201.7399548999907 4
vertex 220.26599301149983 -169.11661305000112 4
vertex 220.38386583896354 -168.9021204791979 4
endloop
endfacet
facet normal 0 0 1
outer loop
vertex 202.3380735000048 -201.7399548999907 4
vertex 220.38386583896354 -168.9021204791979 4
vertex 220.41442869999133 -168.84650540001462 4
endloop
endfacet
facet normal 0 0 1
outer loop
vertex 202.3380735000048 -201.7399548999907 4
vertex 220.41442869999133 -168.84650540001462 4
vertex 220.4144253478443 -168.8465114998979 1
endloop
endfacet
facet normal 0 0 1
outer loop
vertex 202.3380735000048 -201.7399548999907 4
vertex 220.4144253478443 -168.8465114998979 1
vertex 210.01179836065128 -187.7761177000768 1
endloop
endfacet
facet normal 0 0 1
outer loop
vertex 202.3380735000048 -201.7399548999907 4
vertex 210.01179836065128 -187.7761177000768 1
vertex 209.94387012380903 -187.89972635920495 1
endloop
endfacet
facet normal 0 0 1
outer loop
vertex 202.3380735000048 -201.7399548999907 4
vertex 209.94387012380903 -187.89972635920495 1
vertex 209.89200876716671 -187.9940982000346 1
endloop
endfacet
facet normal 0 0 1
outer loop
vertex 202.3380735000048 -201.7399548999907 4
vertex 209.89200876716671 -187.9940982000346 1
vertex 202.33807349999455 -201.73995490000627 1
endloop
endfacet
facet normal -0.4421184572237814 0.8969566710728358 1.99937112311265e-13
outer loop
vertex 221.2829674000324 -168.0158207999829 4
vertex 286.5656820000603 -135.83735109996655 4
vertex 286.56568200006694 -135.8373510999626 1
endloop
endfacet
facet normal -0.4421184572237814 0.8969566710728358 1.99937112311265e-13
outer loop
vertex 221.2829674000324 -168.0158207999829 4
vertex 286.56568200006694 -135.8373510999626 1
vertex 285.6494107531214 -136.28898989496005 1
endloop
endfacet
facet normal -0.4421184572237814 0.8969566710728358 1.99937112311265e-13
outer loop
vertex 221.2829674000324 -168.0158207999829 4
vertex 285.6494107531214 -136.28898989496005 1
vertex 284.65992726214347 -136.77671570000004 1
endloop
endfacet
facet normal -0.4421184572237814 0.8969566710728358 1.99937112311265e-13
outer loop
vertex 221.2829674000324 -168.0158207999829 4
vertex 284.65992726214347 -136.77671570000004 1
vertex 283.6704437711462 -137.2644415050403 1
endloop
endfacet
facet normal -0.4421184572237814 0.8969566710728358 1.99937112311265e-13
outer loop
vertex 221.2829674000324 -168.0158207999829 4
vertex 283.6704437711462 -137.2644415050403 1
vertex 282.7189855758345 -137.73342428091394 1
endloop
endfacet
facet normal -0.4421184572237814 0.8969566710728358 1.99937112311265e-13
outer loop
vertex 221.2829674000324 -168.0158207999829 4
vertex 282.7189855758345 -137.73342428091394 1
vertex 281.8421166810054 -138.1656412825489 1
endloop
endfacet
facet normal -0.4421184572237814 0.8969566710728358 1.99937112311265e-13
outer loop
vertex 221.2829674000324 -168.0158207999829 4
vertex 281.8421166810054 -138.1656412825489 1
vertex 281.0735346665491 -138.5444826529651 1
endloop
endfacet
facet normal -0.4421184572237814 0.8969566710728358 1.99937112311265e-13
outer loop
vertex 221.2829674000324 -168.0158207999829 4
vertex 281.0735346665491 -138.5444826529651 1
vertex 280.442775708273 -138.85538973075572 1
endloop
endfacet
facet normal -0.4421184572237814 0.8969566710728358 1.99937112311265e-13
outer loop
vertex 221.2829674000324 -168.0158207999829 4
vertex 280.442775708273 -138.85538973075572 1
vertex 279.97407951923805 -139.08641453128078 1
endloop
endfacet
facet normal -0.4421184572237814 0.8969566710728358 1.99937112311265e-13
outer loop
vertex 221.2829674000324 -168.0158207999829 4
vertex 279.97407951923805 -139.08641453128078 1
vertex 279.685457831089 -139.22867890100912 1
endloop
endfacet
facet normal -0.4421184572237814 0.8969566710728358 1.99937112311265e-13
outer loop
vertex 221.2829674000324 -168.0158207999829 4
vertex 279.685457831089 -139.22867890100912 1
vertex 279.5880022134624 -139.2767157000003 1
endloop
endfacet
facet normal -0.4421184572237814 0.8969566710728358 1.99937112311265e-13
outer loop
vertex 221.2829674000324 -168.0158207999829 4
vertex 279.5880022134624 -139.2767157000003 1
vertex 276.9658841155752 -140.56918260000066 1
endloop
endfacet
facet normal -0.4421184572237814 0.8969566710728358 1.99937112311265e-13
outer loop
vertex 221.2829674000324 -168.0158207999829 4
vertex 276.9658841155752 -140.56918260000066 1
vertex 276.8684284979484 -140.61721939899206 1
endloop
endfacet
facet normal -0.4421184572237814 0.8969566710728358 1.99937112311265e-13
outer loop
vertex 221.2829674000324 -168.0158207999829 4
vertex 276.8684284979484 -140.61721939899206 1
vertex 276.5798068098043 -140.75948376872356 1
endloop
endfacet
facet normal -0.4421184572237814 0.8969566710728358 1.99937112311265e-13
outer loop
vertex 221.2829674000324 -168.0158207999829 4
vertex 276.5798068098043 -140.75948376872356 1
vertex 276.1111106207575 -140.9905085692426 1
endloop
endfacet
facet normal -0.4421184572237814 0.8969566710728358 1.99937112311265e-13
outer loop
vertex 221.2829674000324 -168.0158207999829 4
vertex 276.1111106207575 -140.9905085692426 1
vertex 275.4803516624851 -141.30141564703337 1
endloop
endfacet
facet normal -0.4421184572237814 0.8969566710728358 1.99937112311265e-13
outer loop
vertex 221.2829674000324 -168.0158207999829 4
vertex 275.4803516624851 -141.30141564703337 1
vertex 274.71176964807114 -141.68025701745123 1
endloop
endfacet
facet normal -0.4421184572237814 0.8969566710728358 1.99937112311265e-13
outer loop
vertex 221.2829674000324 -168.0158207999829 4
vertex 274.71176964807114 -141.68025701745123 1
vertex 273.8349007532431 -142.11247401908744 1
endloop
endfacet
facet normal -0.4421184572237814 0.8969566710728358 1.99937112311265e-13
outer loop
vertex 221.2829674000324 -168.0158207999829 4
vertex 273.8349007532431 -142.11247401908744 1
vertex 272.88344255787376 -142.58145679495988 1
endloop
endfacet
facet normal -0.4421184572237814 0.8969566710728358 1.99937112311265e-13
outer loop
vertex 221.2829674000324 -168.0158207999829 4
vertex 272.88344255787376 -142.58145679495988 1
vertex 271.89395906688253 -143.06918260000003 1
endloop
endfacet
facet normal -0.4421184572237814 0.8969566710728358 1.99937112311265e-13
outer loop
vertex 221.2829674000324 -168.0158207999829 4
vertex 271.89395906688253 -143.06918260000003 1
vertex 270.9044755758917 -143.55690840504033 1
endloop
endfacet
facet normal -0.4421184572237814 0.8969566710728358 1.99937112311265e-13
outer loop
vertex 221.2829674000324 -168.0158207999829 4
vertex 270.9044755758917 -143.55690840504033 1
vertex 269.9530173805633 -144.02589118091308 1
endloop
endfacet
facet normal -0.4421184572237814 0.8969566710728358 1.99937112311265e-13
outer loop
vertex 221.2829674000324 -168.0158207999829 4
vertex 269.9530173805633 -144.02589118091308 1
vertex 269.07614848573473 -144.45810818254952 1
endloop
endfacet
facet normal -0.4421184572237814 0.8969566710728358 1.99937112311265e-13
outer loop
vertex 221.2829674000324 -168.0158207999829 4
vertex 269.07614848573473 -144.45810818254952 1
vertex 268.30756647128317 -144.83694955296798 1
endloop
endfacet
facet normal -0.4421184572237814 0.8969566710728358 1.99937112311265e-13
outer loop
vertex 221.2829674000324 -168.0158207999829 4
vertex 268.30756647128317 -144.83694955296798 1
vertex 267.6768075130211 -145.14785663075776 1
endloop
endfacet
facet normal -0.4421184572237814 0.8969566710728358 1.99937112311265e-13
outer loop
vertex 221.2829674000324 -168.0158207999829 4
vertex 267.6768075130211 -145.14785663075776 1
vertex 267.20811132396256 -145.37888143128015 1
endloop
endfacet
facet normal -0.4421184572237814 0.8969566710728358 1.99937112311265e-13
outer loop
vertex 221.2829674000324 -168.0158207999829 4
vertex 267.20811132396256 -145.37888143128015 1
vertex 266.9194896358231 -145.5211458010116 1
endloop
endfacet
facet normal -0.4421184572237814 0.8969566710728358 1.99937112311265e-13
outer loop
vertex 221.2829674000324 -168.0158207999829 4
vertex 266.9194896358231 -145.5211458010116 1
vertex 266.82203401819396 -145.5691826000006 1
endloop
endfacet
facet normal -0.4421184572237814 0.8969566710728358 1.99937112311265e-13
outer loop
vertex 221.2829674000324 -168.0158207999829 4
vertex 266.82203401819396 -145.5691826000006 1
vertex 221.28297764531294 -168.01581574998664 1
endloop
endfacet
facet normal -0.13499903593898926 -0.9908457298164753 0
outer loop
vertex 244.14382300003012 -70.10136900000536 4
vertex 223.5417626499894 -67.29441509999964 4
vertex 223.54176264999577 -67.29441510000048 1
endloop
endfacet
facet normal -0.13499903593898926 -0.9908457298164753 0
outer loop
vertex 244.14382300003012 -70.10136900000536 4
vertex 223.54176264999577 -67.29441510000048 1
vertex 244.14382300003015 -70.10136900000535 1
endloop
endfacet
facet normal 0.3420199253804131 -0.9396927001114657 0
outer loop
vertex 222.58772529999263 -67.39673020000124 4
vertex 201.9035536999959 -74.9251475500002 4
vertex 201.9035536999952 -74.92514755000047 1
endloop
endfacet
facet normal 0.3420199253804131 -0.9396927001114657 0
outer loop
vertex 222.58772529999263 -67.39673020000124 4
vertex 201.9035536999952 -74.92514755000047 1
vertex 222.58772529999166 -67.39673020000157 1
endloop
endfacet
facet normal 0 0 -1
outer loop
vertex 201.10695740000787 -75.4600250999932 4
vertex 188.24403812327364 -89.62523660000036 4
vertex 188.14582575416864 -89.73339237322405 4
endloop
endfacet
facet normal 0 0 -1
outer loop
vertex 201.10695740000787 -75.4600250999932 4
vertex 188.14582575416864 -89.73339237322405 4
vertex 188.05517307861902 -89.83322307996919 4
endloop
endfacet
facet normal 0 0 -1
outer loop
vertex 201.10695740000787 -75.4600250999932 4
vertex 188.05517307861902 -89.83322307996919 4
vertex 187.9726027058586 -89.92415320000045 4
endloop
endfacet
facet normal 0 0 -1
outer loop
vertex 201.10695740000787 -75.4600250999932 4
vertex 187.9726027058586 -89.92415320000045 4
vertex 187.1585770000365 -90.82059404996123 4
endloop
endfacet
facet normal 0 0 -1
outer loop
vertex 201.10695740000787 -75.4600250999932 4
vertex 187.1585770000365 -90.82059404996123 4
vertex 187.15857700003798 -90.82059404995972 1
endloop
endfacet
facet normal 0 0 -1
outer loop
vertex 201.10695740000787 -75.4600250999932 4
vertex 187.15857700003798 -90.82059404995972 1
vertex 201.10695740000585 -75.46002509999548 1
endloop
endfacet
facet normal 0.9947219802005106 0.10260693010695497 -3.762286475179297e-8
outer loop
vertex 171.26828782818626 -102.9924733811105 4
vertex 171.30194282934517 -103.31874149342553 4
vertex 171.3019428293457 -103.31874259344023 1
endloop
endfacet
facet normal 0.9947219802005106 0.10260693010695497 -3.762286475179297e-8
outer loop
vertex 171.26828782818626 -102.9924733811105 4
vertex 171.3019428293457 -103.31874259344023 1
vertex 171.284234580478 -103.14707013075724 1
endloop
endfacet
facet normal 0.9947219802005106 0.10260693010695497 -3.762286475179297e-8
outer loop
vertex 171.26828782818626 -102.9924733811105 4
vertex 171.284234580478 -103.14707013075724 1
vertex 171.26828782818637 -102.99247338110906 1
endloop
endfacet
facet normal 0.9396926905756854 0.34201995157973697 1.5391248979479432e-7
outer loop
vertex 171.3884757999874 -103.6351244999582 4
vertex 173.81747634999175 -110.30875289999989 4
vertex 173.8174763499913 -110.30875154996784 1
endloop
endfacet
facet normal 0.9396926905756854 0.34201995157973697 1.5391248979479432e-7
outer loop
vertex 171.3884757999874 -103.6351244999582 4
vertex 173.8174763499913 -110.30875154996784 1
vertex 173.71286640101414 -110.02133795296432 1
endloop
endfacet
facet normal 0.9396926905756854 0.34201995157973697 1.5391248979479432e-7
outer loop
vertex 171.3884757999874 -103.6351244999582 4
vertex 173.71286640101414 -110.02133795296432 1
vertex 173.57497947832385 -109.64249658254964 1
endloop
endfacet
facet normal 0.9396926905756854 0.34201995157973697 1.5391248979479432e-7
outer loop
vertex 171.3884757999874 -103.6351244999582 4
vertex 173.57497947832385 -109.64249658254964 1
vertex 173.41766542303824 -109.21027958091328 1
endloop
endfacet
facet normal 0.9396926905756854 0.34201995157973697 1.5391248979479432e-7
outer loop
vertex 171.3884757999874 -103.6351244999582 4
vertex 173.41766542303824 -109.21027958091328 1
vertex 173.24696972608498 -108.7412968050403 1
endloop
endfacet
facet normal 0.9396926905756854 0.34201995157973697 1.5391248979479432e-7
outer loop
vertex 171.3884757999874 -103.6351244999582 4
vertex 173.24696972608498 -108.7412968050403 1
vertex 173.0694521273569 -108.25357099999992 1
endloop
endfacet
facet normal 0.9396926905756854 0.34201995157973697 1.5391248979479432e-7
outer loop
vertex 171.3884757999874 -103.6351244999582 4
vertex 173.0694521273569 -108.25357099999992 1
vertex 172.89193452863358 -107.76584519495941 1
endloop
endfacet
facet normal 0.9396926905756854 0.34201995157973697 1.5391248979479432e-7
outer loop
vertex 171.3884757999874 -103.6351244999582 4
vertex 172.89193452863358 -107.76584519495941 1
vertex 172.7212388316798 -107.29686241908715 1
endloop
endfacet
facet normal 0.9396926905756854 0.34201995157973697 1.5391248979479432e-7
outer loop
vertex 171.3884757999874 -103.6351244999582 4
vertex 172.7212388316798 -107.29686241908715 1
vertex 172.56392477638235 -106.86464541745097 1
endloop
endfacet
facet normal 0.9396926905756854 0.34201995157973697 1.5391248979479432e-7
outer loop
vertex 171.3884757999874 -103.6351244999582 4
vertex 172.56392477638235 -106.86464541745097 1
vertex 172.42603785370557 -106.48580404703392 1
endloop
endfacet
facet normal 0.9396926905756854 0.34201995157973697 1.5391248979479432e-7
outer loop
vertex 171.3884757999874 -103.6351244999582 4
vertex 172.42603785370557 -106.48580404703392 1
vertex 172.31287698071654 -106.17489696924328 1
endloop
endfacet
facet normal 0.9396926905756854 0.34201995157973697 1.5391248979479432e-7
outer loop
vertex 171.3884757999874 -103.6351244999582 4
vertex 172.31287698071654 -106.17489696924328 1
vertex 172.228790866327 -105.94387216872298 1
endloop
endfacet
facet normal 0.9396926905756854 0.34201995157973697 1.5391248979479432e-7
outer loop
vertex 171.3884757999874 -103.6351244999582 4
vertex 172.228790866327 -105.94387216872298 1
vertex 172.1770108927478 -105.80160779899126 1
endloop
endfacet
facet normal 0.9396926905756854 0.34201995157973697 1.5391248979479432e-7
outer loop
vertex 171.3884757999874 -103.6351244999582 4
vertex 172.1770108927478 -105.80160779899126 1
vertex 172.1595269353288 -105.75357100000019 1
endloop
endfacet
facet normal 0.9396926905756854 0.34201995157973697 1.5391248979479432e-7
outer loop
vertex 171.3884757999874 -103.6351244999582 4
vertex 172.1595269353288 -105.75357100000019 1
vertex 171.38847579998767 -103.6351244999589 1
endloop
endfacet
facet normal 0 0 1
outer loop
vertex 173.4701816755419 -112.27836454183176 4
vertex 173.3876762253768 -112.36087024233919 4
vertex 173.22366874453186 -112.52487822082414 4
endloop
endfacet
facet normal 0 0 1
outer loop
vertex 173.4701816755419 -112.27836454183176 4
vertex 173.22366874453186 -112.52487822082414 4
vertex 173.2236687445346 -112.5248782208155 1
endloop
endfacet
facet normal 0 0 1
outer loop
vertex 173.4701816755419 -112.27836454183176 4
vertex 173.2236687445346 -112.5248782208155 1
vertex 173.47018167554114 -112.27836454182102 1
endloop
endfacet
facet normal -4.099210433694594e-9 1.529835826052828e-8 -0.9999999999999998
outer loop
vertex 172.6221353487706 -112.87217531457443 4.000000000000002
vertex 172.62212876149604 -112.87217719575547 4
vertex 172.2853921182107 -112.96240611692828 4
endloop
endfacet
facet normal -4.099210433694594e-9 1.529835826052828e-8 -0.9999999999999998
outer loop
vertex 172.6221353487706 -112.87217531457443 4.000000000000002
vertex 172.2853921182107 -112.96240611692828 4
vertex 172.2853921182141 -112.96240621692401 1
endloop
endfacet
facet normal -4.099210433694594e-9 1.529835826052828e-8 -0.9999999999999998
outer loop
vertex 172.6221353487706 -112.87217531457443 4.000000000000002
vertex 172.2853921182141 -112.96240621692401 1
vertex 172.62212832818065 -112.87217719575514 1
endloop
endfacet
facet normal -4.099210433694594e-9 1.529835826052828e-8 -0.9999999999999998
outer loop
vertex 172.6221353487706 -112.87217531457443 4.000000000000002
vertex 172.62212832818065 -112.87217719575514 1
vertex 172.6221353487706 -112.87217531457443 1
endloop
endfacet
facet normal 0.08716178078697118 -0.9961941698133171 0
outer loop
vertex 172.2853921182107 -112.96240611692828 4
vertex 171.93809269997925 -112.992793054452 4
vertex 171.93808640051404 -112.99279305445204 1
endloop
endfacet
facet normal 0.08716178078697118 -0.9961941698133171 0
outer loop
vertex 172.2853921182107 -112.96240611692828 4
vertex 171.93808640051404 -112.99279305445204 1
vertex 172.2853921182141 -112.96240621692401 1
endloop
endfacet
facet normal 0 0 1
outer loop
vertex 159.73152452444197 -112.27836454183176 4
vertex 159.55350577517783 -112.0241267379949 4
vertex 159.53156325655917 -111.99278948971451 4
endloop
endfacet
facet normal 0 0 1
outer loop
vertex 159.73152452444197 -112.27836454183176 4
vertex 159.53156325655917 -111.99278948971451 4
vertex 159.5315632565636 -111.99278948972501 1
endloop
endfacet
facet normal 0 0 1
outer loop
vertex 159.73152452444197 -112.27836454183176 4
vertex 159.5315632565636 -111.99278948972501 1
vertex 159.7315245244315 -112.27836454182102 1
endloop
endfacet
facet normal 0 0 1
outer loop
vertex 159.53156325655917 -111.99278948971451 4
vertex 159.38579595849436 -111.68018969135329 4
vertex 159.38422935584393 -111.67683087760324 4
endloop
endfacet
facet normal 0 0 1
outer loop
vertex 159.53156325655917 -111.99278948971451 4
vertex 159.38422935584393 -111.67683087760324 4
vertex 159.38422976865357 -111.67683097760349 1
endloop
endfacet
facet normal 0 0 1
outer loop
vertex 159.53156325655917 -111.99278948971451 4
vertex 159.38422976865357 -111.67683097760349 1
vertex 159.5315632565636 -111.99278948972501 1
endloop
endfacet
facet normal -0.939692637143292 0.3420200983841234 1.1122140389123944e-13
outer loop
vertex 159.38422970000053 -110.30875289999989 4
vertex 161.81323264999577 -103.63512115001319 4
vertex 161.81323264999682 -103.63512115000933 1
endloop
endfacet
facet normal -0.939692637143292 0.3420200983841234 1.1122140389123944e-13
outer loop
vertex 159.38422970000053 -110.30875289999989 4
vertex 161.81323264999682 -103.63512115000933 1
vertex 161.04218007655294 -105.75357100000019 1
endloop
endfacet
facet normal -0.939692637143292 0.3420200983841234 1.1122140389123944e-13
outer loop
vertex 159.38422970000053 -110.30875289999989 4
vertex 161.04218007655294 -105.75357100000019 1
vertex 161.02469611417206 -105.80160779899126 1
endloop
endfacet
facet normal -0.939692637143292 0.3420200983841234 1.1122140389123944e-13
outer loop
vertex 159.38422970000053 -110.30875289999989 4
vertex 161.02469611417206 -105.80160779899126 1
vertex 160.97291612589802 -105.94387216872298 1
endloop
endfacet
facet normal -0.939692637143292 0.3420200983841234 1.1122140389123944e-13
outer loop
vertex 159.38422970000053 -110.30875289999989 4
vertex 160.97291612589802 -105.94387216872298 1
vertex 160.88882998764515 -106.17489696924328 1
endloop
endfacet
facet normal -0.939692637143292 0.3420200983841234 1.1122140389123944e-13
outer loop
vertex 159.38422970000053 -110.30875289999989 4
vertex 160.88882998764515 -106.17489696924328 1
vertex 160.77566908254164 -106.48580404703392 1
endloop
endfacet
facet normal -0.939692637143292 0.3420200983841234 1.1122140389123944e-13
outer loop
vertex 159.38422970000053 -110.30875289999989 4
vertex 160.77566908254164 -106.48580404703392 1
vertex 160.63778212073296 -106.86464541745097 1
endloop
endfacet
facet normal -0.939692637143292 0.3420200983841234 1.1122140389123944e-13
outer loop
vertex 159.38422970000053 -110.30875289999989 4
vertex 160.63778212073296 -106.86464541745097 1
vertex 160.48046802079057 -107.29686241908715 1
endloop
endfacet
facet normal -0.939692637143292 0.3420200983841234 1.1122140389123944e-13
outer loop
vertex 159.38422970000053 -110.30875289999989 4
vertex 160.48046802079057 -107.29686241908715 1
vertex 160.30977227539407 -107.76584519495941 1
endloop
endfacet
facet normal -0.939692637143292 0.3420200983841234 1.1122140389123944e-13
outer loop
vertex 159.38422970000053 -110.30875289999989 4
vertex 160.30977227539407 -107.76584519495941 1
vertex 160.13225462629202 -108.25357099999992 1
endloop
endfacet
facet normal -0.939692637143292 0.3420200983841234 1.1122140389123944e-13
outer loop
vertex 159.38422970000053 -110.30875289999989 4
vertex 160.13225462629202 -108.25357099999992 1
vertex 159.95473697718518 -108.7412968050403 1
endloop
endfacet
facet normal -0.939692637143292 0.3420200983841234 1.1122140389123944e-13
outer loop
vertex 159.38422970000053 -110.30875289999989 4
vertex 159.95473697718518 -108.7412968050403 1
vertex 159.78404123178925 -109.21027958091328 1
endloop
endfacet
facet normal -0.939692637143292 0.3420200983841234 1.1122140389123944e-13
outer loop
vertex 159.38422970000053 -110.30875289999989 4
vertex 159.78404123178925 -109.21027958091328 1
vertex 159.62672713185853 -109.64249658254964 1
endloop
endfacet
facet normal -0.939692637143292 0.3420200983841234 1.1122140389123944e-13
outer loop
vertex 159.38422970000053 -110.30875289999989 4
vertex 159.62672713185853 -109.64249658254964 1
vertex 159.4888401700365 -110.02133795296432 1
endloop
endfacet
facet normal -0.939692637143292 0.3420200983841234 1.1122140389123944e-13
outer loop
vertex 159.38422970000053 -110.30875289999989 4
vertex 159.4888401700365 -110.02133795296432 1
vertex 159.3842300617423 -110.30875154996784 1
endloop
endfacet
facet normal -0.9249986994403063 -0.3799702699340334 0
outer loop
vertex 161.8399285113341 -102.3454039079264 4
vertex 161.71529872853623 -102.04200498283517 4
vertex 161.71529827668624 -102.04200388285251 1
endloop
endfacet
facet normal -0.9249986994403063 -0.3799702699340334 0
outer loop
vertex 161.8399285113341 -102.3454039079264 4
vertex 161.71529827668624 -102.04200388285251 1
vertex 161.8399282588988 -102.34540280792604 1
endloop
endfacet
facet normal -0.5699040822250967 -0.8217112248613684 -1.0599003735613848e-15
outer loop
vertex 161.07365407224322 -101.30766224999745 4
vertex 146.3839478499891 -91.11950454999473 4
vertex 146.38394785004104 -91.11950455003074 1
endloop
endfacet
facet normal -0.5699040822250967 -0.8217112248613684 -1.0599003735613848e-15
outer loop
vertex 161.07365407224322 -101.30766224999745 4
vertex 146.38394785004104 -91.11950455003074 1
vertex 157.1240679366016 -98.56839610000023 1
endloop
endfacet
facet normal -0.5699040822250967 -0.8217112248613684 -1.0599003735613848e-15
outer loop
vertex 161.07365407224322 -101.30766224999745 4
vertex 157.1240679366016 -98.56839610000023 1
vertex 157.1933293812469 -98.61643289899182 1
endloop
endfacet
facet normal -0.5699040822250967 -0.8217112248613684 -1.0599003735613848e-15
outer loop
vertex 161.07365407224322 -101.30766224999745 4
vertex 157.1933293812469 -98.61643289899182 1
vertex 157.398452036697 -98.7586972687211 1
endloop
endfacet
facet normal -0.5699040822250967 -0.8217112248613684 -1.0599003735613848e-15
outer loop
vertex 161.07365407224322 -101.30766224999745 4
vertex 157.398452036697 -98.7586972687211 1
vertex 157.7315531543589 -98.98972206924381 1
endloop
endfacet
facet normal -0.5699040822250967 -0.8217112248613684 -1.0599003735613848e-15
outer loop
vertex 161.07365407224322 -101.30766224999745 4
vertex 157.7315531543589 -98.98972206924381 1
vertex 158.17983184505923 -99.30062914703399 1
endloop
endfacet
facet normal -0.5699040822250967 -0.8217112248613684 -1.0599003735613848e-15
outer loop
vertex 161.07365407224322 -101.30766224999745 4
vertex 158.17983184505923 -99.30062914703399 1
vertex 158.72606101012994 -99.67947051745074 1
endloop
endfacet
facet normal -0.5699040822250967 -0.8217112248613684 -1.0599003735613848e-15
outer loop
vertex 161.07365407224322 -101.30766224999745 4
vertex 158.72606101012994 -99.67947051745074 1
vertex 159.349249369084 -100.11168751908747 1
endloop
endfacet
facet normal -0.5699040822250967 -0.8217112248613684 -1.0599003735613848e-15
outer loop
vertex 161.07365407224322 -101.30766224999745 4
vertex 159.349249369084 -100.11168751908747 1
vertex 160.02544814276135 -100.58067029495967 1
endloop
endfacet
facet normal -0.5699040822250967 -0.8217112248613684 -1.0599003735613848e-15
outer loop
vertex 161.07365407224322 -101.30766224999745 4
vertex 160.02544814276135 -100.58067029495967 1
vertex 160.72867139152635 -101.06839609999999 1
endloop
endfacet
facet normal -0.5699040822250967 -0.8217112248613684 -1.0599003735613848e-15
outer loop
vertex 161.07365407224322 -101.30766224999745 4
vertex 160.72867139152635 -101.06839609999999 1
vertex 161.07365529996747 -101.30766229998005 1
endloop
endfacet
facet normal 0 0 -1
outer loop
vertex 146.0431256998988 -90.82058909989335 4
vertex 145.22909873620134 -89.92414710000016 4
vertex 145.1465303428214 -89.83321918361605 4
endloop
endfacet
facet normal 0 0 -1
outer loop
vertex 146.0431256998988 -90.82058909989335 4
vertex 145.1465303428214 -89.83321918361605 4
vertex 145.0558837305111 -89.7333951801778 4
endloop
endfacet
facet normal 0 0 -1
outer loop
vertex 146.0431256998988 -90.82058909989335 4
vertex 145.0558837305111 -89.7333951801778 4
vertex 144.95767568802145 -89.6252442 4
endloop
endfacet
facet normal 0 0 -1
outer loop
vertex 146.0431256998988 -90.82058909989335 4
vertex 144.95767568802145 -89.6252442 4
vertex 132.09475189995263 -75.46003144995201 4
endloop
endfacet
facet normal 0 0 -1
outer loop
vertex 146.0431256998988 -90.82058909989335 4
vertex 132.09475189995263 -75.46003144995201 4
vertex 132.09475189996948 -75.46003144997056 1
endloop
endfacet
facet normal 0 0 -1
outer loop
vertex 146.0431256998988 -90.82058909989335 4
vertex 132.09475189996948 -75.46003144997056 1
vertex 146.0431256998391 -90.82058909982761 1
endloop
endfacet
facet normal -0.3420202753054014 -0.9396925727492037 0
outer loop
vertex 131.29815380001364 -74.92515290000556 4
vertex 110.61398240000588 -67.39672690000263 4
vertex 110.61398239999546 -67.39672689999884 1
endloop
endfacet
facet normal -0.3420202753054014 -0.9396925727492037 0
outer loop
vertex 131.29815380001364 -74.92515290000556 4
vertex 110.61398239999546 -67.39672689999884 1
vertex 131.29815380000485 -74.92515290000237 1
endloop
endfacet
facet normal 0.13499846418872613 -0.9908458077151486 0
outer loop
vertex 109.6599448000082 -67.29442379999833 4
vertex 89.05788145000675 -70.10136599999863 4
vertex 89.05788145000624 -70.10136599999869 1
endloop
endfacet
facet normal 0.13499846418872613 -0.9908458077151486 0
outer loop
vertex 109.6599448000082 -67.29442379999833 4
vertex 89.05788145000624 -70.10136599999869 1
vertex 109.65994480000921 -67.29442379999819 1
endloop
endfacet
facet normal 0.31382947918412113 -0.9494793615424314 0
outer loop
vertex 88.70022290005888 -70.18410199998313 4
vertex 66.81101619996042 -77.41909530001513 4
vertex 66.81101619995783 -77.41909529997504 1
endloop
endfacet
facet normal 0.31382947918412113 -0.9494793615424314 0
outer loop
vertex 88.70022290005888 -70.18410199998313 4
vertex 66.81101619995783 -77.41909529997504 1
vertex 88.70022290005878 -70.18410199998218 1
endloop
endfacet
facet normal -1.5457423785392166e-7 -0.9999999999999881 0
outer loop
vertex 171.93809269997925 -112.992793054452 4
vertex 171.56040586797582 -112.992793054452 4
vertex 171.56040582936433 -112.99279305445204 1
endloop
endfacet
facet normal -1.5457423785392166e-7 -0.9999999999999881 0
outer loop
vertex 171.93809269997925 -112.992793054452 4
vertex 171.56040582936433 -112.99279305445204 1
vertex 171.93808640051404 -112.99279305445204 1
endloop
endfacet
facet normal -1.5457423785392166e-7 -0.9999999999999881 0
outer loop
vertex 161.6412988487902 -112.99279145000081 4
vertex 161.26360985001227 -112.99279145000081 4
vertex 161.26361051729134 -112.99279150838184 1
endloop
endfacet
facet normal -1.5457423785392166e-7 -0.9999999999999881 0
outer loop
vertex 161.6412988487902 -112.99279145000081 4
vertex 161.26361051729134 -112.99279150838184 1
vertex 161.64129884879026 -112.99279150838184 1
endloop
endfacet
facet normal 0.44211851615465625 0.896956642025222 -2.070051986125252e-7
outer loop
vertex 46.63603160000275 -135.8373455000013 4
vertex 111.91873649998092 -168.01581574999256 4
vertex 111.91874534060844 -168.01582079998104 1
endloop
endfacet
facet normal 0.44211851615465625 0.896956642025222 -2.070051986125252e-7
outer loop
vertex 46.63603160000275 -135.8373455000013 4
vertex 111.91874534060844 -168.01582079998104 1
vertex 66.37968767184358 -145.5691826000006 1
endloop
endfacet
facet normal 0.44211851615465625 0.896956642025222 -2.070051986125252e-7
outer loop
vertex 46.63603160000275 -135.8373455000013 4
vertex 66.37968767184358 -145.5691826000006 1
vertex 66.28223207036073 -145.5211458010116 1
endloop
endfacet
facet normal 0.44211851615465625 0.896956642025222 -2.070051986125252e-7
outer loop
vertex 46.63603160000275 -135.8373455000013 4
vertex 66.28223207036073 -145.5211458010116 1
vertex 65.99361043003866 -145.37888143128015 1
endloop
endfacet
facet normal 0.44211851615465625 0.896956642025222 -2.070051986125252e-7
outer loop
vertex 46.63603160000275 -135.8373455000013 4
vertex 65.99361043003866 -145.37888143128015 1
vertex 65.52491431863197 -145.14785663075776 1
endloop
endfacet
facet normal 0.44211851615465625 0.896956642025222 -2.070051986125252e-7
outer loop
vertex 46.63603160000275 -135.8373455000013 4
vertex 65.52491431863197 -145.14785663075776 1
vertex 64.89415546487211 -144.83694955296798 1
endloop
endfacet
facet normal 0.44211851615465625 0.896956642025222 -2.070051986125252e-7
outer loop
vertex 46.63603160000275 -135.8373455000013 4
vertex 64.89415546487211 -144.83694955296798 1
vertex 64.12557357775687 -144.45810818254952 1
endloop
endfacet
facet normal 0.44211851615465625 0.896956642025222 -2.070051986125252e-7
outer loop
vertex 46.63603160000275 -135.8373455000013 4
vertex 64.12557357775687 -144.45810818254952 1
vertex 63.24870482820483 -144.02589118091308 1
endloop
endfacet
facet normal 0.44211851615465625 0.896956642025222 -2.070051986125252e-7
outer loop
vertex 46.63603160000275 -135.8373455000013 4
vertex 63.24870482820483 -144.02589118091308 1
vertex 62.297246790510734 -143.55690840504033 1
endloop
endfacet
facet normal 0.44211851615465625 0.896956642025222 -2.070051986125252e-7
outer loop
vertex 46.63603160000275 -135.8373455000013 4
vertex 62.297246790510734 -143.55690840504033 1
vertex 61.307763463454144 -143.06918260000003 1
endloop
endfacet
facet normal 0.44211851615465625 0.896956642025222 -2.070051986125252e-7
outer loop
vertex 46.63603160000275 -135.8373455000013 4
vertex 61.307763463454144 -143.06918260000003 1
vertex 60.31828013639721 -142.58145679495988 1
endloop
endfacet
facet normal 0.44211851615465625 0.896956642025222 -2.070051986125252e-7
outer loop
vertex 46.63603160000275 -135.8373455000013 4
vertex 60.31828013639721 -142.58145679495988 1
vertex 59.36682209866195 -142.11247401908744 1
endloop
endfacet
facet normal 0.44211851615465625 0.896956642025222 -2.070051986125252e-7
outer loop
vertex 46.63603160000275 -135.8373455000013 4
vertex 59.36682209866195 -142.11247401908744 1
vertex 58.4899533491106 -141.68025701745123 1
endloop
endfacet
facet normal 0.44211851615465625 0.896956642025222 -2.070051986125252e-7
outer loop
vertex 46.63603160000275 -135.8373455000013 4
vertex 58.4899533491106 -141.68025701745123 1
vertex 57.72137146203271 -141.30141564703337 1
endloop
endfacet
facet normal 0.44211851615465625 0.896956642025222 -2.070051986125252e-7
outer loop
vertex 46.63603160000275 -135.8373455000013 4
vertex 57.72137146203271 -141.30141564703337 1
vertex 57.09061260826245 -140.9905085692426 1
endloop
endfacet
facet normal 0.44211851615465625 0.896956642025222 -2.070051986125252e-7
outer loop
vertex 46.63603160000275 -135.8373455000013 4
vertex 57.09061260826245 -140.9905085692426 1
vertex 56.621916496867335 -140.75948376872356 1
endloop
endfacet
facet normal 0.44211851615465625 0.896956642025222 -2.070051986125252e-7
outer loop
vertex 46.63603160000275 -135.8373455000013 4
vertex 56.621916496867335 -140.75948376872356 1
vertex 56.333294856541606 -140.61721939899206 1
endloop
endfacet
facet normal 0.44211851615465625 0.896956642025222 -2.070051986125252e-7
outer loop
vertex 46.63603160000275 -135.8373455000013 4
vertex 56.333294856541606 -140.61721939899206 1
vertex 56.2358392550606 -140.56918260000066 1
endloop
endfacet
facet normal 0.44211851615465625 0.896956642025222 -2.070051986125252e-7
outer loop
vertex 46.63603160000275 -135.8373455000013 4
vertex 56.2358392550606 -140.56918260000066 1
vertex 53.61372159159684 -139.2767157000003 1
endloop
endfacet
facet normal 0.44211851615465625 0.896956642025222 -2.070051986125252e-7
outer loop
vertex 46.63603160000275 -135.8373455000013 4
vertex 53.61372159159684 -139.2767157000003 1
vertex 53.516265990118384 -139.22867890100912 1
endloop
endfacet
facet normal 0.44211851615465625 0.896956642025222 -2.070051986125252e-7
outer loop
vertex 46.63603160000275 -135.8373455000013 4
vertex 53.516265990118384 -139.22867890100912 1
vertex 53.22764434978242 -139.08641453128078 1
endloop
endfacet
facet normal 0.44211851615465625 0.896956642025222 -2.070051986125252e-7
outer loop
vertex 46.63603160000275 -135.8373455000013 4
vertex 53.22764434978242 -139.08641453128078 1
vertex 52.75894823839962 -138.85538973075572 1
endloop
endfacet
facet normal 0.44211851615465625 0.896956642025222 -2.070051986125252e-7
outer loop
vertex 46.63603160000275 -135.8373455000013 4
vertex 52.75894823839962 -138.85538973075572 1
vertex 52.12818938462843 -138.5444826529651 1
endloop
endfacet
facet normal 0.44211851615465625 0.896956642025222 -2.070051986125252e-7
outer loop
vertex 46.63603160000275 -135.8373455000013 4
vertex 52.12818938462843 -138.5444826529651 1
vertex 51.35960749750666 -138.1656412825489 1
endloop
endfacet
facet normal 0.44211851615465625 0.896956642025222 -2.070051986125252e-7
outer loop
vertex 46.63603160000275 -135.8373455000013 4
vertex 51.35960749750666 -138.1656412825489 1
vertex 50.48273874795566 -137.73342428091394 1
endloop
endfacet
facet normal 0.44211851615465625 0.896956642025222 -2.070051986125252e-7
outer loop
vertex 46.63603160000275 -135.8373455000013 4
vertex 50.48273874795566 -137.73342428091394 1
vertex 49.531280710277876 -137.2644415050403 1
endloop
endfacet
facet normal 0.44211851615465625 0.896956642025222 -2.070051986125252e-7
outer loop
vertex 46.63603160000275 -135.8373455000013 4
vertex 49.531280710277876 -137.2644415050403 1
vertex 48.541797383214785 -136.77671570000004 1
endloop
endfacet
facet normal 0.44211851615465625 0.896956642025222 -2.070051986125252e-7
outer loop
vertex 46.63603160000275 -135.8373455000013 4
vertex 48.541797383214785 -136.77671570000004 1
vertex 47.5523140561712 -136.28898989496005 1
endloop
endfacet
facet normal 0.44211851615465625 0.896956642025222 -2.070051986125252e-7
outer loop
vertex 46.63603160000275 -135.8373455000013 4
vertex 47.5523140561712 -136.28898989496005 1
vertex 46.636031600021646 -135.83734550001265 1
endloop
endfacet
facet normal 0 0 -1
outer loop
vertex 112.78727299998442 -168.846511499978 4
vertex 112.8178298831356 -168.9021156808515 4
vertex 112.93570245068386 -169.11660769999995 4
endloop
endfacet
facet normal 0 0 -1
outer loop
vertex 112.78727299998442 -168.846511499978 4
vertex 112.93570245068386 -169.11660769999995 4
vertex 130.86362754998848 -201.73994774998562 4
endloop
endfacet
facet normal 0 0 -1
outer loop
vertex 112.78727299998442 -168.846511499978 4
vertex 130.86362754998848 -201.73994774998562 4
vertex 130.8636275499684 -201.7399477499556 1
endloop
endfacet
facet normal 0 0 -1
outer loop
vertex 112.78727299998442 -168.846511499978 4
vertex 130.8636275499684 -201.7399477499556 1
vertex 123.30969201200499 -187.9940955999921 1
endloop
endfacet
facet normal 0 0 -1
outer loop
vertex 112.78727299998442 -168.846511499978 4
vertex 123.30969201200499 -187.9940955999921 1
vertex 123.25783206517188 -187.89972635920495 1
endloop
endfacet
facet normal 0 0 -1
outer loop
vertex 112.78727299998442 -168.846511499978 4
vertex 123.25783206517188 -187.89972635920495 1
vertex 123.22026868458818 -187.83137249608797 1
endloop
endfacet
facet normal 0 0 -1
outer loop
vertex 112.78727299998442 -168.846511499978 4
vertex 123.22026868458818 -187.83137249608797 1
vertex 123.19752015016672 -187.78997712155584 1
endloop
endfacet
facet normal 0 0 -1
outer loop
vertex 112.78727299998442 -168.846511499978 4
vertex 123.19752015016672 -187.78997712155584 1
vertex 123.1899002313388 -187.7761112000005 1
endloop
endfacet
facet normal 0 0 -1
outer loop
vertex 112.78727299998442 -168.846511499978 4
vertex 123.1899002313388 -187.7761112000005 1
vertex 112.78727299993743 -168.8465114998979 1
endloop
endfacet
facet normal 0 0 -1
outer loop
vertex 163.017095900011 -187.776112164502 4
vertex 166.9423140427429 -187.776112164502 4
vertex 170.18461135001317 -187.77611410000043 4
endloop
endfacet
facet normal 0 0 -1
outer loop
vertex 163.017095900011 -187.776112164502 4
vertex 170.18461135001317 -187.77611410000043 4
vertex 170.1846113500126 -187.77611328911712 1
endloop
endfacet
facet normal 0 0 -1
outer loop
vertex 163.017095900011 -187.776112164502 4
vertex 170.1846113500126 -187.77611328911712 1
vertex 168.18046678199607 -187.77611328911712 1
endloop
endfacet
facet normal 0 0 -1
outer loop
vertex 163.017095900011 -187.776112164502 4
vertex 168.18046678199607 -187.77611328911712 1
vertex 165.4009164936443 -187.77611328911712 1
endloop
endfacet
facet normal 0 0 -1
outer loop
vertex 163.017095900011 -187.776112164502 4
vertex 165.4009164936443 -187.77611328911712 1
vertex 163.01709590000735 -187.7761112000005 1
endloop
endfacet
facet normal -0.9396926741245352 -0.34201999677896083 1.3014155337030754e-14
outer loop
vertex 287.5608240000102 -133.359392200039 4
vertex 267.6424244499867 -78.63401264996855 4
vertex 267.64242444998143 -78.63401264995414 1
endloop
endfacet
facet normal -0.9396926741245352 -0.34201999677896083 1.3014155337030754e-14
outer loop
vertex 287.5608240000102 -133.359392200039 4
vertex 267.64242444998143 -78.63401264995414 1
vertex 272.07797518475724 -90.82059404995972 1
endloop
endfacet
facet normal -0.9396926741245352 -0.34201999677896083 1.3014155337030754e-14
outer loop
vertex 287.5608240000102 -133.359392200039 4
vertex 272.07797518475724 -90.82059404995972 1
vertex 272.11733784775345 -90.92874213018882 1
endloop
endfacet
facet normal -0.9396926741245352 -0.34201999677896083 1.3014155337030754e-14
outer loop
vertex 287.5608240000102 -133.359392200039 4
vertex 272.11733784775345 -90.92874213018882 1
vertex 272.153670796033 -91.02856613360727 1
endloop
endfacet
facet normal -0.9396926741245352 -0.34201999677896083 1.3014155337030754e-14
outer loop
vertex 287.5608240000102 -133.359392200039 4
vertex 272.153670796033 -91.02856613360727 1
vertex 272.1867673090828 -91.11949809999774 1
endloop
endfacet
facet normal -0.9396926741245352 -0.34201999677896083 1.3014155337030754e-14
outer loop
vertex 287.5608240000102 -133.359392200039 4
vertex 272.1867673090828 -91.11949809999774 1
vertex 274.89794314360887 -98.56839610000023 1
endloop
endfacet
facet normal -0.9396926741245352 -0.34201999677896083 1.3014155337030754e-14
outer loop
vertex 287.5608240000102 -133.359392200039 4
vertex 274.89794314360887 -98.56839610000023 1
vertex 274.9154271001079 -98.61643289899182 1
endloop
endfacet
facet normal -0.9396926741245352 -0.34201999677896083 1.3014155337030754e-14
outer loop
vertex 287.5608240000102 -133.359392200039 4
vertex 274.9154271001079 -98.61643289899182 1
vertex 274.9672070709591 -98.7586972687211 1
endloop
endfacet
facet normal -0.9396926741245352 -0.34201999677896083 1.3014155337030754e-14
outer loop
vertex 287.5608240000102 -133.359392200039 4
vertex 274.9672070709591 -98.7586972687211 1
vertex 275.05129318092673 -98.98972206924381 1
endloop
endfacet
facet normal -0.9396926741245352 -0.34201999677896083 1.3014155337030754e-14
outer loop
vertex 287.5608240000102 -133.359392200039 4
vertex 275.05129318092673 -98.98972206924381 1
vertex 275.16445404795394 -99.30062914703399 1
endloop
endfacet
facet normal -0.9396926741245352 -0.34201999677896083 1.3014155337030754e-14
outer loop
vertex 287.5608240000102 -133.359392200039 4
vertex 275.16445404795394 -99.30062914703399 1
vertex 275.3023409633868 -99.67947051745074 1
endloop
endfacet
facet normal -0.9396926741245352 -0.34201999677896083 1.3014155337030754e-14
outer loop
vertex 287.5608240000102 -133.359392200039 4
vertex 275.3023409633868 -99.67947051745074 1
vertex 275.4596550103927 -100.11168751908747 1
endloop
endfacet
facet normal -0.9396926741245352 -0.34201999677896083 1.3014155337030754e-14
outer loop
vertex 287.5608240000102 -133.359392200039 4
vertex 275.4596550103927 -100.11168751908747 1
vertex 275.63035069836434 -100.58067029495967 1
endloop
endfacet
facet normal -0.9396926741245352 -0.34201999677896083 1.3014155337030754e-14
outer loop
vertex 287.5608240000102 -133.359392200039 4
vertex 275.63035069836434 -100.58067029495967 1
vertex 275.8078682877453 -101.06839609999999 1
endloop
endfacet
facet normal -0.9396926741245352 -0.34201999677896083 1.3014155337030754e-14
outer loop
vertex 287.5608240000102 -133.359392200039 4
vertex 275.8078682877453 -101.06839609999999 1
vertex 275.9853858771264 -101.55612190504033 1
endloop
endfacet
facet normal -0.9396926741245352 -0.34201999677896083 1.3014155337030754e-14
outer loop
vertex 287.5608240000102 -133.359392200039 4
vertex 275.9853858771264 -101.55612190504033 1
vertex 276.15608156510393 -102.02510468091273 1
endloop
endfacet
facet normal -0.9396926741245352 -0.34201999677896083 1.3014155337030754e-14
outer loop
vertex 287.5608240000102 -133.359392200039 4
vertex 276.15608156510393 -102.02510468091273 1
vertex 276.31339561209825 -102.45732168255022 1
endloop
endfacet
facet normal -0.9396926741245352 -0.34201999677896083 1.3014155337030754e-14
outer loop
vertex 287.5608240000102 -133.359392200039 4
vertex 276.31339561209825 -102.45732168255022 1
vertex 276.4512825275412 -102.83616305296509 1
endloop
endfacet
facet normal -0.9396926741245352 -0.34201999677896083 1.3014155337030754e-14
outer loop
vertex 287.5608240000102 -133.359392200039 4
vertex 276.4512825275412 -102.83616305296509 1
vertex 276.56444339456436 -103.14707013075724 1
endloop
endfacet
facet normal -0.9396926741245352 -0.34201999677896083 1.3014155337030754e-14
outer loop
vertex 287.5608240000102 -133.359392200039 4
vertex 276.56444339456436 -103.14707013075724 1
vertex 276.64852950453144 -103.37809493127756 1
endloop
endfacet
facet normal -0.9396926741245352 -0.34201999677896083 1.3014155337030754e-14
outer loop
vertex 287.5608240000102 -133.359392200039 4
vertex 276.64852950453144 -103.37809493127756 1
vertex 276.70030947538476 -103.52035930100729 1
endloop
endfacet
facet normal -0.9396926741245352 -0.34201999677896083 1.3014155337030754e-14
outer loop
vertex 287.5608240000102 -133.359392200039 4
vertex 276.70030947538476 -103.52035930100729 1
vertex 276.7177934318829 -103.56839610000016 1
endloop
endfacet
facet normal -0.9396926741245352 -0.34201999677896083 1.3014155337030754e-14
outer loop
vertex 287.5608240000102 -133.359392200039 4
vertex 276.7177934318829 -103.56839610000016 1
vertex 277.513131666222 -105.75357100000019 1
endloop
endfacet
facet normal -0.9396926741245352 -0.34201999677896083 1.3014155337030754e-14
outer loop
vertex 287.5608240000102 -133.359392200039 4
vertex 277.513131666222 -105.75357100000019 1
vertex 277.5306156227208 -105.80160779899126 1
endloop
endfacet
facet normal -0.9396926741245352 -0.34201999677896083 1.3014155337030754e-14
outer loop
vertex 287.5608240000102 -133.359392200039 4
vertex 277.5306156227208 -105.80160779899126 1
vertex 277.58239559357474 -105.94387216872298 1
endloop
endfacet
facet normal -0.9396926741245352 -0.34201999677896083 1.3014155337030754e-14
outer loop
vertex 287.5608240000102 -133.359392200039 4
vertex 277.58239559357474 -105.94387216872298 1
vertex 277.6664817035385 -106.17489696924328 1
endloop
endfacet
facet normal -0.9396926741245352 -0.34201999677896083 1.3014155337030754e-14
outer loop
vertex 287.5608240000102 -133.359392200039 4
vertex 277.6664817035385 -106.17489696924328 1
vertex 277.7796425705719 -106.48580404703392 1
endloop
endfacet
facet normal -0.9396926741245352 -0.34201999677896083 1.3014155337030754e-14
outer loop
vertex 287.5608240000102 -133.359392200039 4
vertex 277.7796425705719 -106.48580404703392 1
vertex 277.91752948599037 -106.86464541745097 1
endloop
endfacet
facet normal -0.9396926741245352 -0.34201999677896083 1.3014155337030754e-14
outer loop
vertex 287.5608240000102 -133.359392200039 4
vertex 277.91752948599037 -106.86464541745097 1
vertex 278.07484353300885 -107.29686241908715 1
endloop
endfacet
facet normal -0.9396926741245352 -0.34201999677896083 1.3014155337030754e-14
outer loop
vertex 287.5608240000102 -133.359392200039 4
vertex 278.07484353300885 -107.29686241908715 1
vertex 278.2455392209782 -107.76584519495941 1
endloop
endfacet
facet normal -0.9396926741245352 -0.34201999677896083 1.3014155337030754e-14
outer loop
vertex 287.5608240000102 -133.359392200039 4
vertex 278.2455392209782 -107.76584519495941 1
vertex 278.4230568103582 -108.25357099999992 1
endloop
endfacet
facet normal -0.9396926741245352 -0.34201999677896083 1.3014155337030754e-14
outer loop
vertex 287.5608240000102 -133.359392200039 4
vertex 278.4230568103582 -108.25357099999992 1
vertex 278.6005743997435 -108.7412968050403 1
endloop
endfacet
facet normal -0.9396926741245352 -0.34201999677896083 1.3014155337030754e-14
outer loop
vertex 287.5608240000102 -133.359392200039 4
vertex 278.6005743997435 -108.7412968050403 1
vertex 278.7712700877122 -109.21027958091328 1
endloop
endfacet
facet normal -0.9396926741245352 -0.34201999677896083 1.3014155337030754e-14
outer loop
vertex 287.5608240000102 -133.359392200039 4
vertex 278.7712700877122 -109.21027958091328 1
vertex 278.92858413471805 -109.64249658254964 1
endloop
endfacet
facet normal -0.9396926741245352 -0.34201999677896083 1.3014155337030754e-14
outer loop
vertex 287.5608240000102 -133.359392200039 4
vertex 278.92858413471805 -109.64249658254964 1
vertex 279.06647105015105 -110.02133795296432 1
endloop
endfacet
facet normal -0.9396926741245352 -0.34201999677896083 1.3014155337030754e-14
outer loop
vertex 287.5608240000102 -133.359392200039 4
vertex 279.06647105015105 -110.02133795296432 1
vertex 279.1796319171778 -110.33224503075488 1
endloop
endfacet
facet normal -0.9396926741245352 -0.34201999677896083 1.3014155337030754e-14
outer loop
vertex 287.5608240000102 -133.359392200039 4
vertex 279.1796319171778 -110.33224503075488 1
vertex 279.26371802714505 -110.56326983127865 1
endloop
endfacet
facet normal -0.9396926741245352 -0.34201999677896083 1.3014155337030754e-14
outer loop
vertex 287.5608240000102 -133.359392200039 4
vertex 279.26371802714505 -110.56326983127865 1
vertex 279.3154979979979 -110.7055342010084 1
endloop
endfacet
facet normal -0.9396926741245352 -0.34201999677896083 1.3014155337030754e-14
outer loop
vertex 287.5608240000102 -133.359392200039 4
vertex 279.3154979979979 -110.7055342010084 1
vertex 279.3329819544964 -110.75357100000036 1
endloop
endfacet
facet normal -0.9396926741245352 -0.34201999677896083 1.3014155337030754e-14
outer loop
vertex 287.5608240000102 -133.359392200039 4
vertex 279.3329819544964 -110.75357100000036 1
vertex 279.42005112646774 -110.99279170000014 1
endloop
endfacet
facet normal -0.9396926741245352 -0.34201999677896083 1.3014155337030754e-14
outer loop
vertex 287.5608240000102 -133.359392200039 4
vertex 279.42005112646774 -110.99279170000014 1
vertex 279.5464560668716 -111.34008658798722 1
endloop
endfacet
facet normal -0.9396926741245352 -0.34201999677896083 1.3014155337030754e-14
outer loop
vertex 287.5608240000102 -133.359392200039 4
vertex 279.5464560668716 -111.34008658798722 1
vertex 279.6690209417752 -111.67683097760349 1
endloop
endfacet
facet normal -0.9396926741245352 -0.34201999677896083 1.3014155337030754e-14
outer loop
vertex 287.5608240000102 -133.359392200039 4
vertex 279.6690209417752 -111.67683097760349 1
vertex 279.7840203796486 -111.99278948972501 1
endloop
endfacet
facet normal -0.9396926741245352 -0.34201999677896083 1.3014155337030754e-14
outer loop
vertex 287.5608240000102 -133.359392200039 4
vertex 279.7840203796486 -111.99278948972501 1
vertex 279.8879611478248 -112.27836454182102 1
endloop
endfacet
facet normal -0.9396926741245352 -0.34201999677896083 1.3014155337030754e-14
outer loop
vertex 287.5608240000102 -133.359392200039 4
vertex 279.8879611478248 -112.27836454182102 1
vertex 279.9776847457811 -112.5248782208155 1
endloop
endfacet
facet normal -0.9396926741245352 -0.34201999677896083 1.3014155337030754e-14
outer loop
vertex 287.5608240000102 -133.359392200039 4
vertex 279.9776847457811 -112.5248782208155 1
vertex 280.0504649753683 -112.72484035521774 1
endloop
endfacet
facet normal -0.9396926741245352 -0.34201999677896083 1.3014155337030754e-14
outer loop
vertex 287.5608240000102 -133.359392200039 4
vertex 280.0504649753683 -112.72484035521774 1
vertex 280.1040911737134 -112.87217719575514 1
endloop
endfacet
facet normal -0.9396926741245352 -0.34201999677896083 1.3014155337030754e-14
outer loop
vertex 287.5608240000102 -133.359392200039 4
vertex 280.1040911737134 -112.87217719575514 1
vertex 280.1369318357504 -112.96240621692401 1
endloop
endfacet
facet normal -0.9396926741245352 -0.34201999677896083 1.3014155337030754e-14
outer loop
vertex 287.5608240000102 -133.359392200039 4
vertex 280.1369318357504 -112.96240621692401 1
vertex 280.1479917347574 -112.99279305445204 1
endloop
endfacet
facet normal -0.9396926741245352 -0.34201999677896083 1.3014155337030754e-14
outer loop
vertex 287.5608240000102 -133.359392200039 4
vertex 280.1479917347574 -112.99279305445204 1
vertex 280.2266548786166 -113.20891837082019 1
endloop
endfacet
facet normal -0.9396926741245352 -0.34201999677896083 1.3014155337030754e-14
outer loop
vertex 287.5608240000102 -133.359392200039 4
vertex 280.2266548786166 -113.20891837082019 1
vertex 280.2994351081974 -113.40888050520502 1
endloop
endfacet
facet normal -0.9396926741245352 -0.34201999677896083 1.3014155337030754e-14
outer loop
vertex 287.5608240000102 -133.359392200039 4
vertex 280.2994351081974 -113.40888050520502 1
vertex 280.3530605854569 -113.55621536457504 1
endloop
endfacet
facet normal -0.9396926741245352 -0.34201999677896083 1.3014155337030754e-14
outer loop
vertex 287.5608240000102 -133.359392200039 4
vertex 280.3530605854569 -113.55621536457504 1
vertex 280.385901968585 -113.64644636692655 1
endloop
endfacet
facet normal -0.9396926741245352 -0.34201999677896083 1.3014155337030754e-14
outer loop
vertex 287.5608240000102 -133.359392200039 4
vertex 280.385901968585 -113.64644636692655 1
vertex 280.3969619387647 -113.6768334 1
endloop
endfacet
facet normal -0.9396926741245352 -0.34201999677896083 1.3014155337030754e-14
outer loop
vertex 287.5608240000102 -133.359392200039 4
vertex 280.3969619387647 -113.6768334 1
vertex 287.56082400000986 -133.3593922000381 1
endloop
endfacet
facet normal -0.31382930980813484 -0.9494794175259145 0
outer loop
vertex 266.39068890004637 -77.41909530001513 4
vertex 244.50148149995655 -70.18410449998547 4
vertex 244.5014814999764 -70.18410449998947 1
endloop
endfacet
facet normal -0.31382930980813484 -0.9494794175259145 0
outer loop
vertex 266.39068890004637 -77.41909530001513 4
vertex 244.5014814999764 -70.18410449998947 1
vertex 266.3906888999335 -77.41909529997504 1
endloop
endfacet
facet normal 0.5699044600202094 -0.82171096283856 1.3690180265576747e-8
outer loop
vertex 186.81775399999518 -91.11949810000262 4
vertex 172.1280529000026 -101.30766224999745 4
vertex 172.12805290000134 -101.30766229998005 1
endloop
endfacet
facet normal 0.5699044600202094 -0.82171096283856 1.3690180265576747e-8
outer loop
vertex 186.81775399999518 -91.11949810000262 4
vertex 172.12805290000134 -101.30766229998005 1
vertex 172.47303637053648 -101.06839609999999 1
endloop
endfacet
facet normal 0.5699044600202094 -0.82171096283856 1.3690180265576747e-8
outer loop
vertex 186.81775399999518 -91.11949810000262 4
vertex 172.47303637053648 -101.06839609999999 1
vertex 173.17625887356476 -100.58067029495967 1
endloop
endfacet
facet normal 0.5699044600202094 -0.82171096283856 1.3690180265576747e-8
outer loop
vertex 186.81775399999518 -91.11949810000262 4
vertex 173.17625887356476 -100.58067029495967 1
vertex 173.8524569301638 -100.11168751908747 1
endloop
endfacet
facet normal 0.5699044600202094 -0.82171096283856 1.3690180265576747e-8
outer loop
vertex 186.81775399999518 -91.11949810000262 4
vertex 173.8524569301638 -100.11168751908747 1
vertex 174.47564462825454 -99.67947051745074 1
endloop
endfacet
facet normal 0.5699044600202094 -0.82171096283856 1.3690180265576747e-8
outer loop
vertex 186.81775399999518 -91.11949810000262 4
vertex 174.47564462825454 -99.67947051745074 1
vertex 175.02187321407376 -99.30062914703399 1
endloop
endfacet
facet normal 0.5699044600202094 -0.82171096283856 1.3690180265576747e-8
outer loop
vertex 186.81775399999518 -91.11949810000262 4
vertex 175.02187321407376 -99.30062914703399 1
vertex 175.47015142939463 -98.98972206924381 1
endloop
endfacet
facet normal 0.5699044600202094 -0.82171096283856 1.3690180265576747e-8
outer loop
vertex 186.81775399999518 -91.11949810000262 4
vertex 175.47015142939463 -98.98972206924381 1
vertex 175.80325219381766 -98.7586972687211 1
endloop
endfacet
facet normal 0.5699044600202094 -0.82171096283856 1.3690180265576747e-8
outer loop
vertex 186.81775399999518 -91.11949810000262 4
vertex 175.80325219381766 -98.7586972687211 1
vertex 176.0083746317445 -98.61643289899182 1
endloop
endfacet
facet normal 0.5699044600202094 -0.82171096283856 1.3690180265576747e-8
outer loop
vertex 186.81775399999518 -91.11949810000262 4
vertex 176.0083746317445 -98.61643289899182 1
vertex 176.07763600294118 -98.56839610000023 1
endloop
endfacet
facet normal 0.5699044600202094 -0.82171096283856 1.3690180265576747e-8
outer loop
vertex 186.81775399999518 -91.11949810000262 4
vertex 176.07763600294118 -98.56839610000023 1
vertex 186.81775400000166 -91.11949809999774 1
endloop
endfacet
facet normal 0.9396925710928427 -0.34202027985621397 -3.9042464905083796e-14
outer loop
vertex 65.55929239999614 -78.63401264996855 4
vertex 45.640875799997076 -133.35938775000713 4
vertex 45.64087579999722 -133.3593877500064 1
endloop
endfacet
facet normal 0.9396925710928427 -0.34202027985621397 -3.9042464905083796e-14
outer loop
vertex 65.55929239999614 -78.63401264996855 4
vertex 45.64087579999722 -133.3593877500064 1
vertex 52.80474310684753 -113.6768334 1
endloop
endfacet
facet normal 0.9396925710928427 -0.34202027985621397 -3.9042464905083796e-14
outer loop
vertex 65.55929239999614 -78.63401264996855 4
vertex 52.80474310684753 -113.6768334 1
vertex 52.81580308762626 -113.64644636692655 1
endloop
endfacet
facet normal 0.9396925710928427 -0.34202027985621397 -3.9042464905083796e-14
outer loop
vertex 65.55929239999614 -78.63401264996855 4
vertex 52.81580308762626 -113.64644636692655 1
vertex 52.848644502226996 -113.55621536457504 1
endloop
endfacet
facet normal 0.9396925710928427 -0.34202027985621397 -3.9042464905083796e-14
outer loop
vertex 65.55929239999614 -78.63401264996855 4
vertex 52.848644502226996 -113.55621536457504 1
vertex 52.902270030876934 -113.40888050520502 1
endloop
endfacet
facet normal 0.9396925710928427 -0.34202027985621397 -3.9042464905083796e-14
outer loop
vertex 65.55929239999614 -78.63401264996855 4
vertex 52.902270030876934 -113.40888050520502 1
vertex 52.97505033020467 -113.20891837082019 1
endloop
endfacet
facet normal 0.9396925710928427 -0.34202027985621397 -3.9042464905083796e-14
outer loop
vertex 65.55929239999614 -78.63401264996855 4
vertex 52.97505033020467 -113.20891837082019 1
vertex 53.05371411217225 -112.99279150838184 1
endloop
endfacet
facet normal 0.9396925710928427 -0.34202027985621397 -3.9042464905083796e-14
outer loop
vertex 65.55929239999614 -78.63401264996855 4
vertex 53.05371411217225 -112.99279150838184 1
vertex 53.064774014136205 -112.96240469185007 1
endloop
endfacet
facet normal 0.9396925710928427 -0.34202027985621397 -3.9042464905083796e-14
outer loop
vertex 65.55929239999614 -78.63401264996855 4
vertex 53.064774014136205 -112.96240469185007 1
vertex 53.097614873658685 -112.87217521456286 1
endloop
endfacet
facet normal 0.9396925710928427 -0.34202027985621397 -3.9042464905083796e-14
outer loop
vertex 65.55929239999614 -78.63401264996855 4
vertex 53.097614873658685 -112.87217521456286 1
vertex 53.15124040229955 -112.72484035521774 1
endloop
endfacet
facet normal 0.9396925710928427 -0.34202027985621397 -3.9042464905083796e-14
outer loop
vertex 65.55929239999614 -78.63401264996855 4
vertex 53.15124040229955 -112.72484035521774 1
vertex 53.22402070163361 -112.5248782208155 1
endloop
endfacet
facet normal 0.9396925710928427 -0.34202027985621397 -3.9042464905083796e-14
outer loop
vertex 65.55929239999614 -78.63401264996855 4
vertex 53.22402070163361 -112.5248782208155 1
vertex 53.31374438557401 -112.27836454182102 1
endloop
endfacet
facet normal 0.9396925710928427 -0.34202027985621397 -3.9042464905083796e-14
outer loop
vertex 65.55929239999614 -78.63401264996855 4
vertex 53.31374438557401 -112.27836454182102 1
vertex 53.417685253358904 -111.99278948972501 1
endloop
endfacet
facet normal 0.9396925710928427 -0.34202027985621397 -3.9042464905083796e-14
outer loop
vertex 65.55929239999614 -78.63401264996855 4
vertex 53.417685253358904 -111.99278948972501 1
vertex 53.53268480143877 -111.67683097760349 1
endloop
endfacet
facet normal 0.9396925710928427 -0.34202027985621397 -3.9042464905083796e-14
outer loop
vertex 65.55929239999614 -78.63401264996855 4
vertex 53.53268480143877 -111.67683097760349 1
vertex 53.65524979379895 -111.34008658798722 1
endloop
endfacet
facet normal 0.9396925710928427 -0.34202027985621397 -3.9042464905083796e-14
outer loop
vertex 65.55929239999614 -78.63401264996855 4
vertex 53.65524979379895 -111.34008658798722 1
vertex 53.781654855339454 -110.99279170000014 1
endloop
endfacet
facet normal 0.9396925710928427 -0.34202027985621397 -3.9042464905083796e-14
outer loop
vertex 65.55929239999614 -78.63401264996855 4
vertex 53.781654855339454 -110.99279170000014 1
vertex 53.86872411075108 -110.75357100000036 1
endloop
endfacet
facet normal 0.9396925710928427 -0.34202027985621397 -3.9042464905083796e-14
outer loop
vertex 65.55929239999614 -78.63401264996855 4
vertex 53.86872411075108 -110.75357100000036 1
vertex 53.8862080840048 -110.7055342010084 1
endloop
endfacet
facet normal 0.9396925710928427 -0.34202027985621397 -3.9042464905083796e-14
outer loop
vertex 65.55929239999614 -78.63401264996855 4
vertex 53.8862080840048 -110.7055342010084 1
vertex 53.93798810447957 -110.56326983127865 1
endloop
endfacet
facet normal 0.9396925710928427 -0.34202027985621397 -3.9042464905083796e-14
outer loop
vertex 65.55929239999614 -78.63401264996855 4
vertex 53.93798810447957 -110.56326983127865 1
vertex 54.02207429502836 -110.33224503075488 1
endloop
endfacet
facet normal 0.9396925710928427 -0.34202027985621397 -3.9042464905083796e-14
outer loop
vertex 65.55929239999614 -78.63401264996855 4
vertex 54.02207429502836 -110.33224503075488 1
vertex 54.13523527049964 -110.02133795296432 1
endloop
endfacet
facet normal 0.9396925710928427 -0.34202027985621397 -3.9042464905083796e-14
outer loop
vertex 65.55929239999614 -78.63401264996855 4
vertex 54.13523527049964 -110.02133795296432 1
vertex 54.27312231807261 -109.64249658254964 1
endloop
endfacet
facet normal 0.9396925710928427 -0.34202027985621397 -3.9042464905083796e-14
outer loop
vertex 65.55929239999614 -78.63401264996855 4
vertex 54.27312231807261 -109.64249658254964 1
vertex 54.430436515835964 -109.21027958091328 1
endloop
endfacet
facet normal 0.9396925710928427 -0.34202027985621397 -3.9042464905083796e-14
outer loop
vertex 65.55929239999614 -78.63401264996855 4
vertex 54.430436515835964 -109.21027958091328 1
vertex 54.601132367386086 -108.7412968050403 1
endloop
endfacet
facet normal 0.9396925710928427 -0.34202027985621397 -3.9042464905083796e-14
outer loop
vertex 65.55929239999614 -78.63401264996855 4
vertex 54.601132367386086 -108.7412968050403 1
vertex 54.778650126890284 -108.25357099999992 1
endloop
endfacet
facet normal 0.9396925710928427 -0.34202027985621397 -3.9042464905083796e-14
outer loop
vertex 65.55929239999614 -78.63401264996855 4
vertex 54.778650126890284 -108.25357099999992 1
vertex 54.95616788638934 -107.76584519495941 1
endloop
endfacet
facet normal 0.9396925710928427 -0.34202027985621397 -3.9042464905083796e-14
outer loop
vertex 65.55929239999614 -78.63401264996855 4
vertex 54.95616788638934 -107.76584519495941 1
vertex 55.12686373794005 -107.29686241908715 1
endloop
endfacet
facet normal 0.9396925710928427 -0.34202027985621397 -3.9042464905083796e-14
outer loop
vertex 65.55929239999614 -78.63401264996855 4
vertex 55.12686373794005 -107.29686241908715 1
vertex 55.284177935716016 -106.86464541745097 1
endloop
endfacet
facet normal 0.9396925710928427 -0.34202027985621397 -3.9042464905083796e-14
outer loop
vertex 65.55929239999614 -78.63401264996855 4
vertex 55.284177935716016 -106.86464541745097 1
vertex 55.422064983274524 -106.48580404703392 1
endloop
endfacet
facet normal 0.9396925710928427 -0.34202027985621397 -3.9042464905083796e-14
outer loop
vertex 65.55929239999614 -78.63401264996855 4
vertex 55.422064983274524 -106.48580404703392 1
vertex 55.535225958752484 -106.17489696924328 1
endloop
endfacet
facet normal 0.9396925710928427 -0.34202027985621397 -3.9042464905083796e-14
outer loop
vertex 65.55929239999614 -78.63401264996855 4
vertex 55.535225958752484 -106.17489696924328 1
vertex 55.61931214929777 -105.94387216872298 1
endloop
endfacet
facet normal 0.9396925710928427 -0.34202027985621397 -3.9042464905083796e-14
outer loop
vertex 65.55929239999614 -78.63401264996855 4
vertex 55.61931214929777 -105.94387216872298 1
vertex 55.67109216977358 -105.80160779899126 1
endloop
endfacet
facet normal 0.9396925710928427 -0.34202027985621397 -3.9042464905083796e-14
outer loop
vertex 65.55929239999614 -78.63401264996855 4
vertex 55.67109216977358 -105.80160779899126 1
vertex 55.6885761430276 -105.75357100000019 1
endloop
endfacet
facet normal 0.9396925710928427 -0.34202027985621397 -3.9042464905083796e-14
outer loop
vertex 65.55929239999614 -78.63401264996855 4
vertex 55.6885761430276 -105.75357100000019 1
vertex 56.48391513955664 -103.56839610000016 1
endloop
endfacet
facet normal 0.9396925710928427 -0.34202027985621397 -3.9042464905083796e-14
outer loop
vertex 65.55929239999614 -78.63401264996855 4
vertex 56.48391513955664 -103.56839610000016 1
vertex 56.50139911281014 -103.52035930100729 1
endloop
endfacet
facet normal 0.9396925710928427 -0.34202027985621397 -3.9042464905083796e-14
outer loop
vertex 65.55929239999614 -78.63401264996855 4
vertex 56.50139911281014 -103.52035930100729 1
vertex 56.55317913328534 -103.37809493127756 1
endloop
endfacet
facet normal 0.9396925710928427 -0.34202027985621397 -3.9042464905083796e-14
outer loop
vertex 65.55929239999614 -78.63401264996855 4
vertex 56.55317913328534 -103.37809493127756 1
vertex 56.63726532383391 -103.14707013075724 1
endloop
endfacet
facet normal 0.9396925710928427 -0.34202027985621397 -3.9042464905083796e-14
outer loop
vertex 65.55929239999614 -78.63401264996855 4
vertex 56.63726532383391 -103.14707013075724 1
vertex 56.750426299301665 -102.83616305296509 1
endloop
endfacet
facet normal 0.9396925710928427 -0.34202027985621397 -3.9042464905083796e-14
outer loop
vertex 65.55929239999614 -78.63401264996855 4
vertex 56.750426299301665 -102.83616305296509 1
vertex 56.88831334688447 -102.45732168255022 1
endloop
endfacet
facet normal 0.9396925710928427 -0.34202027985621397 -3.9042464905083796e-14
outer loop
vertex 65.55929239999614 -78.63401264996855 4
vertex 56.88831334688447 -102.45732168255022 1
vertex 57.04562754463636 -102.02510468091273 1
endloop
endfacet
facet normal 0.9396925710928427 -0.34202027985621397 -3.9042464905083796e-14
outer loop
vertex 65.55929239999614 -78.63401264996855 4
vertex 57.04562754463636 -102.02510468091273 1
vertex 57.21632339619524 -101.55612190504033 1
endloop
endfacet
facet normal 0.9396925710928427 -0.34202027985621397 -3.9042464905083796e-14
outer loop
vertex 65.55929239999614 -78.63401264996855 4
vertex 57.21632339619524 -101.55612190504033 1
vertex 57.39384115569537 -101.06839609999999 1
endloop
endfacet
facet normal 0.9396925710928427 -0.34202027985621397 -3.9042464905083796e-14
outer loop
vertex 65.55929239999614 -78.63401264996855 4
vertex 57.39384115569537 -101.06839609999999 1
vertex 57.571358915195255 -100.58067029495967 1
endloop
endfacet
facet normal 0.9396925710928427 -0.34202027985621397 -3.9042464905083796e-14
outer loop
vertex 65.55929239999614 -78.63401264996855 4
vertex 57.571358915195255 -100.58067029495967 1
vertex 57.74205476674837 -100.11168751908747 1
endloop
endfacet
facet normal 0.9396925710928427 -0.34202027985621397 -3.9042464905083796e-14
outer loop
vertex 65.55929239999614 -78.63401264996855 4
vertex 57.74205476674837 -100.11168751908747 1
vertex 57.89936896451165 -99.67947051745074 1
endloop
endfacet
facet normal 0.9396925710928427 -0.34202027985621397 -3.9042464905083796e-14
outer loop
vertex 65.55929239999614 -78.63401264996855 4
vertex 57.89936896451165 -99.67947051745074 1
vertex 58.03725601208459 -99.30062914703399 1
endloop
endfacet
facet normal 0.9396925710928427 -0.34202027985621397 -3.9042464905083796e-14
outer loop
vertex 65.55929239999614 -78.63401264996855 4
vertex 58.03725601208459 -99.30062914703399 1
vertex 58.15041698755646 -98.98972206924381 1
endloop
endfacet
facet normal 0.9396925710928427 -0.34202027985621397 -3.9042464905083796e-14
outer loop
vertex 65.55929239999614 -78.63401264996855 4
vertex 58.15041698755646 -98.98972206924381 1
vertex 58.23450317810557 -98.7586972687211 1
endloop
endfacet
facet normal 0.9396925710928427 -0.34202027985621397 -3.9042464905083796e-14
outer loop
vertex 65.55929239999614 -78.63401264996855 4
vertex 58.23450317810557 -98.7586972687211 1
vertex 58.28628319857865 -98.61643289899182 1
endloop
endfacet
facet normal 0.9396925710928427 -0.34202027985621397 -3.9042464905083796e-14
outer loop
vertex 65.55929239999614 -78.63401264996855 4
vertex 58.28628319857865 -98.61643289899182 1
vertex 58.30376717183289 -98.56839610000023 1
endloop
endfacet
facet normal 0.9396925710928427 -0.34202027985621397 -3.9042464905083796e-14
outer loop
vertex 65.55929239999614 -78.63401264996855 4
vertex 58.30376717183289 -98.56839610000023 1
vertex 61.014943256916666 -91.11950455003074 1
endloop
endfacet
facet normal 0.9396925710928427 -0.34202027985621397 -3.9042464905083796e-14
outer loop
vertex 65.55929239999614 -78.63401264996855 4
vertex 61.014943256916666 -91.11950455003074 1
vertex 61.04804065799924 -91.02857023093345 1
endloop
endfacet
facet normal 0.9396925710928427 -0.34202027985621397 -3.9042464905083796e-14
outer loop
vertex 65.55929239999614 -78.63401264996855 4
vertex 61.04804065799924 -91.02857023093345 1
vertex 61.08437607625227 -90.92873953698528 1
endloop
endfacet
facet normal 0.9396925710928427 -0.34202027985621397 -3.9042464905083796e-14
outer loop
vertex 65.55929239999614 -78.63401264996855 4
vertex 61.08437607625227 -90.92873953698528 1
vertex 61.12373963482286 -90.82058909982761 1
endloop
endfacet
facet normal 0.9396925710928427 -0.34202027985621397 -3.9042464905083796e-14
outer loop
vertex 65.55929239999614 -78.63401264996855 4
vertex 61.12373963482286 -90.82058909982761 1
vertex 65.55929239999621 -78.63401264995414 1
endloop
endfacet
endsolid csg.js
